campus_id,ano,ndbi
us-0001,2013,-0.04410990910629933
us-0002,2013,0.06398136242853467
us-0003,2013,0.004682140063291796
us-0004,2013,-0.019280878119289812
us-0005,2013,0.018762691415813864
us-0006,2013,-0.035957511964653736
us-0007,2013,0.031680511659538106
us-0008,2013,-0.044614649809526424
us-0009,2013,-0.041353685004363726
us-0010,2013,0.011474512735550961
us-0011,2013,-0.15720113685627987
us-0012,2013,-0.13675482580065937
us-0013,2013,-0.10054855788126088
us-0014,2013,0.005772008946747365
us-0015,2013,0.0204971087289918
us-0016,2013,-0.03118159806966255
us-0017,2013,0.008173062237346528
us-0018,2013,0.041523284102150095
us-0019,2013,-0.01981338513379945
us-0020,2013,-0.038702695048361956
us-0021,2013,-0.034258743252240015
us-0022,2013,0.04594441161107533
us-0023,2013,0.015921742024824607
us-0024,2013,-0.08676887272982302
us-0025,2013,-0.09849393484918584
us-0026,2013,-0.031855939308021414
us-0027,2013,-0.14203342393206145
us-0028,2013,0.012448821789519492
us-0029,2013,-0.14347226385780257
us-0030,2013,-0.03160389988061963
us-0031,2013,-0.053750327272969974
us-0032,2013,-0.12066099625821615
us-0033,2013,0.10703232450868658
us-0034,2013,-0.014026320066710018
us-0035,2013,0.02897234787547782
us-0036,2013,-0.08773275970669078
us-0037,2013,-0.010947097269771857
us-0038,2013,-0.1045907297275771
us-0039,2013,0.03553546351365355
us-0040,2013,0.0064031397061157
us-0041,2013,-0.007991518145637876
us-0042,2013,0.04348017420070778
us-0043,2013,-0.03296343603205767
us-0044,2013,-0.022347738620135556
us-0045,2013,0.010530121318627577
us-0046,2013,-0.04068250998049285
us-0047,2013,-0.04006604003622758
us-0048,2013,0.024545968311917913
us-0049,2013,-0.07968733726849696
us-0050,2013,-0.00958433592983416
us-0051,2013,-0.14748467653575606
us-0052,2013,-0.036942723371591005
us-0053,2013,-0.06191889180503891
us-0054,2013,0.04159809094812439
us-0055,2013,0.04478796581615862
us-0056,2013,0.05678270816388016
us-0057,2013,-0.18661749078825926
us-0058,2013,0.05439718469080225
us-0059,2013,0.06583606093214238
us-0060,2013,-0.032909282513399675
us-0061,2013,-0.11035822658075464
us-0062,2013,-0.2861255177002652
us-0063,2013,-0.012494504942527072
us-0064,2013,0.024349709596969093
us-0065,2013,-0.038461232580653905
us-0066,2013,-0.05909926397729066
us-0067,2013,-0.018651748431267035
us-0068,2013,-0.0767952308023783
us-0069,2013,0.08449893203386949
us-0070,2013,-0.040309592577759464
us-0071,2013,-0.1927622235647181
us-0072,2013,-0.07164159333927196
us-0073,2013,0.051775339540829655
us-0074,2013,-0.0928708461694259
us-0075,2013,-0.06466508671184654
us-0076,2013,-0.005777778883891596
us-0077,2013,-0.25974046520844923
us-0078,2013,0.002641987064064149
us-0079,2013,-0.05714847726710514
us-0080,2013,-0.09405077269385902
us-0081,2013,0.1062813435436026
us-0082,2013,0.1159749680137623
us-0083,2013,-0.10986860967397027
us-0084,2013,-0.0651994019461164
us-0085,2013,0.08650641591179685
us-0086,2013,-0.032638836934228234
us-0087,2013,-0.06903325345235707
us-0088,2013,-0.10689903382489534
us-0089,2013,0.04103475543897326
us-0090,2013,-0.25942623416924615
us-0091,2013,0.012954348496617868
us-0092,2013,-0.02960051788062513
us-0093,2013,-0.03887205561112328
us-0094,2013,0.1152571902117881
us-0095,2013,-0.04079647530763275
us-0096,2013,-0.08841217456067599
us-0097,2013,-0.007337286855708662
us-0098,2013,-0.05283771604063609
us-0099,2013,0.04943754142427829
us-0100,2013,-0.03929375192780524
us-0101,2013,0.009548070672721192
us-0102,2013,-0.04843968908121335
us-0103,2013,-0.07955710255063012
us-0104,2013,0.05725521857031075
us-0105,2013,-0.018714442271095796
us-0106,2013,-0.048396671288595684
us-0107,2013,-0.020769667826740307
us-0108,2013,-0.13263377679465524
us-0109,2013,-0.02677542847279571
us-0110,2013,-4.6449495912999666e-05
us-0111,2013,0.005714709836797569
us-0112,2013,0.050881912469537945
us-0113,2013,-0.06555469644175452
us-0114,2013,0.10857630775728197
us-0115,2013,0.08385349247865757
us-0116,2013,-0.1786629796635279
us-0117,2013,-0.12355368572754373
us-0118,2013,0.0046854774179198744
us-0119,2013,0.026334520939812225
us-0120,2013,-0.08314735279650354
us-0121,2013,0.041276821274775194
us-0122,2013,-0.15890710633674823
us-0123,2013,0.1064147530238017
us-0124,2013,-0.12033210722882254
us-0125,2013,-0.08681964324231191
us-0126,2013,-0.015317115898513962
us-0127,2013,-0.11185090307876407
us-0128,2013,-0.013296549793476418
us-0129,2013,-0.11217519984539642
us-0130,2013,0.053357288455045976
us-0131,2013,-0.08663496780951398
us-0132,2013,0.04973777441880206
us-0133,2013,-0.02899631518885373
us-0134,2013,-0.14047947495781485
us-0135,2013,0.05600157074062113
us-0136,2013,-0.14242011395051468
us-0137,2013,-0.025572596814894658
us-0138,2013,0.013194316299982934
us-0139,2013,0.12201295145530498
us-0140,2013,-0.0014727020312636824
us-0141,2013,0.07521117162617649
us-0142,2013,-0.014341794746415419
us-0143,2013,-0.1764807129288129
us-0144,2013,-0.0322925971959512
us-0145,2013,-0.03589644394440077
us-0146,2013,0.00588557388070683
us-0147,2013,0.008530174950962827
us-0148,2013,-0.10277710081821785
us-0149,2013,-0.034714976145984684
us-0150,2013,0.0197673249083839
us-0151,2013,-0.0670488049498619
us-0152,2013,0.0005002563232349779
us-0153,2013,-0.08269222794770906
us-0154,2013,-0.10879058015577064
us-0155,2013,0.057655499071134604
us-0156,2013,0.14637798140091848
us-0157,2013,-0.08999194455653454
us-0158,2013,0.0032050192801089915
us-0159,2013,-0.05340736403901503
us-0160,2013,-0.08700194528500485
us-0161,2013,-0.012541940455990828
us-0162,2013,-0.3758169797923024
us-0163,2013,0.07869059627483617
us-0164,2013,-0.07938650005546968
us-0165,2013,-0.05793505124320347
us-0166,2013,0.0014057943128471368
us-0167,2013,-0.2068315376442908
us-0168,2013,-0.10416934918073673
us-0169,2013,-0.05602464556799119
us-0170,2013,-0.10314159525041647
us-0171,2013,0.027586157082419186
us-0172,2013,-0.2768081547282334
us-0173,2013,-0.19493283027466224
us-0174,2013,-0.07237126418001139
us-0175,2013,0.042834392505941905
us-0176,2013,-0.1011667510157095
us-0177,2013,-0.10758384507384602
us-0178,2013,-0.22874471982990302
us-0179,2013,0.12206965034578443
us-0180,2013,-0.05970149211576571
us-0181,2013,-0.048818401186266264
us-0182,2013,0.05760402218127765
us-0183,2013,-0.10530503649605731
us-0184,2013,0.10511156902606522
us-0185,2013,0.020024681875576423
us-0186,2013,-0.11354110344131402
us-0187,2013,0.03464861150884848
us-0188,2013,-0.1524491132617638
us-0189,2013,0.07582746334411347
us-0190,2013,0.019032900242572218
us-0191,2013,-0.0075628555790520245
us-0192,2013,-0.09349060066056088
us-0193,2013,-0.09311965645937115
us-0194,2013,0.07757547205294807
us-0195,2013,-0.0013758757669434022
us-0196,2013,-0.048186711079293
us-0197,2013,-0.09234905937266914
us-0198,2013,-0.08242961194305216
us-0199,2013,-0.09022106833284099
us-0200,2013,-0.0727464483572431
us-0201,2013,-0.02309064219154658
us-0202,2013,0.08515339967190545
us-0203,2013,-0.030226028771511735
us-0204,2013,-0.019452323967242394
us-0205,2013,-0.062267301786237614
us-0206,2013,-0.08399499645725607
us-0207,2013,-0.12074368261636612
us-0208,2013,0.029350196786978647
us-0209,2013,-0.034589636613698224
us-0210,2013,0.06425375835806167
us-0211,2013,0.07291450040335543
us-0212,2013,-0.06785024845100389
us-0213,2013,-0.11630593016407882
us-0214,2013,-0.07745739751602393
us-0215,2013,-0.05735434407604355
us-0216,2013,0.017911560852644857
us-0217,2013,0.1067150925961307
us-0218,2013,-0.07076238563159942
us-0219,2013,-0.21801918321839572
us-0220,2013,0.12052275051076924
us-0221,2013,-0.08152084819331155
us-0222,2013,-0.07099726458885054
us-0223,2013,0.049447267245114855
us-0224,2013,0.07577517527426389
us-0225,2013,0.03238052863036163
us-0226,2013,-0.07822056218833598
us-0227,2013,-0.031379684011220835
us-0228,2013,-0.06440371919083103
us-0229,2013,-0.005007319782111099
us-0230,2013,0.037900134004770186
us-0231,2013,0.08961294999994704
us-0232,2013,-0.059101601465304916
us-0233,2013,-0.04702354319110963
us-0234,2013,0.014977196871766171
us-0235,2013,0.10504596816668012
us-0236,2013,0.05685813990639635
us-0237,2013,-0.10892784344665395
us-0238,2013,0.011386683214809774
us-0239,2013,0.02798078174055233
us-0240,2013,-0.10179424887000584
us-0241,2013,0.10792536556836774
us-0242,2013,0.10616139248741173
us-0243,2013,-0.1515623440874409
us-0244,2013,0.05413995353868437
us-0245,2013,-0.10959719795940348
us-0246,2013,0.05030382060697761
us-0247,2013,-0.10420569278591386
us-0248,2013,-0.033022951311498815
us-0249,2013,-0.1454215584564592
us-0250,2013,0.03396682927163562
us-0251,2013,-0.08577899900762888
us-0252,2013,-0.09554759877559436
us-0253,2013,-0.014524606330915901
us-0254,2013,-0.22267422075672555
us-0255,2013,-0.060350578721391955
us-0256,2013,0.20369059343970655
us-0257,2013,0.029429856204132278
us-0258,2013,-0.07053571176746232
us-0259,2013,0.05578743641144224
us-0260,2013,-0.2831206947535126
us-0261,2013,-0.08117085642141555
us-0262,2013,-0.05722523604208148
us-0263,2013,-0.02606915842015551
us-0264,2013,0.022793232485504487
us-0265,2013,-0.045790183429802844
us-0266,2013,-0.02874175218900371
us-0267,2013,-0.013704478114421634
us-0268,2013,-0.12977991484211313
us-0269,2013,-0.04317988412508883
us-0270,2013,-0.01929036841556093
us-0271,2013,0.09545877820706063
us-0272,2013,-0.03985396625219217
us-0273,2013,-0.05165207236555129
us-0274,2013,-0.07928021441758056
us-0275,2013,-0.043847675925834544
us-0276,2013,-0.005089110206881987
us-0277,2013,-0.19456500615585223
us-0278,2013,0.01849046554049604
us-0279,2013,-0.09921963723852155
us-0280,2013,-0.07949274883852228
us-0281,2013,-0.0979363380267342
us-0282,2013,0.010117776057327485
us-0283,2013,-0.09382223716176653
us-0284,2013,-0.09168772158133127
us-0285,2013,-0.2270864605435644
us-0286,2013,-0.11469487476873866
us-0287,2013,-0.2467076145471986
us-0288,2013,-0.035240701150076575
us-0289,2013,0.021236283065021233
us-0290,2013,0.01285206034078111
us-0291,2013,-0.07259963069032324
us-0292,2013,-0.09058165445077061
us-0293,2013,-0.21490197134061956
us-0294,2013,-0.18940724712820048
us-0295,2013,-0.14061786902346515
us-0296,2013,0.015064444142609842
us-0297,2013,-0.01886506016000565
us-0298,2013,0.0005231160414676858
us-0299,2013,-0.05765840623214937
us-0300,2013,0.06153566217469994
us-0301,2013,-0.010141473772989365
us-0302,2013,0.06817977770714836
us-0303,2013,-0.14432790114368568
us-0304,2013,-0.20498196155818374
us-0305,2013,0.041541598248772654
us-0306,2013,0.033449637673202144
us-0307,2013,0.029948662149302495
us-0308,2013,-0.29771168740492776
us-0309,2013,0.010955323730073343
us-0310,2013,-0.05196229205111812
us-0311,2013,0.05688455933245409
us-0312,2013,-0.21025747908334508
us-0313,2013,-0.06429556187650688
us-0314,2013,-0.16371802271868965
us-0315,2013,-0.0617485715139432
us-0316,2013,-0.05026962341574927
us-0317,2013,-0.30448170273326636
us-0318,2013,-0.23488892321556318
us-0319,2013,-0.17864167260132716
us-0320,2013,-0.23708843090565734
us-0321,2013,0.12799303542275522
us-0322,2013,0.12932433051383502
us-0323,2013,-0.22340187335547668
us-0324,2013,-0.11677072894859775
us-0325,2013,0.01205287484621443
us-0326,2013,-0.0027148967873299036
us-0327,2013,-0.1201994845196291
us-0328,2013,-0.11479655684237915
us-0329,2013,0.020716556765843858
us-0330,2013,-0.24240760778166662
us-0331,2013,-0.12283284507680345
us-0332,2013,-0.0896687078015472
us-0333,2013,-0.3144048583128266
us-0334,2013,-0.03207708045561947
us-0335,2013,0.041002577164908835
us-0336,2013,0.13115550936185005
us-0337,2013,-0.03154848524873681
us-0338,2013,-0.07043529466347466
us-0339,2013,-0.099481710883521
us-0340,2013,-0.13623180169584792
us-0341,2013,-0.06898019771671496
us-0342,2013,-0.2769565035507352
us-0343,2013,0.07807426245780784
us-0344,2013,-0.04848786616291259
us-0345,2013,0.1056817947431877
us-0346,2013,-0.07676404515043317
us-0347,2013,-0.20324677444956843
us-0348,2013,-0.06934878650468196
us-0349,2013,-0.07926636891344759
us-0350,2013,0.018855032946016596
us-0351,2013,-0.41342341272678823
us-0352,2013,-0.02379467671271271
us-0353,2013,-0.18307160658925045
us-0354,2013,0.1169101728316257
us-0355,2013,-0.07611854728095042
us-0356,2013,-0.0762181270439001
us-0357,2013,0.06297934374378902
us-0358,2013,-0.3962057175745301
us-0359,2013,-0.05241119971347268
us-0360,2013,-0.017653676601736435
us-0361,2013,-0.2883761626894701
us-0362,2013,-0.44419999653549147
us-0363,2013,0.13880963610759697
us-0364,2013,-0.3785012741196263
us-0365,2013,-0.2949386212296173
us-0366,2013,0.035269211354961444
us-0367,2013,-0.4008327083058798
us-0368,2013,0.008103807898389069
us-0369,2013,0.1215161433527714
us-0370,2013,-0.06704381428649654
us-0371,2013,-0.5038686712834911
us-0372,2013,0.05081670680035407
us-0373,2013,0.08282055793034397
us-0374,2013,-0.04891204817217743
us-0375,2013,-0.07714829468079215
us-0376,2013,0.008171635577945214
us-0377,2013,-0.15721866968241938
us-0378,2013,-0.2737119222776808
us-0379,2013,-0.2515569088061057
us-0380,2013,-0.033042431468514974
us-0381,2013,-0.058468025021058925
us-0382,2013,-0.14757406474968487
us-0383,2013,-0.0884625670966336
us-0384,2013,-0.11786627612980229
us-0385,2013,0.017627076232856982
us-0386,2013,0.09731514533628784
us-0387,2013,-0.05232903666106858
us-0388,2013,0.21742896159800515
us-0389,2013,-0.08063029565799558
us-0390,2013,0.05527727651585659
us-0391,2013,-0.23404288679813304
us-0392,2013,-0.11094549793170458
us-0393,2013,0.014302491931144766
us-0394,2013,-0.01545394528567085
us-0395,2013,-0.05550806756433427
us-0396,2013,-0.42910089119338596
us-0397,2013,-0.028760824994414885
us-0398,2013,-0.3863348495078907
us-0399,2013,-0.21440396000353176
us-0400,2013,0.3047432157653708
us-0401,2013,-0.33786420939645634
us-0402,2013,-0.0068703105955240035
us-0403,2013,0.03453167469891035
us-0404,2013,-0.04808675805690105
us-0405,2013,-0.3323368204009294
us-0406,2013,-0.2764568441551
us-0407,2013,-0.22188226753836524
us-0408,2013,-0.3682490702849616
us-0409,2013,-0.10615317422281599
us-0410,2013,0.006452267309123716
us-0411,2013,0.012668079035045118
us-0412,2013,-0.1058004792699341
us-0413,2013,0.014808556601066517
us-0414,2013,-0.4580151443209711
us-0415,2013,-0.07145101824507777
us-0416,2013,-0.12148294933859186
us-0417,2013,-0.05578283246949253
us-0418,2013,-0.48517719061298253
us-0419,2013,-0.01961394406260118
us-0420,2013,-0.10401271856550812
us-0421,2013,-0.026529267922809328
us-0422,2013,-0.06261454069406289
us-0423,2013,-0.0857306992952177
us-0424,2013,-0.17197038724762048
us-0425,2013,-0.08853565968634161
us-0426,2013,-0.0072757578363219855
us-0427,2013,-0.002821080547353302
us-0428,2013,0.14286464537861152
us-0429,2013,0.013431464802616902
us-0430,2013,-0.4912765002151053
us-0431,2013,0.1572374878939664
us-0432,2013,-0.29260535700688967
us-0433,2013,0.036835271607310024
us-0434,2013,-0.15414428525063628
us-0435,2013,-0.09115344825583264
us-0436,2013,0.15366673769741943
us-0437,2013,-0.04829685519383685
us-0438,2013,-0.17979680676983348
us-0439,2013,-0.16426305393604174
us-0440,2013,-0.29170721307886543
us-0441,2013,-0.061975740452948534
us-0442,2013,0.18377623813834867
us-0443,2013,-0.2914278883617551
us-0444,2013,-0.19347765360071834
us-0445,2013,-0.1711872198314071
us-0446,2013,-0.3198673378223335
us-0447,2013,-0.18389012240521171
us-0448,2013,-0.3025301526088999
us-0449,2013,-0.016264371715897126
us-0450,2013,0.05383961136819402
us-0451,2013,-0.299527439452625
us-0452,2013,0.04180678425008385
us-0453,2013,-0.20060216122096763
us-0454,2013,0.11630685095768284
us-0455,2013,-0.08776341921315167
us-0456,2013,0.0799346240699951
us-0457,2013,0.10275944428161848
us-0458,2013,-0.010187193462746262
us-0459,2013,-0.11333434989020356
us-0460,2013,-0.33968286894165645
us-0461,2013,0.18949713196346102
us-0462,2013,-0.12751371032155448
us-0463,2013,0.10118413151508288
us-0464,2013,0.24703311190751134
us-0465,2013,-0.44969159635878714
us-0466,2013,0.061475028318534505
us-0467,2013,-0.028091388211471665
us-0468,2013,-0.2431006429395131
us-0469,2013,-0.21587050576438058
us-0470,2013,-0.1737438587014125
us-0471,2013,-0.152350622065185
us-0472,2013,0.060179735818233535
us-0473,2013,-0.3028321646403008
us-0474,2013,0.0002051142335034406
us-0475,2013,0.008898196633788267
us-0476,2013,-0.003468361946978355
us-0477,2013,0.07046511077807197
us-0478,2013,-0.2230412362967432
us-0479,2013,-0.35939341594812174
us-0480,2013,-0.1967797862541973
us-0481,2013,0.10151068173957284
us-0482,2013,0.01659678697271136
us-0001,2014,-0.04824365180705962
us-0002,2014,0.06776738813509726
us-0003,2014,0.001970329135551019
us-0004,2014,-0.02561628254274243
us-0005,2014,0.03435453419521394
us-0006,2014,-0.07596295928689946
us-0007,2014,0.0036485025407650973
us-0008,2014,-0.032205125686632155
us-0009,2014,-0.03588412451073283
us-0010,2014,0.044324094069517046
us-0011,2014,-0.1547228934157879
us-0012,2014,-0.1355948144309957
us-0013,2014,-0.011082827268980031
us-0014,2014,-0.019328984349438937
us-0015,2014,-0.009002776486495492
us-0016,2014,-0.08414624023080126
us-0017,2014,-0.04704515058108489
us-0018,2014,-0.11269967720146956
us-0019,2014,-0.058199416937417196
us-0020,2014,-0.04203456061284262
us-0021,2014,-0.018217490904181215
us-0022,2014,0.03366212077471047
us-0023,2014,0.013335209608587138
us-0024,2014,-0.15188121045629585
us-0025,2014,-0.09359226358374154
us-0026,2014,-0.0194256229500513
us-0027,2014,-0.13263156101843993
us-0028,2014,-0.03703087162309608
us-0029,2014,-0.17138891387737945
us-0030,2014,-0.052016388015103804
us-0031,2014,-0.03978646391573996
us-0032,2014,-0.11192545706659307
us-0033,2014,0.08412546971252804
us-0034,2014,-0.017524384183792364
us-0035,2014,0.011496591530867005
us-0036,2014,-0.09489974812914626
us-0037,2014,-0.050125740749504974
us-0038,2014,-0.10731620975887236
us-0039,2014,0.004159722481022921
us-0040,2014,-0.0001777836339474694
us-0041,2014,0.022529495758902587
us-0042,2014,0.04115045185217999
us-0043,2014,-0.08069735485748838
us-0044,2014,-0.03468278297346588
us-0045,2014,0.018255862339210078
us-0046,2014,-0.04530333792608648
us-0047,2014,-0.06630276494049728
us-0048,2014,0.01844574710991649
us-0049,2014,-0.09861791268572435
us-0050,2014,-0.024177827278683256
us-0051,2014,-0.14067427624478332
us-0052,2014,-0.05612439979361679
us-0053,2014,-0.062296202169620736
us-0054,2014,0.0298163702779506
us-0055,2014,0.028078968927992654
us-0056,2014,0.015550858774680085
us-0057,2014,-0.08918814319414269
us-0058,2014,0.06051882658990724
us-0059,2014,0.021678601334019918
us-0060,2014,-0.05440531972026394
us-0061,2014,-0.11474646803627939
us-0062,2014,-0.26761758853682527
us-0063,2014,-0.015328913746669205
us-0064,2014,-0.02334430350950164
us-0065,2014,-0.03846647945005051
us-0066,2014,-0.07503836487413687
us-0067,2014,-0.003408021752931391
us-0068,2014,-0.08509961927187919
us-0069,2014,0.09098711167557859
us-0070,2014,-0.043003281128498355
us-0071,2014,-0.18619615864376948
us-0072,2014,-0.07703964543269667
us-0073,2014,-0.028806912612016115
us-0074,2014,-0.09229839610268566
us-0075,2014,-0.067208990670446
us-0076,2014,0.0033166415671348187
us-0077,2014,-0.2761347134922906
us-0078,2014,0.007725860501459222
us-0079,2014,-0.04797620349424806
us-0080,2014,-0.10652243357018423
us-0081,2014,0.054815472513059633
us-0082,2014,0.1016877551508182
us-0083,2014,-0.11064481330890721
us-0084,2014,-0.11256125055358786
us-0085,2014,0.07229531324930931
us-0086,2014,-0.029329136169807184
us-0087,2014,-0.08318027273215209
us-0088,2014,-0.0860743585658329
us-0089,2014,0.00425994906641043
us-0090,2014,-0.23688970986819652
us-0091,2014,0.02111875424386767
us-0092,2014,-0.01623102768822172
us-0093,2014,-0.006514037497296173
us-0094,2014,0.10107977860518845
us-0095,2014,-0.05318429308055012
us-0096,2014,-0.04318029490132458
us-0097,2014,-0.06812384603732378
us-0098,2014,-0.0635683710638251
us-0099,2014,0.012152232325103696
us-0100,2014,-0.007586366332004424
us-0101,2014,0.00993855772758727
us-0102,2014,-0.0435795718376631
us-0103,2014,-0.10294872365682554
us-0104,2014,0.0483737546076017
us-0105,2014,-0.009077423975373679
us-0106,2014,-0.045005278212139475
us-0107,2014,-0.02512711964984634
us-0108,2014,-0.1300459113673731
us-0109,2014,-0.02257231135413563
us-0110,2014,0.003760559430077022
us-0111,2014,-0.05210749172671817
us-0112,2014,0.06525033177375372
us-0113,2014,-0.06982872985050938
us-0114,2014,0.0830923126819795
us-0115,2014,0.07334633879881489
us-0116,2014,-0.12788238658615667
us-0117,2014,-0.11798654615312239
us-0118,2014,-0.029860692265249577
us-0119,2014,0.0036690590676806724
us-0120,2014,-0.08857065614459712
us-0121,2014,
us-0122,2014,-0.1046164723843338
us-0123,2014,-0.051511964699612306
us-0124,2014,-0.10509956394714608
us-0125,2014,-0.09231517273088714
us-0126,2014,0.008855277891252383
us-0127,2014,-0.0828698406227692
us-0128,2014,0.013053968991498707
us-0129,2014,-0.04128242075594081
us-0130,2014,0.057093711165730684
us-0131,2014,-0.09861910231051854
us-0132,2014,0.04898485016195036
us-0133,2014,-0.03478562020244017
us-0134,2014,-0.1269358467977559
us-0135,2014,0.07404431736842017
us-0136,2014,-0.12013905450617193
us-0137,2014,-0.01909273072637265
us-0138,2014,0.00249196996479675
us-0139,2014,0.021571425134317306
us-0140,2014,-0.15402532911794437
us-0141,2014,0.042544111592226735
us-0142,2014,-0.052664168695737375
us-0143,2014,-0.15181061025919595
us-0144,2014,-0.026745870814236735
us-0145,2014,-0.06742831295992467
us-0146,2014,-0.04498552383720197
us-0147,2014,0.009358575150996012
us-0148,2014,-0.11116542241533846
us-0149,2014,-0.025650341253556218
us-0150,2014,-0.01978588818428073
us-0151,2014,-0.08191294416073516
us-0152,2014,-0.01613412502166937
us-0153,2014,-0.10364754122293082
us-0154,2014,-0.12726632800248455
us-0155,2014,0.0681391232589795
us-0156,2014,0.16716142959177596
us-0157,2014,-0.14840200693532146
us-0158,2014,-0.07304492760985445
us-0159,2014,-0.04761213099564726
us-0160,2014,-0.08113976056975106
us-0161,2014,-0.009509192302943843
us-0162,2014,-0.3756206531870899
us-0163,2014,0.06251241634124623
us-0164,2014,-0.034667989087744835
us-0165,2014,-0.057683965182669016
us-0166,2014,-0.007700515665958
us-0167,2014,-0.14492897535339455
us-0168,2014,-0.11599636977600734
us-0169,2014,-0.050001538596209
us-0170,2014,-0.10736672644335588
us-0171,2014,0.06129489474699611
us-0172,2014,-0.26345906107289624
us-0173,2014,-0.1695110912374066
us-0174,2014,-0.06622014781430423
us-0175,2014,0.06566888763054192
us-0176,2014,-0.06888496505378362
us-0177,2014,-0.09364860816628864
us-0178,2014,-0.26089515163796223
us-0179,2014,0.04045781635996311
us-0180,2014,-0.04919624409869715
us-0181,2014,-0.03175685761705552
us-0182,2014,0.08240564240443951
us-0183,2014,-0.10430886655438228
us-0184,2014,0.10947196813148574
us-0185,2014,-0.008747850934619317
us-0186,2014,-0.10066033639427656
us-0187,2014,0.02336728570864755
us-0188,2014,-0.18661719108705566
us-0189,2014,0.06377358174463509
us-0190,2014,-0.02021498699601148
us-0191,2014,-0.02253802812637628
us-0192,2014,-0.1042982964927752
us-0193,2014,-0.08661544555741164
us-0194,2014,0.059465258910401754
us-0195,2014,0.003629839983796101
us-0196,2014,-0.11300883695747971
us-0197,2014,-0.09472746864933779
us-0198,2014,-0.07592379007279806
us-0199,2014,-0.06949703427022066
us-0200,2014,-0.09267346834946713
us-0201,2014,0.006439731442385199
us-0202,2014,0.09905260906433225
us-0203,2014,-0.04141431765637961
us-0204,2014,-0.01750977710495592
us-0205,2014,-0.02102001072320579
us-0206,2014,-0.0560243587966666
us-0207,2014,-0.09947203619956364
us-0208,2014,0.02849296555526961
us-0209,2014,-0.03481043901020826
us-0210,2014,0.06661079564745392
us-0211,2014,0.07454056462465826
us-0212,2014,-0.043974369959628105
us-0213,2014,-0.11705660712819399
us-0214,2014,-0.07626905877561731
us-0215,2014,-0.03870560618783903
us-0216,2014,0.0008049965886811974
us-0217,2014,0.14886782817150257
us-0218,2014,-0.07602401089034459
us-0219,2014,-0.24952673197455744
us-0220,2014,-0.02210486936923566
us-0221,2014,-0.07744498755450553
us-0222,2014,-0.07350003584518601
us-0223,2014,0.0640299638642485
us-0224,2014,0.01346831673570834
us-0225,2014,0.05816963275539726
us-0226,2014,-0.04702154539422372
us-0227,2014,-0.05189826049784618
us-0228,2014,-0.08759755879435724
us-0229,2014,0.009325312767600302
us-0230,2014,-0.12427706991480926
us-0231,2014,0.08007657234179567
us-0232,2014,-0.026111222136427664
us-0233,2014,0.003400445268158808
us-0234,2014,-0.061449344812612654
us-0235,2014,0.05606779316155438
us-0236,2014,0.08044421702311733
us-0237,2014,-0.09795810442206533
us-0238,2014,0.017926345860371406
us-0239,2014,0.05086248728116801
us-0240,2014,-0.12691470520856485
us-0241,2014,0.07305613901104782
us-0242,2014,0.1471853841784467
us-0243,2014,-0.13780819406270595
us-0244,2014,0.07359230562255029
us-0245,2014,-0.07239067203851811
us-0246,2014,0.05597898485505308
us-0247,2014,-0.09582819955147974
us-0248,2014,-0.014722530652116041
us-0249,2014,-0.2384989169301311
us-0250,2014,-0.01620262101785639
us-0251,2014,-0.1138405526296745
us-0252,2014,-0.11732523566927654
us-0253,2014,-0.01132892254480027
us-0254,2014,-0.1543949864635612
us-0255,2014,-0.06590216891095615
us-0256,2014,0.11762493748035051
us-0257,2014,0.03124203400162697
us-0258,2014,0.13310714924420727
us-0259,2014,0.06256486229162289
us-0260,2014,-0.27981367402246443
us-0261,2014,-0.07810004927021447
us-0262,2014,-0.059921638333643584
us-0263,2014,-0.03213397086531887
us-0264,2014,-0.017564603175056853
us-0265,2014,-0.02282734582226853
us-0266,2014,-0.03727457390892163
us-0267,2014,-0.0021737792769771576
us-0268,2014,-0.16301840829241432
us-0269,2014,-0.03549356530814535
us-0270,2014,-0.014030196609656176
us-0271,2014,0.08464518004488521
us-0272,2014,-0.022627340691084023
us-0273,2014,-0.07996100325992356
us-0274,2014,-0.06850656861885968
us-0275,2014,-0.07371104246320814
us-0276,2014,-0.021408090802394794
us-0277,2014,-0.1552915355251336
us-0278,2014,0.03285098982323128
us-0279,2014,-0.13483010647239255
us-0280,2014,-0.10181290673800421
us-0281,2014,-0.1956798456436523
us-0282,2014,-0.04867367098583324
us-0283,2014,-0.09396426848441015
us-0284,2014,-0.07972315914126289
us-0285,2014,-0.21144074411894836
us-0286,2014,-0.12286920515957801
us-0287,2014,-0.2311140037664194
us-0288,2014,-0.0921104990091133
us-0289,2014,-0.0409733102104482
us-0290,2014,-0.062305738225463925
us-0291,2014,-0.07822446630295521
us-0292,2014,-0.09703555191556346
us-0293,2014,0.048491749759247395
us-0294,2014,-0.13839995400589813
us-0295,2014,-0.3912471119127426
us-0296,2014,0.001139479137111321
us-0297,2014,0.038989692841528235
us-0298,2014,-0.011116650613028476
us-0299,2014,-0.058942523443445596
us-0300,2014,0.06081907659428907
us-0301,2014,-0.07520080055894592
us-0302,2014,0.008005985355286915
us-0303,2014,-0.11156426228965508
us-0304,2014,-0.22156003844618996
us-0305,2014,0.033759772075953695
us-0306,2014,0.03753839491050391
us-0307,2014,-0.2096046321745297
us-0308,2014,-0.28230234271204857
us-0309,2014,0.04300469454671027
us-0310,2014,-0.051823580557691255
us-0311,2014,0.1378733487188532
us-0312,2014,-0.17812958974093115
us-0313,2014,-0.051470184674576924
us-0314,2014,-0.1315108520276309
us-0315,2014,-0.054709579050884576
us-0316,2014,-0.05206346917654474
us-0317,2014,-0.2939308558165177
us-0318,2014,-0.20407788682471756
us-0319,2014,-0.22116933459338683
us-0320,2014,-0.33301367153551537
us-0321,2014,0.03908143632331353
us-0322,2014,0.11471629816590696
us-0323,2014,-0.20149485557015923
us-0324,2014,-0.2195865704074234
us-0325,2014,-0.013567633385185995
us-0326,2014,-0.011376436614104828
us-0327,2014,-0.10001627480563982
us-0328,2014,-0.11844456697774233
us-0329,2014,0.03441704075269927
us-0330,2014,0.0025098353741590824
us-0331,2014,-0.11449290028404759
us-0332,2014,-0.13770503969107165
us-0333,2014,-0.28125823177965903
us-0334,2014,-0.02330888045307681
us-0335,2014,-0.007109845035855816
us-0336,2014,0.10361178369664481
us-0337,2014,-0.053422887077198895
us-0338,2014,-0.032480731157902946
us-0339,2014,-0.05994686129388116
us-0340,2014,-0.08294776684928422
us-0341,2014,-0.02640212295626873
us-0342,2014,-0.27457115333907345
us-0343,2014,0.09189255664004826
us-0344,2014,0.037113171718801206
us-0345,2014,0.08327042162097754
us-0346,2014,-0.046972320905312545
us-0347,2014,-0.23919054689949765
us-0348,2014,-0.05024835194094107
us-0349,2014,-0.08053023397928531
us-0350,2014,0.014994722021699814
us-0351,2014,-0.39344245578852516
us-0352,2014,0.010809888787368506
us-0353,2014,-0.15378106703480665
us-0354,2014,0.11450250243451854
us-0355,2014,-0.08730787024025043
us-0356,2014,-0.08026820496569448
us-0357,2014,0.058886430812267195
us-0358,2014,-0.37398247682646685
us-0359,2014,-0.020535835981473523
us-0360,2014,-0.07115204424463002
us-0361,2014,-0.16548315371951294
us-0362,2014,-0.40992315030921356
us-0363,2014,0.08272706142293561
us-0364,2014,0.0013947917316622922
us-0365,2014,-0.2907286753030964
us-0366,2014,-0.10973871425365533
us-0367,2014,-0.3973100710611422
us-0368,2014,0.009938890089535522
us-0369,2014,0.07192066212098253
us-0370,2014,-0.06903624049790309
us-0371,2014,-0.46854667432149755
us-0372,2014,0.06699641858134962
us-0373,2014,0.05729406139512788
us-0374,2014,-0.0245015336481672
us-0375,2014,-0.34485556834989634
us-0376,2014,0.037754897010980636
us-0377,2014,-0.14884695188243832
us-0378,2014,-0.2629326665905362
us-0379,2014,-0.2571166702830221
us-0380,2014,-0.47090959335785126
us-0381,2014,-0.061377426182192885
us-0382,2014,0.09884456826988355
us-0383,2014,-0.0805683673843585
us-0384,2014,-0.09978750312070439
us-0385,2014,0.009732048945248442
us-0386,2014,0.09149301947663409
us-0387,2014,-0.15580633812960334
us-0388,2014,0.13420166812794948
us-0389,2014,-0.08446487141785704
us-0390,2014,-0.03290631198226582
us-0391,2014,-0.19252745966067347
us-0392,2014,-0.1990591710724349
us-0393,2014,0.037172979785132086
us-0394,2014,-0.02044248719993159
us-0395,2014,-0.036527007153853104
us-0396,2014,-0.4239546301651357
us-0397,2014,-0.0583760872374914
us-0398,2014,-0.07144147653789595
us-0399,2014,-0.23001404289029892
us-0400,2014,0.23915348158181046
us-0401,2014,-0.0849563759964528
us-0402,2014,-0.006075504558402829
us-0403,2014,0.01630843781373387
us-0404,2014,-0.06355850541235789
us-0405,2014,-0.33917388915089336
us-0406,2014,-0.12540101418484204
us-0407,2014,-0.2747620569592871
us-0408,2014,-0.31665098397351726
us-0409,2014,-0.04701715951990791
us-0410,2014,-0.019519747615762764
us-0411,2014,-0.031003946349758234
us-0412,2014,-0.10272240869209184
us-0413,2014,-0.11044766086338735
us-0414,2014,-0.29517561011771926
us-0415,2014,-0.08113928305344785
us-0416,2014,-0.1273977885495282
us-0417,2014,-0.06254734393954602
us-0418,2014,-0.38785666884822706
us-0419,2014,-0.3693952636156596
us-0420,2014,-0.10109857160991723
us-0421,2014,-0.08163233731000286
us-0422,2014,-0.4116195105368895
us-0423,2014,-0.12497503177236984
us-0424,2014,-0.16462924760607317
us-0425,2014,-0.103095278339935
us-0426,2014,0.002427696684510609
us-0427,2014,0.10481021548183544
us-0428,2014,0.0194885679138757
us-0429,2014,0.004492698350874125
us-0430,2014,-0.5105627978186873
us-0431,2014,0.17170003369524786
us-0432,2014,-0.2649373377005223
us-0433,2014,0.06712142990404837
us-0434,2014,-0.18610462208740364
us-0435,2014,-0.22515312641577043
us-0436,2014,0.12939602533704825
us-0437,2014,-0.07794283357842051
us-0438,2014,-0.35244073325072983
us-0439,2014,-0.1375740833187284
us-0440,2014,-0.30872748968765484
us-0441,2014,0.010535956918020322
us-0442,2014,0.11786938029887499
us-0443,2014,-0.29910413961523985
us-0444,2014,-0.07122085305988154
us-0445,2014,-0.455912992377084
us-0446,2014,-0.35912424931267695
us-0447,2014,-0.3226799383723937
us-0448,2014,-0.31965391480574923
us-0449,2014,0.040316513649544736
us-0450,2014,-0.025094616065961115
us-0451,2014,-0.2881670225520212
us-0452,2014,0.02744785111840245
us-0453,2014,-0.19305030318156693
us-0454,2014,0.044196534156906164
us-0455,2014,-0.07599542638493749
us-0456,2014,0.019233190703422328
us-0457,2014,-0.03387283946600987
us-0458,2014,0.014734581511379062
us-0459,2014,-0.08579190625945006
us-0460,2014,0.010132836150568932
us-0461,2014,0.1455309229335542
us-0462,2014,-0.12304859380683976
us-0463,2014,-0.0020133794239822578
us-0464,2014,0.16918002375489724
us-0465,2014,-0.46839770683123655
us-0466,2014,0.08377387040705897
us-0467,2014,-0.0153228434121019
us-0468,2014,-0.28482765723330106
us-0469,2014,-0.38573122993114084
us-0470,2014,-0.16006335721267906
us-0471,2014,0.07692993174862134
us-0472,2014,0.09868403089158648
us-0473,2014,-0.35737166413256316
us-0474,2014,-0.058186248143115446
us-0475,2014,-0.020956616129942807
us-0476,2014,-0.0484699411382559
us-0477,2014,0.09455692304435248
us-0478,2014,-0.2246684128263017
us-0479,2014,-0.3592236884111951
us-0480,2014,-0.16520553907643956
us-0481,2014,0.06680640934552726
us-0482,2014,0.011823111752652089
us-0001,2015,-0.0370257062100188
us-0002,2015,0.07388272540961689
us-0003,2015,-0.0015139716763777618
us-0004,2015,-0.022542878454147063
us-0005,2015,0.04768596649949193
us-0006,2015,-0.03201221569704931
us-0007,2015,0.03809725080442376
us-0008,2015,-0.05480657089200615
us-0009,2015,-0.025835337880900033
us-0010,2015,0.0337710139143586
us-0011,2015,-0.11894728606369155
us-0012,2015,-0.13191115041635124
us-0013,2015,-0.07137206124735541
us-0014,2015,0.0007431157587975862
us-0015,2015,-0.022044325246891063
us-0016,2015,-0.05441342604111173
us-0017,2015,-0.012249255726154215
us-0018,2015,-0.12388756666158265
us-0019,2015,-0.05040225344108572
us-0020,2015,-0.03272335337684256
us-0021,2015,-0.026823125088247923
us-0022,2015,0.0265433572544505
us-0023,2015,-0.04882241245147493
us-0024,2015,-0.10719098268188552
us-0025,2015,-0.0826000901542017
us-0026,2015,-0.004874888962649738
us-0027,2015,-0.11312264604885976
us-0028,2015,-0.058194037874472
us-0029,2015,-0.14296355858955928
us-0030,2015,-0.039996444502083735
us-0031,2015,-0.04371695122451251
us-0032,2015,-0.1228074608188745
us-0033,2015,0.1328893904453455
us-0034,2015,-0.003433014531977095
us-0035,2015,0.10057756307349412
us-0036,2015,-0.09518570136278899
us-0037,2015,-0.007870531247912456
us-0038,2015,-0.08892245204657906
us-0039,2015,0.03828528617942997
us-0040,2015,0.020355920080111105
us-0041,2015,0.01530309398586283
us-0042,2015,-0.007321258281701845
us-0043,2015,-0.05590617908508465
us-0044,2015,-0.04141513877963912
us-0045,2015,0.01718607800285007
us-0046,2015,-0.042829062469692994
us-0047,2015,-0.003689841927607213
us-0048,2015,0.0161975761180557
us-0049,2015,-0.09714026734508986
us-0050,2015,-0.03406117781532383
us-0051,2015,-0.1390922196514392
us-0052,2015,-0.021122862089359665
us-0053,2015,-0.06611507517034666
us-0054,2015,0.017870191521508053
us-0055,2015,0.07879877483082343
us-0056,2015,-0.06145682721527195
us-0057,2015,-0.1250424409325826
us-0058,2015,0.06076861001621917
us-0059,2015,0.029818006452807265
us-0060,2015,-0.03316873434652719
us-0061,2015,-0.11598827419276113
us-0062,2015,-0.1778711343727015
us-0063,2015,-0.02735874452882105
us-0064,2015,0.03368801032094913
us-0065,2015,-0.041853682805081026
us-0066,2015,-0.0639341175320639
us-0067,2015,-0.012526229964936905
us-0068,2015,-0.06920213611655844
us-0069,2015,0.03503031954127605
us-0070,2015,-0.043553811474132696
us-0071,2015,-0.17494776815422833
us-0072,2015,-0.06607550158952218
us-0073,2015,0.026378224389733036
us-0074,2015,-0.09323439737840568
us-0075,2015,-0.06325337735387246
us-0076,2015,0.013059015702999142
us-0077,2015,-0.26402154528918953
us-0078,2015,-0.02417101860367265
us-0079,2015,-0.0450298860952867
us-0080,2015,-0.0698173512454499
us-0081,2015,0.029503370123083194
us-0082,2015,0.11363315752447233
us-0083,2015,-0.09808544620332046
us-0084,2015,-0.10876806697055544
us-0085,2015,0.05728669115713504
us-0086,2015,-0.002634636144006316
us-0087,2015,-0.07850969106774781
us-0088,2015,-0.08401730408812529
us-0089,2015,0.023918341461922045
us-0090,2015,-0.19649515525545183
us-0091,2015,0.05084522357725473
us-0092,2015,-0.015418037472770705
us-0093,2015,-0.03129765599523922
us-0094,2015,0.12440490647612484
us-0095,2015,-0.031610305760571646
us-0096,2015,-0.033901614560134886
us-0097,2015,-0.06029165137460698
us-0098,2015,-0.03986277293774072
us-0099,2015,0.030219645414740703
us-0100,2015,-0.058830045027958265
us-0101,2015,0.010940454251133136
us-0102,2015,-0.051312386883799584
us-0103,2015,-0.12669148523953883
us-0104,2015,0.041588893449526994
us-0105,2015,-0.0007487988403265016
us-0106,2015,-0.042061184561243053
us-0107,2015,-0.031107514726716294
us-0108,2015,-0.124812146557161
us-0109,2015,-0.02560895679245346
us-0110,2015,-0.0006863595655463204
us-0111,2015,-0.07421378290693174
us-0112,2015,0.061078455569345255
us-0113,2015,-0.062135564636592214
us-0114,2015,0.10335101016513658
us-0115,2015,0.07523309551855144
us-0116,2015,-0.10302504616923723
us-0117,2015,-0.06840729073510345
us-0118,2015,0.031763846129727456
us-0119,2015,0.03207751644809514
us-0120,2015,-0.06678552007412716
us-0121,2015,0.038783801671201705
us-0122,2015,-0.06699858601203994
us-0123,2015,-0.06405577406430822
us-0124,2015,-0.08000280724580139
us-0125,2015,-0.07983371134710837
us-0126,2015,0.0030809795034580545
us-0127,2015,-0.07017951176570184
us-0128,2015,0.03109359491525192
us-0129,2015,-0.06227179158590962
us-0130,2015,0.0846303639596645
us-0131,2015,-0.08986381443791751
us-0132,2015,0.032323716195040056
us-0133,2015,0.0021305888221463745
us-0134,2015,-0.10620643382217868
us-0135,2015,0.04989039848344572
us-0136,2015,-0.13693086743602634
us-0137,2015,-0.0557426818763675
us-0138,2015,-0.007041674221035162
us-0139,2015,-0.010148752117088605
us-0140,2015,-0.1718638579975722
us-0141,2015,0.07065197585912869
us-0142,2015,-0.007641157695444416
us-0143,2015,-0.1739780182511763
us-0144,2015,-0.029032299006956468
us-0145,2015,-0.022579136169773646
us-0146,2015,-0.010992524949579485
us-0147,2015,-1.716310527000671e-05
us-0148,2015,-0.1125726029522503
us-0149,2015,-0.010932118668791832
us-0150,2015,-0.012184635656601682
us-0151,2015,-0.06097106550584081
us-0152,2015,-0.02939676781151882
us-0153,2015,-0.08647869344684914
us-0154,2015,-0.13519210606064141
us-0155,2015,0.07025895939860204
us-0156,2015,0.15199663592175883
us-0157,2015,-0.09862542131986023
us-0158,2015,-0.0638603726636396
us-0159,2015,-0.05489549991762594
us-0160,2015,-0.08873415835673207
us-0161,2015,-0.01719154284327702
us-0162,2015,-0.3722810874367364
us-0163,2015,0.0907157896826248
us-0164,2015,-0.03730345792904833
us-0165,2015,-0.04053806391860144
us-0166,2015,-0.05325909850093767
us-0167,2015,-0.3003735051045877
us-0168,2015,-0.1204551837243208
us-0169,2015,-0.05719680668909709
us-0170,2015,-0.11346866863387842
us-0171,2015,0.03749923185862977
us-0172,2015,-0.28674359092854473
us-0173,2015,-0.13098489413491865
us-0174,2015,-0.07168022697996315
us-0175,2015,0.06145874869671306
us-0176,2015,-0.07741092258451851
us-0177,2015,-0.0793390286621804
us-0178,2015,0.0370439722606075
us-0179,2015,0.008048534356871992
us-0180,2015,-0.0539618795073286
us-0181,2015,0.00553952993644509
us-0182,2015,0.034969957257053284
us-0183,2015,-0.08897312577717817
us-0184,2015,0.11502746768151866
us-0185,2015,-0.0039233532813174425
us-0186,2015,-0.10592623000896763
us-0187,2015,0.031218279543668723
us-0188,2015,-0.24752156758739086
us-0189,2015,0.04747073292022474
us-0190,2015,-0.010340805574607053
us-0191,2015,-0.04360752370249759
us-0192,2015,-0.12290926686714283
us-0193,2015,-0.08568813687788823
us-0194,2015,0.06621811556255403
us-0195,2015,0.019632964195415686
us-0196,2015,0.06262888296807938
us-0197,2015,0.003881727115123853
us-0198,2015,-0.13063589038963386
us-0199,2015,-0.12526423719938057
us-0200,2015,-0.040022760799452606
us-0201,2015,-0.034653374019323925
us-0202,2015,0.09593177412252635
us-0203,2015,-0.03029039787624749
us-0204,2015,-0.011703075692262869
us-0205,2015,-0.058075548063440105
us-0206,2015,-0.031844061331046065
us-0207,2015,-0.06527108295663345
us-0208,2015,0.025716815828240373
us-0209,2015,-0.012332837234161191
us-0210,2015,0.07024941772612689
us-0211,2015,0.0763917645733915
us-0212,2015,-0.05665329464119713
us-0213,2015,-0.1306725223001611
us-0214,2015,-0.08395722882856425
us-0215,2015,-0.04710508333433552
us-0216,2015,0.00385390885775259
us-0217,2015,0.12869201646429085
us-0218,2015,-0.06543096129598114
us-0219,2015,-0.24393553522286288
us-0220,2015,0.0059732251224708065
us-0221,2015,-0.05054595113087257
us-0222,2015,-0.05900285106941364
us-0223,2015,0.06384593537989013
us-0224,2015,0.059046781650081454
us-0225,2015,0.06296931109528146
us-0226,2015,-0.05901154867480277
us-0227,2015,-0.048729096442733814
us-0228,2015,-0.08089594009043968
us-0229,2015,-0.02048184258638307
us-0230,2015,-0.1397428056081179
us-0231,2015,0.08382941273727987
us-0232,2015,-0.00707628107127571
us-0233,2015,0.02325843154207798
us-0234,2015,-0.015303188688890383
us-0235,2015,0.05470371787401476
us-0236,2015,0.07256678662228734
us-0237,2015,-0.0942677626602316
us-0238,2015,0.03247300139964228
us-0239,2015,0.06156009262045977
us-0240,2015,-0.1735172021788898
us-0241,2015,0.05489119687693098
us-0242,2015,0.16008092745296065
us-0243,2015,-0.12175693530159962
us-0244,2015,0.0489293418209228
us-0245,2015,-0.06576759722668082
us-0246,2015,0.05991397152540187
us-0247,2015,-0.11592732786812913
us-0248,2015,-0.024529410433269973
us-0249,2015,-0.28652824722667575
us-0250,2015,-0.07944094122526248
us-0251,2015,-0.09568933100634476
us-0252,2015,-0.12541356439402648
us-0253,2015,-0.012308543226369623
us-0254,2015,-0.20419786179613972
us-0255,2015,-0.08268648702002039
us-0256,2015,0.1295003333784511
us-0257,2015,0.015267239346103162
us-0258,2015,-0.09025938764962792
us-0259,2015,-0.029003998809350177
us-0260,2015,-0.21449172552451362
us-0261,2015,-0.0368744324506027
us-0262,2015,-0.07877088265997151
us-0263,2015,-0.05871045825175494
us-0264,2015,0.056659404498987355
us-0265,2015,0.08307720375751027
us-0266,2015,-0.036798255049297526
us-0267,2015,0.015606747828547513
us-0268,2015,-0.14251205896290095
us-0269,2015,-0.005295686157732384
us-0270,2015,-0.014944997414319415
us-0271,2015,0.06513020962943719
us-0272,2015,-0.044360469860785096
us-0273,2015,-0.12295771449783269
us-0274,2015,-0.08751196762892358
us-0275,2015,-0.07933967321114324
us-0276,2015,-0.006864174178419821
us-0277,2015,-0.1639754036935535
us-0278,2015,0.034608236431835256
us-0279,2015,-0.09777290340075745
us-0280,2015,-0.10748717712380265
us-0281,2015,-0.14534287607997892
us-0282,2015,-0.07620361505853303
us-0283,2015,-0.0906309854918866
us-0284,2015,-0.05581920444138684
us-0285,2015,-0.2072475029871294
us-0286,2015,-0.12936624427733853
us-0287,2015,-0.25066201813557093
us-0288,2015,-0.14524605761179374
us-0289,2015,-0.04818388644220275
us-0290,2015,-0.07128490084415644
us-0291,2015,-0.1375708401413127
us-0292,2015,-0.10448348032820101
us-0293,2015,-0.10992025225964916
us-0294,2015,-0.1871644759740102
us-0295,2015,-0.4229368586455925
us-0296,2015,0.07383230106129829
us-0297,2015,0.030741314754537424
us-0298,2015,-0.032982181172557516
us-0299,2015,-0.05469959135645848
us-0300,2015,0.07002229148986724
us-0301,2015,-0.041666002652425725
us-0302,2015,0.026102588355750692
us-0303,2015,-0.07266634218122653
us-0304,2015,-0.19859769885134432
us-0305,2015,0.040710980588535776
us-0306,2015,0.041189369805559393
us-0307,2015,-0.11265937057749292
us-0308,2015,-0.2260021879345802
us-0309,2015,0.03297734959294442
us-0310,2015,-0.026508027403857992
us-0311,2015,0.041415968629033816
us-0312,2015,-0.2345801693584819
us-0313,2015,-0.07128508600373375
us-0314,2015,-0.14806861144975528
us-0315,2015,-0.07684972171821625
us-0316,2015,-0.033174860101786136
us-0317,2015,-0.2695509751313268
us-0318,2015,-0.22247095952435977
us-0319,2015,-0.19344315272697213
us-0320,2015,-0.26098614984976715
us-0321,2015,0.00731599408984069
us-0322,2015,0.10900168957253542
us-0323,2015,0.027629807231933683
us-0324,2015,-0.11448674095297864
us-0325,2015,-0.025465988003996135
us-0326,2015,-0.01048628545991269
us-0327,2015,-0.08809875562277003
us-0328,2015,-0.06887751105304155
us-0329,2015,0.06276073671984403
us-0330,2015,-0.03849152848357748
us-0331,2015,-0.12894708528545776
us-0332,2015,0.04000468484357497
us-0333,2015,0.07936054929994756
us-0334,2015,-0.04113788740606517
us-0335,2015,0.0053281976604063605
us-0336,2015,0.09063032375889894
us-0337,2015,-0.06522654767442082
us-0338,2015,-0.04300244327611621
us-0339,2015,-0.05944429307909227
us-0340,2015,-0.09345777983374663
us-0341,2015,-0.059813508592132816
us-0342,2015,-0.2743133636097554
us-0343,2015,0.0806952859578837
us-0344,2015,-0.00789108031789153
us-0345,2015,0.04346870894844283
us-0346,2015,-0.037771678383713675
us-0347,2015,-0.2158865716755139
us-0348,2015,-0.07028466518470496
us-0349,2015,-0.06338951182728042
us-0350,2015,0.015067576282100623
us-0351,2015,-0.4051788440882324
us-0352,2015,-0.05175958202017574
us-0353,2015,-0.1273467653344491
us-0354,2015,0.09491953712734803
us-0355,2015,0.023487591935222596
us-0356,2015,-0.09525494246875191
us-0357,2015,0.08612901788101451
us-0358,2015,-0.41151906294695273
us-0359,2015,-0.03939897259902013
us-0360,2015,-0.1024773738659993
us-0361,2015,0.07779567778590898
us-0362,2015,-0.4402279086831398
us-0363,2015,0.06547986294539924
us-0364,2015,-0.0972388083557772
us-0365,2015,-0.2925826181309018
us-0366,2015,-0.3152044977496622
us-0367,2015,-0.39188071952986314
us-0368,2015,0.02600024564669231
us-0369,2015,0.0762967201317648
us-0370,2015,-0.08588302579025717
us-0371,2015,-0.35927025785501765
us-0372,2015,0.08576005043342151
us-0373,2015,0.07098231370748254
us-0374,2015,-0.07669997945644168
us-0375,2015,-0.407307071668566
us-0376,2015,0.02002677845079671
us-0377,2015,-0.10289100608908813
us-0378,2015,-0.23777290947442675
us-0379,2015,-0.2557192699134557
us-0380,2015,-0.4179711668880243
us-0381,2015,-0.05132884731490625
us-0382,2015,0.04076542063660254
us-0383,2015,-0.08322573389291256
us-0384,2015,-0.09622622889945438
us-0385,2015,-0.12000783555842548
us-0386,2015,0.09571662953450191
us-0387,2015,-0.18671538677168836
us-0388,2015,0.2200537959725309
us-0389,2015,-0.08200357127392717
us-0390,2015,0.03085392729901829
us-0391,2015,-0.27902634905847434
us-0392,2015,-0.19438699605708157
us-0393,2015,0.021080085796983665
us-0394,2015,-0.023464127206185556
us-0395,2015,-0.05558338668640957
us-0396,2015,-0.41131178104040816
us-0397,2015,-0.07974664382093541
us-0398,2015,0.014023779906239603
us-0399,2015,-0.2899113700722858
us-0400,2015,0.17657854873239404
us-0401,2015,-0.40505250426098766
us-0402,2015,0.006468967510059401
us-0403,2015,0.012993820976517877
us-0404,2015,0.012358705038595649
us-0405,2015,-0.3478966275814921
us-0406,2015,-0.19133368007658458
us-0407,2015,-0.32800988862118496
us-0408,2015,-0.2809676438590075
us-0409,2015,-0.0623104254404835
us-0410,2015,-0.02052112145881254
us-0411,2015,-0.06069632982993412
us-0412,2015,-0.14609197433899515
us-0413,2015,-0.011151039811933895
us-0414,2015,-0.466516630541238
us-0415,2015,-0.07668767402762428
us-0416,2015,-0.09820549038980625
us-0417,2015,-0.047559278401544176
us-0418,2015,-0.3683095795444937
us-0419,2015,-0.3082899954105889
us-0420,2015,-0.10038103000123334
us-0421,2015,0.06112928713547293
us-0422,2015,-0.3252845601841894
us-0423,2015,0.04746913832138849
us-0424,2015,-0.12278830771675361
us-0425,2015,-0.06699666328604412
us-0426,2015,-0.05144685739292166
us-0427,2015,-0.3633763205327368
us-0428,2015,0.073645104817629
us-0429,2015,0.009359914404383147
us-0430,2015,-0.48256522432573984
us-0431,2015,0.17539709652613936
us-0432,2015,-0.2621396548865998
us-0433,2015,-0.04294351039582433
us-0434,2015,-0.13804133434498217
us-0435,2015,-0.13657821774249876
us-0436,2015,0.11126928009526228
us-0437,2015,-0.052173085323467976
us-0438,2015,-0.3014637985278704
us-0439,2015,-0.18035968300426933
us-0440,2015,-0.29789552513425577
us-0441,2015,-0.055031378795098736
us-0442,2015,0.15675002995914572
us-0443,2015,-0.23090297027998063
us-0444,2015,-0.30696837157189305
us-0445,2015,-0.3798078345405601
us-0446,2015,-0.3010458092906576
us-0447,2015,-0.3038803146116096
us-0448,2015,-0.3003848394074555
us-0449,2015,0.13155440226874027
us-0450,2015,0.07151104071295059
us-0451,2015,-0.37823836051200577
us-0452,2015,-0.02764055721591261
us-0453,2015,-0.3041555603026694
us-0454,2015,0.0953750070803942
us-0455,2015,-0.16244124748886068
us-0456,2015,-0.013483779874576671
us-0457,2015,-0.004949132872310277
us-0458,2015,-0.018405692519195008
us-0459,2015,-0.008726839211782392
us-0460,2015,-0.02050542801972409
us-0461,2015,0.14630170293629383
us-0462,2015,-0.15921250420139588
us-0463,2015,-0.03227616091943481
us-0464,2015,0.10903943967465655
us-0465,2015,-0.43981030327844045
us-0466,2015,0.10144680211591832
us-0467,2015,-0.01800649348340184
us-0468,2015,-0.26217903899993106
us-0469,2015,0.005630810126655673
us-0470,2015,-0.18612760330303618
us-0471,2015,-0.05480764763301749
us-0472,2015,0.04471873809267332
us-0473,2015,-0.3062202086793169
us-0474,2015,-0.06883125870981768
us-0475,2015,0.01552994996106807
us-0476,2015,-0.07004692565496627
us-0477,2015,0.08706272744376845
us-0478,2015,-0.23688570933454178
us-0479,2015,-0.346678381785537
us-0480,2015,-0.18191394431159374
us-0481,2015,-0.0306423284084114
us-0482,2015,0.02154505862639284
us-0001,2016,-0.03132542512941889
us-0002,2016,0.06624391528326039
us-0003,2016,0.02103567202982049
us-0004,2016,0.005647652896093001
us-0005,2016,0.03314499906572387
us-0006,2016,-0.03560165242168575
us-0007,2016,0.03659354614872245
us-0008,2016,-0.04257109256984402
us-0009,2016,-0.006174131129860168
us-0010,2016,0.06917129240158545
us-0011,2016,-0.10194293044251655
us-0012,2016,-0.14049656916921194
us-0013,2016,-0.0784011118272198
us-0014,2016,-0.011699268823102234
us-0015,2016,0.006873000305863073
us-0016,2016,-0.10488593921939593
us-0017,2016,0.021747464915608115
us-0018,2016,-0.14492120763276073
us-0019,2016,-0.05309076500461014
us-0020,2016,-0.030922557929718746
us-0021,2016,-0.03816224621213279
us-0022,2016,0.006770015418524935
us-0023,2016,-0.028759896649583602
us-0024,2016,-0.0772401557239681
us-0025,2016,-0.09182874598925231
us-0026,2016,-0.021042993434414542
us-0027,2016,-0.06846749079759167
us-0028,2016,-0.061213685387587265
us-0029,2016,-0.1228125066234471
us-0030,2016,-0.021636380000796172
us-0031,2016,-0.07193696572422499
us-0032,2016,-0.12541897331795898
us-0033,2016,0.10219052173173669
us-0034,2016,-0.002567451239785325
us-0035,2016,0.0826078712986386
us-0036,2016,-0.09786274643792611
us-0037,2016,-0.014148641234650405
us-0038,2016,-0.1055866012237023
us-0039,2016,0.04246079344953715
us-0040,2016,0.00891772882919445
us-0041,2016,0.0038928694405852425
us-0042,2016,0.06398847036509013
us-0043,2016,-0.043039168800560135
us-0044,2016,-0.03014184177582275
us-0045,2016,0.012072075144145229
us-0046,2016,-0.018780085879185452
us-0047,2016,0.002339002675772033
us-0048,2016,0.019944686153820834
us-0049,2016,-0.10345300787645047
us-0050,2016,-0.02485416539662306
us-0051,2016,-0.1134190769989879
us-0052,2016,-0.03259621671550073
us-0053,2016,-0.06667071092205633
us-0054,2016,0.02239295562259268
us-0055,2016,0.04350351728873214
us-0056,2016,-0.05020475860184064
us-0057,2016,-0.004293938970920958
us-0058,2016,0.06125499116786968
us-0059,2016,0.03803490769826733
us-0060,2016,-0.040735227345560614
us-0061,2016,-0.10575866872516726
us-0062,2016,-0.22548846020621685
us-0063,2016,-0.030442361080763612
us-0064,2016,0.0018493924037185866
us-0065,2016,-0.0442235704609152
us-0066,2016,-0.06718158288746147
us-0067,2016,0.006102288427055905
us-0068,2016,-0.07964783655815731
us-0069,2016,-0.009028622049096914
us-0070,2016,-0.05717025298256691
us-0071,2016,-0.1838052043200067
us-0072,2016,-0.0031350270203300747
us-0073,2016,0.039923581968917814
us-0074,2016,-0.08419749330233028
us-0075,2016,-0.05821368956053787
us-0076,2016,0.012817450725098906
us-0077,2016,-0.08594382647931322
us-0078,2016,-0.022011732808608315
us-0079,2016,-0.023324963327102047
us-0080,2016,-0.07299514788852557
us-0081,2016,0.06680263592543045
us-0082,2016,0.04535076615481653
us-0083,2016,-0.12378310823098296
us-0084,2016,-0.07216409871432984
us-0085,2016,0.09220443288908516
us-0086,2016,-0.021115768958147055
us-0087,2016,-0.08545783022228039
us-0088,2016,-0.052243017454461096
us-0089,2016,0.03696672095055121
us-0090,2016,-0.18997009213188046
us-0091,2016,-0.040233572732014854
us-0092,2016,-0.0006304139878578265
us-0093,2016,-0.035275328274427226
us-0094,2016,0.12401796016960387
us-0095,2016,-0.03578319659361001
us-0096,2016,-0.09639781433329409
us-0097,2016,-0.0668498213526075
us-0098,2016,-0.04323086702347019
us-0099,2016,0.01545007858660824
us-0100,2016,-0.013045524801575873
us-0101,2016,0.018819994360600254
us-0102,2016,-0.05015643946718817
us-0103,2016,-0.1060009705118075
us-0104,2016,0.07954468194122746
us-0105,2016,-0.001981519948737382
us-0106,2016,-0.04164260342568696
us-0107,2016,-0.029346790121879723
us-0108,2016,-0.12129678864523766
us-0109,2016,-0.03394919714783791
us-0110,2016,-0.000629535482835129
us-0111,2016,-0.08201705788798166
us-0112,2016,0.0689475519266862
us-0113,2016,-0.05926409478606111
us-0114,2016,0.10773886068365375
us-0115,2016,0.0679038593131554
us-0116,2016,-0.07726373938856644
us-0117,2016,-0.09308873757450734
us-0118,2016,-0.006887004120995888
us-0119,2016,0.021757943800869456
us-0120,2016,-0.06633455406457203
us-0121,2016,0.04502765423804152
us-0122,2016,-0.0878144596193128
us-0123,2016,-0.04904635438741546
us-0124,2016,-0.07747167689238424
us-0125,2016,-0.08208659893517985
us-0126,2016,0.0035194765262321747
us-0127,2016,-0.11009658044842494
us-0128,2016,0.0053584240674218585
us-0129,2016,-0.0803737720282309
us-0130,2016,0.08128736750829876
us-0131,2016,-0.06783025157416651
us-0132,2016,0.029494070914816695
us-0133,2016,0.004954814596493683
us-0134,2016,-0.15630459542785993
us-0135,2016,0.15269216888903697
us-0136,2016,-0.1135699933244186
us-0137,2016,-0.0567318065318491
us-0138,2016,-0.010417579729277331
us-0139,2016,0.021208447002352603
us-0140,2016,-0.019286364369312615
us-0141,2016,0.08212024314882899
us-0142,2016,-0.006827123429992522
us-0143,2016,-0.15221704073624856
us-0144,2016,-0.0164295326873512
us-0145,2016,-0.03472835949572636
us-0146,2016,-0.042004224834308886
us-0147,2016,-0.00016089200467055533
us-0148,2016,-0.0992092296397734
us-0149,2016,-0.02465481049679376
us-0150,2016,0.01568352529338609
us-0151,2016,-0.060215358181036197
us-0152,2016,-0.026199373133686567
us-0153,2016,-0.08921052108355475
us-0154,2016,-0.0820849447453454
us-0155,2016,0.0667593256636346
us-0156,2016,0.04618288972163279
us-0157,2016,-0.15422112161159293
us-0158,2016,-0.08320898131167867
us-0159,2016,-0.036970841536203065
us-0160,2016,-0.06544681740861048
us-0161,2016,-0.00958685295125992
us-0162,2016,-0.3918408656064534
us-0163,2016,0.08849650684503434
us-0164,2016,-0.03253377525571337
us-0165,2016,-0.06286969513669378
us-0166,2016,-0.05332454418473973
us-0167,2016,-0.022066885023800827
us-0168,2016,-0.1200659925714665
us-0169,2016,-0.02374527477918545
us-0170,2016,-0.10203921344913965
us-0171,2016,0.02195863331710506
us-0172,2016,-0.27902599142576534
us-0173,2016,-0.1626379343254658
us-0174,2016,-0.06292623368975536
us-0175,2016,0.07213181042661979
us-0176,2016,-0.08150530401296095
us-0177,2016,-0.0759970835138088
us-0178,2016,-0.06284044882638253
us-0179,2016,0.017158558234571002
us-0180,2016,-0.03924763569778823
us-0181,2016,-0.011407185670954246
us-0182,2016,0.012717973388471217
us-0183,2016,-0.08583791932755781
us-0184,2016,0.10756022472696734
us-0185,2016,-0.004905004487029973
us-0186,2016,-0.10845045883363474
us-0187,2016,0.011093360494949361
us-0188,2016,-0.1354684800297866
us-0189,2016,0.07287732320658952
us-0190,2016,0.007631843936273858
us-0191,2016,-0.028750977125342865
us-0192,2016,-0.14176559483505374
us-0193,2016,-0.08301483536938692
us-0194,2016,0.0806482238991169
us-0195,2016,7.597115806785631e-05
us-0196,2016,0.05084055081944296
us-0197,2016,-0.0055864418207504886
us-0198,2016,-0.0619465452554738
us-0199,2016,-0.1255331423448542
us-0200,2016,-0.012874828689917494
us-0201,2016,-0.023256417339399836
us-0202,2016,0.08704847469318218
us-0203,2016,-0.03403650531562825
us-0204,2016,-0.00651052664649737
us-0205,2016,-0.035116128889190086
us-0206,2016,0.0010784663615355469
us-0207,2016,-0.0577428480441134
us-0208,2016,0.02383874809551109
us-0209,2016,-0.024199820009423664
us-0210,2016,0.07644022994789276
us-0211,2016,0.08394661761864047
us-0212,2016,-0.04794255408641523
us-0213,2016,-0.14112684981816528
us-0214,2016,-0.07750418474801256
us-0215,2016,-0.048120408373105175
us-0216,2016,0.011700662287827334
us-0217,2016,0.08914048135834617
us-0218,2016,-0.07215591546598739
us-0219,2016,-0.19568786750640368
us-0220,2016,0.01893112662780031
us-0221,2016,-0.07007712229606008
us-0222,2016,-0.04168134378562902
us-0223,2016,-0.02396915758500316
us-0224,2016,0.0408810921228252
us-0225,2016,0.0968053048411925
us-0226,2016,-0.05165873575951671
us-0227,2016,-0.057210190642813775
us-0228,2016,-0.07278000837776179
us-0229,2016,-0.015528880472136714
us-0230,2016,-0.055365747629916626
us-0231,2016,0.07344507108199864
us-0232,2016,-0.028535460445838025
us-0233,2016,0.032192243516577956
us-0234,2016,-0.02190994948423602
us-0235,2016,-0.020065041949470237
us-0236,2016,-0.037848851757165514
us-0237,2016,-0.08552327847520881
us-0238,2016,0.012404973671857179
us-0239,2016,-0.03139543086238461
us-0240,2016,-0.1773231911814603
us-0241,2016,0.06141644847282407
us-0242,2016,0.1736140784424294
us-0243,2016,-0.15569692245030153
us-0244,2016,-0.06647361507064246
us-0245,2016,-0.06966108027847785
us-0246,2016,0.03359675536112632
us-0247,2016,-0.08343943253849376
us-0248,2016,-0.02180459209467902
us-0249,2016,-0.24225992059366305
us-0250,2016,-0.0075371008153087594
us-0251,2016,-0.07320730434583002
us-0252,2016,-0.11453396022447444
us-0253,2016,-0.011910792509306534
us-0254,2016,-0.2755022108648711
us-0255,2016,-0.0693730443754705
us-0256,2016,0.13582278019826952
us-0257,2016,0.016770811071548562
us-0258,2016,0.1517561663396264
us-0259,2016,-0.01075494527991182
us-0260,2016,0.030445159972096084
us-0261,2016,-0.036356532620860076
us-0262,2016,-0.03940014563605025
us-0263,2016,-0.07117214672724448
us-0264,2016,0.03648219361795064
us-0265,2016,0.09878985216897893
us-0266,2016,-0.03795275238542342
us-0267,2016,0.01742819640304146
us-0268,2016,-0.13163015197829833
us-0269,2016,-0.008532393673557613
us-0270,2016,-0.023165168962580935
us-0271,2016,0.07003759852088018
us-0272,2016,-0.05823930584546665
us-0273,2016,-0.09827928148803389
us-0274,2016,-0.07808358966522216
us-0275,2016,-0.059383997345161726
us-0276,2016,-0.012878237490802922
us-0277,2016,-0.15171544178005197
us-0278,2016,0.05190227364541063
us-0279,2016,-0.0977609103841
us-0280,2016,-0.07108554565755554
us-0281,2016,-0.1468930957252811
us-0282,2016,-0.08500364325107845
us-0283,2016,-0.05517835813004213
us-0284,2016,-0.026178301092017284
us-0285,2016,-0.2210597203082881
us-0286,2016,-0.10791084608367323
us-0287,2016,-0.19360533853791329
us-0288,2016,-0.0873508958618934
us-0289,2016,-0.054948484557070694
us-0290,2016,-0.057061666270442346
us-0291,2016,-0.1054333178948253
us-0292,2016,-0.08095622681229903
us-0293,2016,-0.12168372963014935
us-0294,2016,-0.09779659719421378
us-0295,2016,-0.24869312303395452
us-0296,2016,-0.01853942432225519
us-0297,2016,0.026819193586144634
us-0298,2016,-0.020045214932285556
us-0299,2016,-0.025568294228763666
us-0300,2016,0.04998619890192878
us-0301,2016,-0.04530227340598487
us-0302,2016,-0.004147637704303351
us-0303,2016,-0.07085169053156816
us-0304,2016,-0.2239403876854296
us-0305,2016,0.03540664601099671
us-0306,2016,0.036247835062208134
us-0307,2016,-0.13533026043405447
us-0308,2016,-0.07262016093506583
us-0309,2016,0.05182572565299635
us-0310,2016,-0.0440700592697641
us-0311,2016,0.016962759582565018
us-0312,2016,-0.17832990144522717
us-0313,2016,-0.03482630599378903
us-0314,2016,-0.15349072321135684
us-0315,2016,-0.03917337332040743
us-0316,2016,-0.03982624843468987
us-0317,2016,-0.27980693372138316
us-0318,2016,-0.19135990568284195
us-0319,2016,-0.2361668035988296
us-0320,2016,-0.30765359754870164
us-0321,2016,0.0983242725275476
us-0322,2016,0.15765566171857248
us-0323,2016,-0.05357691478480495
us-0324,2016,-0.1817597265036056
us-0325,2016,0.020573294710614868
us-0326,2016,0.013730301489056726
us-0327,2016,-0.08705789545039107
us-0328,2016,-0.08710324953860175
us-0329,2016,0.04142675520851011
us-0330,2016,-0.07286335084581715
us-0331,2016,-0.1203102422100348
us-0332,2016,-0.12618582367684902
us-0333,2016,-0.05563134435048833
us-0334,2016,-0.032471990856587286
us-0335,2016,0.008129581384802532
us-0336,2016,0.12011621226278867
us-0337,2016,-0.05437208181686766
us-0338,2016,-0.015936971550892846
us-0339,2016,-0.04374012674380877
us-0340,2016,-0.08395318823386747
us-0341,2016,-0.1285436036193754
us-0342,2016,-0.27346931580547357
us-0343,2016,0.07612165397201606
us-0344,2016,-0.023554178074915486
us-0345,2016,0.06225408391714325
us-0346,2016,-0.037976444916292006
us-0347,2016,-0.19419964070563056
us-0348,2016,-0.03169584608967435
us-0349,2016,0.04938046386655146
us-0350,2016,0.015588337564265843
us-0351,2016,-0.4220093144211017
us-0352,2016,0.028053712044071377
us-0353,2016,-0.11687978704177232
us-0354,2016,0.13177209865367148
us-0355,2016,0.03469653635953997
us-0356,2016,-0.07296735899386218
us-0357,2016,0.06747710332852304
us-0358,2016,-0.4086920962076947
us-0359,2016,-0.028238551720236853
us-0360,2016,-0.06606290445974974
us-0361,2016,0.013552605623275362
us-0362,2016,-0.4272718824490072
us-0363,2016,0.11472126400403954
us-0364,2016,-0.10336904823419057
us-0365,2016,-0.2969735933037429
us-0366,2016,-0.14580121185094122
us-0367,2016,-0.40907687431664186
us-0368,2016,0.023587532209919403
us-0369,2016,0.057842948200241766
us-0370,2016,-0.06280472433684325
us-0371,2016,-0.49726468598288237
us-0372,2016,0.05127616211012382
us-0373,2016,0.06250589009978497
us-0374,2016,-0.027642173905211488
us-0375,2016,-0.2876465444773098
us-0376,2016,0.08014529202713083
us-0377,2016,-0.10597514853939993
us-0378,2016,-0.15924955043646835
us-0379,2016,-0.17113809004367725
us-0380,2016,-0.20806933702767755
us-0381,2016,-0.020551651876351423
us-0382,2016,-0.11371676316896603
us-0383,2016,-0.10510929800537092
us-0384,2016,-0.07981981601322947
us-0385,2016,-0.11587197528037164
us-0386,2016,0.18798330690208445
us-0387,2016,0.0743589118333113
us-0388,2016,0.21450652743128382
us-0389,2016,-0.07548773260733027
us-0390,2016,-0.07420580077124556
us-0391,2016,-0.3932257200582493
us-0392,2016,-0.2579695782976314
us-0393,2016,0.008867120557574713
us-0394,2016,-0.019056553345159804
us-0395,2016,-0.028250384445218355
us-0396,2016,-0.2173115651022149
us-0397,2016,-0.06421666377221515
us-0398,2016,-0.2736687532045207
us-0399,2016,-0.2243544159088105
us-0400,2016,0.291200802387173
us-0401,2016,-0.24302325613561385
us-0402,2016,-0.0024686319907902586
us-0403,2016,-0.03648979317017913
us-0404,2016,-0.007609604664787261
us-0405,2016,-0.3335200867111666
us-0406,2016,-0.21111528922518422
us-0407,2016,-0.4893554835320932
us-0408,2016,-0.18080780804010949
us-0409,2016,-0.024127553401083912
us-0410,2016,0.001592768563343391
us-0411,2016,-0.02458835030332537
us-0412,2016,-0.15891262542602003
us-0413,2016,-0.025954073888879176
us-0414,2016,-0.4470313966313431
us-0415,2016,-0.07838785296902709
us-0416,2016,-0.11769896420495121
us-0417,2016,-0.05042819668867658
us-0418,2016,-0.3083118845490598
us-0419,2016,-0.3051422957804216
us-0420,2016,-0.10839267917322787
us-0421,2016,0.019283495512648456
us-0422,2016,-0.43301981694727887
us-0423,2016,0.09242778468883783
us-0424,2016,-0.1296575581437355
us-0425,2016,-0.06664480264976179
us-0426,2016,-0.009455884768198065
us-0427,2016,0.10193002268774665
us-0428,2016,0.17281221151914433
us-0429,2016,0.011831290513686206
us-0430,2016,-0.4560159147493557
us-0431,2016,0.17881903111118228
us-0432,2016,-0.31130661584799524
us-0433,2016,0.08110573029903392
us-0434,2016,-0.023590453261179305
us-0435,2016,-0.11590844574904569
us-0436,2016,0.2016182834972716
us-0437,2016,-0.07997652559092475
us-0438,2016,-0.2621199496701297
us-0439,2016,-0.3199893565410982
us-0440,2016,-0.308898447083077
us-0441,2016,-0.13443841364425044
us-0442,2016,-0.15863364847577885
us-0443,2016,-0.1426913866936534
us-0444,2016,-0.3196969525460154
us-0445,2016,-0.43559994236135624
us-0446,2016,0.012613750574425096
us-0447,2016,-0.4227943259203402
us-0448,2016,-0.12424141589704499
us-0449,2016,0.08370910158170392
us-0450,2016,0.0751614107298096
us-0451,2016,-0.31267973647524083
us-0452,2016,-0.07841878134836541
us-0453,2016,-0.1772578991559747
us-0454,2016,0.15790244246624746
us-0455,2016,-0.09803188152252773
us-0456,2016,0.07106857710119723
us-0457,2016,0.013360561764938697
us-0458,2016,-0.021490211395840328
us-0459,2016,-0.03291462637020815
us-0460,2016,-0.05886771699018429
us-0461,2016,0.22255235926363326
us-0462,2016,-0.12829508369869327
us-0463,2016,0.013177744567096052
us-0464,2016,0.22476214653570245
us-0465,2016,-0.4729127766277977
us-0466,2016,0.08645099615686852
us-0467,2016,-0.048256492382432015
us-0468,2016,-0.2283070302907415
us-0469,2016,-0.25789140427766144
us-0470,2016,-0.2038948814327911
us-0471,2016,-0.05472817948039481
us-0472,2016,0.04117597791677478
us-0473,2016,-0.40707489844297395
us-0474,2016,-0.04598916777818476
us-0475,2016,-0.04294267709340076
us-0476,2016,0.030614861825497136
us-0477,2016,0.10121997963674119
us-0478,2016,-0.24343320245757052
us-0479,2016,-0.35365411132883373
us-0480,2016,-0.1654228189403086
us-0481,2016,-0.07516696523328366
us-0482,2016,0.027713613996995474
us-0001,2017,-0.014910310257119877
us-0002,2017,0.06337308858513994
us-0003,2017,0.0016539240456825749
us-0004,2017,0.00521982995542213
us-0005,2017,0.022434491912612944
us-0006,2017,-0.022549863847431222
us-0007,2017,0.025397921736687833
us-0008,2017,-0.0413007006187449
us-0009,2017,0.00565953544883097
us-0010,2017,0.03145841460434259
us-0011,2017,-0.10802389152927128
us-0012,2017,-0.15840827937035432
us-0013,2017,-0.1098845568029701
us-0014,2017,-0.0010478568417085364
us-0015,2017,0.004183881075062095
us-0016,2017,-0.09080096432897945
us-0017,2017,0.0053971285582033
us-0018,2017,-0.13040160866680628
us-0019,2017,-0.04319781589611546
us-0020,2017,-0.03780642653535809
us-0021,2017,-0.0027524905466391083
us-0022,2017,0.0004478017713766067
us-0023,2017,-0.04516704373437419
us-0024,2017,-0.09731239524946889
us-0025,2017,-0.07030878385907506
us-0026,2017,-0.013406847398330212
us-0027,2017,-0.134752816369425
us-0028,2017,-0.08792743268993806
us-0029,2017,-0.12459843424946342
us-0030,2017,-0.010838330201635483
us-0031,2017,-0.04301525811199046
us-0032,2017,-0.13602743162519865
us-0033,2017,0.13872761729005575
us-0034,2017,-0.0468085152015944
us-0035,2017,0.11993422112144941
us-0036,2017,-0.07892012295801304
us-0037,2017,-0.00562371552921054
us-0038,2017,-0.07476687784157218
us-0039,2017,0.03555036491103362
us-0040,2017,0.01714506431250489
us-0041,2017,-0.011165282317499055
us-0042,2017,0.10917789969537367
us-0043,2017,-0.07294268314741727
us-0044,2017,-0.02339650287825852
us-0045,2017,0.01742219668713835
us-0046,2017,-0.034872352896887684
us-0047,2017,-0.0256684003796489
us-0048,2017,0.03888637487982713
us-0049,2017,-0.09418882412175772
us-0050,2017,-0.00770840931448797
us-0051,2017,-0.04174807858216836
us-0052,2017,-0.02151547212951793
us-0053,2017,-0.06377973103150684
us-0054,2017,0.008840919343670187
us-0055,2017,0.02097909195872968
us-0056,2017,-0.04465373444236484
us-0057,2017,-0.04600070776704967
us-0058,2017,0.0605981775214014
us-0059,2017,0.03940913820585457
us-0060,2017,-0.041259855508478
us-0061,2017,-0.10453298397747215
us-0062,2017,-0.1567369352602644
us-0063,2017,-0.02032539284926161
us-0064,2017,0.00014782484443736786
us-0065,2017,-0.03785610515150005
us-0066,2017,-0.06575992150946192
us-0067,2017,-0.006299227358514462
us-0068,2017,-0.0819821545959504
us-0069,2017,-0.006122500803205614
us-0070,2017,-0.048523788548203904
us-0071,2017,-0.19935758865582176
us-0072,2017,-0.05815709387115021
us-0073,2017,0.011343054464672896
us-0074,2017,-0.08504698693158495
us-0075,2017,-0.07575010156771297
us-0076,2017,-0.01126767011736474
us-0077,2017,-0.10826332031674689
us-0078,2017,-0.03002359981409776
us-0079,2017,-0.03379991368518211
us-0080,2017,-0.10726061037067747
us-0081,2017,0.03732245502854221
us-0082,2017,0.026762174282254907
us-0083,2017,-0.10922575620994093
us-0084,2017,-0.06820903495950845
us-0085,2017,-0.019797467983313156
us-0086,2017,0.0008372415319182727
us-0087,2017,-0.0699405073012254
us-0088,2017,-0.087482900955369
us-0089,2017,0.03313311842327562
us-0090,2017,-0.21316014744749912
us-0091,2017,
us-0092,2017,-0.016989385764847348
us-0093,2017,-0.04291111189618296
us-0094,2017,0.1314817535008079
us-0095,2017,-0.016454297555645484
us-0096,2017,-0.043681736755073315
us-0097,2017,-0.06662661093718752
us-0098,2017,-0.0706325471421423
us-0099,2017,0.03695012497117943
us-0100,2017,-0.021796635711876684
us-0101,2017,0.021673155379621143
us-0102,2017,-0.050552182861559006
us-0103,2017,-0.1306350130928502
us-0104,2017,0.034558086618818096
us-0105,2017,0.003816263126697063
us-0106,2017,-0.05046459445480722
us-0107,2017,-0.01688483354298046
us-0108,2017,-0.12181978987604922
us-0109,2017,-0.04441992127582824
us-0110,2017,-0.01936358333543808
us-0111,2017,-0.06072139618886477
us-0112,2017,0.06128660074355525
us-0113,2017,-0.051925847119040754
us-0114,2017,0.11250112159473497
us-0115,2017,0.057506716982172336
us-0116,2017,-0.1322056310032989
us-0117,2017,-0.09250444484527572
us-0118,2017,0.01568275591982285
us-0119,2017,0.040037055487762443
us-0120,2017,-0.086738784753757
us-0121,2017,0.03354588028831791
us-0122,2017,-0.05607343684904103
us-0123,2017,-0.05389864679537085
us-0124,2017,-0.06516662776708894
us-0125,2017,-0.06726330307421025
us-0126,2017,0.0007574001493125909
us-0127,2017,-0.07299382127773206
us-0128,2017,0.024285894891966475
us-0129,2017,-0.0648227606982988
us-0130,2017,0.05175192020075816
us-0131,2017,-0.08266718736468152
us-0132,2017,0.04018942587127126
us-0133,2017,0.04710692327612192
us-0134,2017,-0.17377904021369556
us-0135,2017,0.0016455037503270654
us-0136,2017,-0.1250232473999138
us-0137,2017,-0.059443354064230056
us-0138,2017,0.009288171787592071
us-0139,2017,-0.08192799534805266
us-0140,2017,-0.08489855695204146
us-0141,2017,0.08804779185884644
us-0142,2017,-0.0018667258170570634
us-0143,2017,-0.14520781945252825
us-0144,2017,-0.01725899243144404
us-0145,2017,-0.023139061912126415
us-0146,2017,0.014226906699162978
us-0147,2017,-0.01078203093767003
us-0148,2017,-0.09019243839792715
us-0149,2017,-0.029106190711931622
us-0150,2017,0.0003095132515645818
us-0151,2017,-0.09488158129399714
us-0152,2017,-0.008425084473421744
us-0153,2017,-0.07895911534433073
us-0154,2017,-0.0978176413170135
us-0155,2017,0.07546494530502851
us-0156,2017,-0.025977339686489076
us-0157,2017,-0.15733726018648442
us-0158,2017,-0.06385801140735345
us-0159,2017,-0.03801299890766185
us-0160,2017,-0.06963604190717151
us-0161,2017,-0.008478993283314067
us-0162,2017,-0.362108912762024
us-0163,2017,0.052536163727188175
us-0164,2017,-0.12645827090963824
us-0165,2017,-0.628666419467531
us-0166,2017,-0.007010549818072409
us-0167,2017,-0.08933234886470856
us-0168,2017,-0.10447466015365962
us-0169,2017,0.011046131949962394
us-0170,2017,-0.10451743663022411
us-0171,2017,0.039032511143545834
us-0172,2017,-0.26716233486788793
us-0173,2017,-0.15005252604757588
us-0174,2017,-0.06631646275502968
us-0175,2017,0.07146957134496947
us-0176,2017,-0.09241972472625512
us-0177,2017,-0.10199089606469945
us-0178,2017,-0.02219068081390834
us-0179,2017,-0.04429268836448428
us-0180,2017,-0.05222474717357327
us-0181,2017,-0.0197232963489186
us-0182,2017,0.03818001055430369
us-0183,2017,-0.032917664106199
us-0184,2017,0.10837690112990471
us-0185,2017,0.014535600472338855
us-0186,2017,-0.09575677119566572
us-0187,2017,0.021085978539004725
us-0188,2017,-0.18122064930997542
us-0189,2017,0.07674750228101218
us-0190,2017,-0.013275920831780832
us-0191,2017,-0.01923877046393729
us-0192,2017,-0.1252523919770388
us-0193,2017,-0.06079802891057643
us-0194,2017,0.07970412595542911
us-0195,2017,-0.024425705800134156
us-0196,2017,0.03618264733766278
us-0197,2017,-0.01137725974921653
us-0198,2017,-0.014910133948349525
us-0199,2017,-0.11470661918325668
us-0200,2017,-0.05843539419480566
us-0201,2017,-0.0194834283043701
us-0202,2017,0.11190362821373263
us-0203,2017,-0.021666133196436545
us-0204,2017,-0.006137658215123496
us-0205,2017,-0.02118052268852784
us-0206,2017,-0.033625386195768284
us-0207,2017,-0.09921644727521065
us-0208,2017,0.03060628419597003
us-0209,2017,-0.010623165559108957
us-0210,2017,0.07134463511565887
us-0211,2017,0.06692808951509716
us-0212,2017,-0.08006675290376022
us-0213,2017,-0.16574721250787847
us-0214,2017,-0.08666155570192564
us-0215,2017,-0.04906485965776602
us-0216,2017,-0.02789895079449522
us-0217,2017,0.10285541560546321
us-0218,2017,-0.06805990246027914
us-0219,2017,-0.2349128329220207
us-0220,2017,0.006695188833159036
us-0221,2017,-0.05699718706542971
us-0222,2017,-0.08826529685345352
us-0223,2017,-0.05375406275346076
us-0224,2017,0.021969809765114163
us-0225,2017,0.08920749881273142
us-0226,2017,-0.0757929491986187
us-0227,2017,-0.06226404552865515
us-0228,2017,-0.08050501146880171
us-0229,2017,-0.0239041706082081
us-0230,2017,-0.026000130691394063
us-0231,2017,0.08349906316933091
us-0232,2017,-0.016087573718279968
us-0233,2017,0.025912685617592766
us-0234,2017,-0.01947638359356354
us-0235,2017,-0.04400820039681514
us-0236,2017,-0.03148698745999073
us-0237,2017,-0.09222488901671305
us-0238,2017,0.05832864265375934
us-0239,2017,-0.020753026760374636
us-0240,2017,-0.16122626707250304
us-0241,2017,0.05051629969416209
us-0242,2017,0.08854343800272549
us-0243,2017,-0.16569594296765527
us-0244,2017,-0.03280216905850581
us-0245,2017,-0.03529088580121754
us-0246,2017,0.05156401284479437
us-0247,2017,-0.09423711575255464
us-0248,2017,0.005608987870356017
us-0249,2017,-0.23479683768476434
us-0250,2017,-0.04663126941267644
us-0251,2017,-0.07484467154216469
us-0252,2017,-0.13509786992563877
us-0253,2017,-0.0069122167348300255
us-0254,2017,-0.11145333509326316
us-0255,2017,-0.08009639972721948
us-0256,2017,0.08244815704792859
us-0257,2017,-0.012941895684926583
us-0258,2017,0.04729426670063275
us-0259,2017,-0.051009503296826755
us-0260,2017,0.04415156932038251
us-0261,2017,0.019508555642965553
us-0262,2017,-0.06807352631721557
us-0263,2017,-0.0327140054126749
us-0264,2017,-0.07697424780673466
us-0265,2017,0.08224656650156408
us-0266,2017,-0.03751619910867497
us-0267,2017,-0.002867787593743252
us-0268,2017,-0.11265680191271323
us-0269,2017,-0.003265055438304283
us-0270,2017,-0.014971928252886338
us-0271,2017,0.09706374498831198
us-0272,2017,-0.059079118260083406
us-0273,2017,-0.08763109071663763
us-0274,2017,-0.06309357745885591
us-0275,2017,-0.08206897073403989
us-0276,2017,-0.017988690203270704
us-0277,2017,-0.15954817618772268
us-0278,2017,0.02326979319592632
us-0279,2017,-0.13835751462461257
us-0280,2017,-0.11339342822480487
us-0281,2017,-0.027175865230294558
us-0282,2017,-0.06974468483968768
us-0283,2017,-0.09272836798885013
us-0284,2017,-0.029623399443133785
us-0285,2017,-0.23081797569656518
us-0286,2017,-0.11690550623214588
us-0287,2017,-0.22483360604288652
us-0288,2017,-0.10667193341023659
us-0289,2017,-0.039404178855892216
us-0290,2017,-0.06288435319403828
us-0291,2017,-0.12250888064943992
us-0292,2017,-0.06841049056538741
us-0293,2017,-0.09644688014557767
us-0294,2017,-0.12682473921548618
us-0295,2017,-0.11585734448157363
us-0296,2017,-0.04184378051041613
us-0297,2017,0.03190952770742357
us-0298,2017,-0.023571411844506472
us-0299,2017,-0.03674134796922531
us-0300,2017,0.058193736696151084
us-0301,2017,-0.06425039496479938
us-0302,2017,0.06316276433826142
us-0303,2017,-0.1006589172576063
us-0304,2017,-0.19950402275355275
us-0305,2017,0.025126496524619034
us-0306,2017,0.0380650081561446
us-0307,2017,-0.12045907383014924
us-0308,2017,-0.18656174407406703
us-0309,2017,0.16883446270595842
us-0310,2017,-0.07086196822872981
us-0311,2017,0.0918891278982227
us-0312,2017,-0.20768385956042934
us-0313,2017,-0.07588458748954599
us-0314,2017,-0.15822663812140425
us-0315,2017,-0.03334112655336116
us-0316,2017,-0.03413718144650834
us-0317,2017,-0.26952334203028083
us-0318,2017,-0.24577496709203664
us-0319,2017,-0.2197236783112566
us-0320,2017,-0.27169633106053886
us-0321,2017,-0.021403824337380372
us-0322,2017,-0.05145626717823196
us-0323,2017,-0.04773803319216531
us-0324,2017,-0.1617174497376715
us-0325,2017,-0.06520524067999918
us-0326,2017,0.0027734036761097986
us-0327,2017,-0.06203560950651559
us-0328,2017,-0.10607234099919559
us-0329,2017,0.02287464419595953
us-0330,2017,-0.10405322782191247
us-0331,2017,-0.11562955001470313
us-0332,2017,-0.029935955843046067
us-0333,2017,-0.06840727029254806
us-0334,2017,0.0035240201592993143
us-0335,2017,0.014717933385072164
us-0336,2017,0.1296667803852691
us-0337,2017,-0.0530097919276375
us-0338,2017,-0.1076587015707914
us-0339,2017,0.02022952414205534
us-0340,2017,-0.08053192848171778
us-0341,2017,-0.09799215629390075
us-0342,2017,-0.25785284348640114
us-0343,2017,0.08457981565566083
us-0344,2017,-0.043657369237184954
us-0345,2017,0.04835670303239626
us-0346,2017,-0.03750563700153449
us-0347,2017,-0.1759202203807744
us-0348,2017,-0.04791511496266842
us-0349,2017,0.03793977595433927
us-0350,2017,0.01092419704269855
us-0351,2017,-0.3833960660106931
us-0352,2017,-0.0644685399679932
us-0353,2017,-0.06488820818402008
us-0354,2017,0.09971849728823994
us-0355,2017,0.017197267293568234
us-0356,2017,-0.07242648355288385
us-0357,2017,0.054024101949137496
us-0358,2017,-0.38416171894777296
us-0359,2017,-0.03318281135529526
us-0360,2017,-0.1526370204700239
us-0361,2017,0.027321280487195215
us-0362,2017,-0.4365272604350408
us-0363,2017,0.11214896414190156
us-0364,2017,-0.10766611432992232
us-0365,2017,-0.2713202666650046
us-0366,2017,-0.4833957729034453
us-0367,2017,-0.39623433778252254
us-0368,2017,0.02004749204867269
us-0369,2017,0.04409509512734441
us-0370,2017,-0.046737182805678526
us-0371,2017,-0.12121161170917769
us-0372,2017,0.05594305567271492
us-0373,2017,0.060772327079002944
us-0374,2017,-0.035135949560742695
us-0375,2017,-0.38527333177335704
us-0376,2017,-0.09961121696997012
us-0377,2017,-0.054671861394219506
us-0378,2017,-0.26055338414654655
us-0379,2017,-0.28471119784023335
us-0380,2017,-0.35136043376099046
us-0381,2017,-0.03724289622816116
us-0382,2017,-0.3290275067834561
us-0383,2017,-0.11699647483481235
us-0384,2017,-0.12100291091033785
us-0385,2017,-0.13423407069647045
us-0386,2017,0.22841135875177165
us-0387,2017,-0.04887505909443782
us-0388,2017,0.15932859988515446
us-0389,2017,-0.09989172596190397
us-0390,2017,-0.032877676819040566
us-0391,2017,-0.3648557976206732
us-0392,2017,-0.19192891258973555
us-0393,2017,-0.08676367841855835
us-0394,2017,-0.026102994445536
us-0395,2017,-0.030084287111180302
us-0396,2017,-0.046901757902894664
us-0397,2017,-0.05322635532498327
us-0398,2017,-0.3494019789313591
us-0399,2017,-0.4197361879341899
us-0400,2017,0.13007436640180295
us-0401,2017,-0.2659769796918563
us-0402,2017,0.02620621613011987
us-0403,2017,-0.027746605714327112
us-0404,2017,-0.05768101705852181
us-0405,2017,-0.36932089997489004
us-0406,2017,-0.23858868343715448
us-0407,2017,-0.07330746292672671
us-0408,2017,-0.3318131682839814
us-0409,2017,-0.05568800816582805
us-0410,2017,-0.003416532452805083
us-0411,2017,-0.022697273482741476
us-0412,2017,-0.13554802537189453
us-0413,2017,-0.060967430734249865
us-0414,2017,-0.2183834033754769
us-0415,2017,-0.0699624250528966
us-0416,2017,-0.10526057920244841
us-0417,2017,-0.020223126925350082
us-0418,2017,-0.22509406859158518
us-0419,2017,-0.1978200019475501
us-0420,2017,-0.11529905240661753
us-0421,2017,-0.0619273326760771
us-0422,2017,-0.4295699988844117
us-0423,2017,0.07499582784485635
us-0424,2017,-0.12134759189032014
us-0425,2017,-0.08646391930550523
us-0426,2017,-0.06313016234690969
us-0427,2017,0.09052771088057679
us-0428,2017,0.22711853041556315
us-0429,2017,0.0010894325047043575
us-0430,2017,-0.4806779158114316
us-0431,2017,0.19115906752098258
us-0432,2017,-0.3600668088330954
us-0433,2017,0.01725558694376749
us-0434,2017,-0.1816881380328671
us-0435,2017,-0.09729142454053466
us-0436,2017,0.23078648540680075
us-0437,2017,-0.048342900657598366
us-0438,2017,-0.19607253298565722
us-0439,2017,-0.11595650829994848
us-0440,2017,-0.3125532533035459
us-0441,2017,0.1167662834849684
us-0442,2017,0.14467690479799242
us-0443,2017,-0.2085765385893822
us-0444,2017,-0.3551161457535661
us-0445,2017,-0.10319374036162902
us-0446,2017,0.031094534987398347
us-0447,2017,-0.5278814502899281
us-0448,2017,-0.2307136753366338
us-0449,2017,-0.02933334941155129
us-0450,2017,0.10205364065476458
us-0451,2017,-0.054814353641115275
us-0452,2017,0.0193158954461009
us-0453,2017,-0.227659519951206
us-0454,2017,0.18957477330734063
us-0455,2017,-0.07880430739588841
us-0456,2017,0.0961646841374373
us-0457,2017,0.028781019621152742
us-0458,2017,-0.027953492744250002
us-0459,2017,0.024003626144809064
us-0460,2017,-0.11987451201363844
us-0461,2017,0.07971024990375622
us-0462,2017,-0.17890100555672847
us-0463,2017,0.012199689105905421
us-0464,2017,0.1356099862778465
us-0465,2017,-0.4969784205740458
us-0466,2017,0.0952571726852529
us-0467,2017,-0.016069771142075678
us-0468,2017,-0.2824801087371131
us-0469,2017,0.011428308185265705
us-0470,2017,-0.19386913735057276
us-0471,2017,-0.04956309832242278
us-0472,2017,0.09303905309377329
us-0473,2017,-0.3527370230017241
us-0474,2017,-0.048372221424424565
us-0475,2017,-0.030357397963134875
us-0476,2017,-0.022437851820209288
us-0477,2017,0.11627515982428833
us-0478,2017,-0.2596650007498056
us-0479,2017,-0.2794541704544344
us-0480,2017,-0.13287470225799516
us-0481,2017,-0.023545123329377887
us-0482,2017,0.02277602801350847
us-0001,2018,-0.02745439300673652
us-0002,2018,0.047462336553861145
us-0003,2018,-0.032643372241831
us-0004,2018,0.01616427707138419
us-0005,2018,0.03523892736945169
us-0006,2018,-0.028707577606660456
us-0007,2018,0.024890761951442856
us-0008,2018,-0.02876025840235309
us-0009,2018,0.008550294173386711
us-0010,2018,0.008133932368559428
us-0011,2018,-0.09786662060575654
us-0012,2018,-0.1711670514409104
us-0013,2018,-0.07031952923161722
us-0014,2018,-0.028371685647790724
us-0015,2018,0.010834858554276435
us-0016,2018,-0.09693018392019738
us-0017,2018,-0.003851881039988595
us-0018,2018,-0.11598416685578523
us-0019,2018,-0.056736531885484456
us-0020,2018,-0.03491469883481849
us-0021,2018,0.01962224458096639
us-0022,2018,-0.036991511847607635
us-0023,2018,-0.016359372076073433
us-0024,2018,-0.10947205227948194
us-0025,2018,-0.060180752921615094
us-0026,2018,-3.9448264650868995e-05
us-0027,2018,-0.10508589453334773
us-0028,2018,-0.049599322126052246
us-0029,2018,-0.15300085478027448
us-0030,2018,-0.032780450547777534
us-0031,2018,-0.04177357710577312
us-0032,2018,-0.11807263340482577
us-0033,2018,0.12215616961029535
us-0034,2018,-0.04883387871170633
us-0035,2018,0.09228670697229008
us-0036,2018,-0.08890905470536146
us-0037,2018,-0.012307349526620577
us-0038,2018,-0.07819164004454979
us-0039,2018,0.034680773082278724
us-0040,2018,-0.057391842435017645
us-0041,2018,0.0173301565519621
us-0042,2018,0.055601849678707016
us-0043,2018,-0.0657580965330932
us-0044,2018,-0.03093356652723077
us-0045,2018,0.023582867272366144
us-0046,2018,-0.03718486470678904
us-0047,2018,-0.03324830330154822
us-0048,2018,0.018138114009857386
us-0049,2018,-0.08727535837746114
us-0050,2018,-0.013399477895342644
us-0051,2018,-0.10301900726369798
us-0052,2018,-0.0391434453914072
us-0053,2018,-0.06560438554191104
us-0054,2018,-0.0009478272600317747
us-0055,2018,0.045113837354082004
us-0056,2018,-0.05088610440870371
us-0057,2018,-0.1663876260981847
us-0058,2018,0.06158678783509797
us-0059,2018,0.018059198869095114
us-0060,2018,-0.018907470467230583
us-0061,2018,-0.1041642251713682
us-0062,2018,-0.06622579739955274
us-0063,2018,-0.015471188448973505
us-0064,2018,-0.0004979910855765294
us-0065,2018,-0.04503638430972273
us-0066,2018,-0.07014510950164715
us-0067,2018,-0.010249469626901628
us-0068,2018,-0.0864288468523081
us-0069,2018,-0.012393412430020886
us-0070,2018,-0.05470455710073175
us-0071,2018,-0.1724800993271262
us-0072,2018,-0.03151669264617912
us-0073,2018,0.023686213805748074
us-0074,2018,-0.08452136906750743
us-0075,2018,-0.06905093235840583
us-0076,2018,-0.0041746064481630405
us-0077,2018,-0.13611111890350716
us-0078,2018,-0.030062891807832226
us-0079,2018,-0.03602356667939475
us-0080,2018,-0.09416415830556436
us-0081,2018,0.027005524917616056
us-0082,2018,0.030959901789918327
us-0083,2018,-0.10770642709998025
us-0084,2018,-0.09718503131073766
us-0085,2018,0.02385253695308653
us-0086,2018,-0.061847536491884826
us-0087,2018,-0.06962958593563166
us-0088,2018,-0.10843447468529896
us-0089,2018,0.010360359953144332
us-0090,2018,-0.11998087934356656
us-0091,2018,0.029097578937678767
us-0092,2018,-0.01246826783100376
us-0093,2018,0.02177949972378519
us-0094,2018,0.03498947683739068
us-0095,2018,-0.021302517355528357
us-0096,2018,-0.05465771010786082
us-0097,2018,-0.03832181914039791
us-0098,2018,-0.05811770536174041
us-0099,2018,0.0064131920105256375
us-0100,2018,-0.043726275958851264
us-0101,2018,0.030325209678766677
us-0102,2018,-0.04563881955837466
us-0103,2018,-0.14975279051280393
us-0104,2018,0.05578483831908148
us-0105,2018,0.009630649977409476
us-0106,2018,-0.050337072237855454
us-0107,2018,-0.01300874938649276
us-0108,2018,-0.1093073792395953
us-0109,2018,-0.03544481849641821
us-0110,2018,-0.01700378497145737
us-0111,2018,-0.054745352164683125
us-0112,2018,0.03132308725271341
us-0113,2018,-0.042083613701382624
us-0114,2018,-0.016246408943359256
us-0115,2018,0.034377477228939454
us-0116,2018,-0.05320084311394108
us-0117,2018,-0.09036444831543217
us-0118,2018,0.011163506083430372
us-0119,2018,0.013655654077827487
us-0120,2018,-0.08440812039037408
us-0121,2018,0.048253016247584705
us-0122,2018,-0.05716829609412659
us-0123,2018,-0.054480902210416154
us-0124,2018,-0.10793128058223224
us-0125,2018,-0.031204551691932897
us-0126,2018,0.0040903082255739
us-0127,2018,-0.10521678575976905
us-0128,2018,0.017442595534918726
us-0129,2018,-0.056942424682713426
us-0130,2018,-0.03613904300554487
us-0131,2018,-0.08010241231361022
us-0132,2018,0.06440983515130434
us-0133,2018,0.025504966985561834
us-0134,2018,-0.12269338722042797
us-0135,2018,0.00043756911726273073
us-0136,2018,-0.08510712738677265
us-0137,2018,-0.02969029917370629
us-0138,2018,0.008558451518288693
us-0139,2018,-0.07834744258250965
us-0140,2018,-0.04538192811512411
us-0141,2018,0.10114068724832072
us-0142,2018,0.007698282357339059
us-0143,2018,-0.1345933676898095
us-0144,2018,-0.008775427285328234
us-0145,2018,-0.06092223953643022
us-0146,2018,0.0011213333351896189
us-0147,2018,-0.03125692265717006
us-0148,2018,-0.09161489908389699
us-0149,2018,-0.013987448065614735
us-0150,2018,-0.039023001899857954
us-0151,2018,-0.08095522730395013
us-0152,2018,-0.032732088341034214
us-0153,2018,-0.08074293879262122
us-0154,2018,-0.11070008949428797
us-0155,2018,0.0768967805679464
us-0156,2018,-0.018910745955482925
us-0157,2018,-0.12585910051114457
us-0158,2018,-0.04522063159259127
us-0159,2018,-0.03417308613576105
us-0160,2018,-0.06066338629807633
us-0161,2018,-0.0005112910062914557
us-0162,2018,-0.2614601595230918
us-0163,2018,0.0894598033470726
us-0164,2018,-0.019993085479493865
us-0165,2018,-0.02475758929625487
us-0166,2018,0.025691710761668256
us-0167,2018,-0.08511691227003074
us-0168,2018,-0.10592674558958995
us-0169,2018,0.005375768667415155
us-0170,2018,-0.10239086160645522
us-0171,2018,0.020088133382673196
us-0172,2018,-0.14521181138899278
us-0173,2018,-0.1636091821347279
us-0174,2018,-0.06617633332032705
us-0175,2018,0.05310004694084039
us-0176,2018,-0.12406136895351065
us-0177,2018,-0.10250080487253073
us-0178,2018,-0.0737079469555952
us-0179,2018,-0.059416498428910273
us-0180,2018,-0.050268903633201946
us-0181,2018,-0.009267730392075365
us-0182,2018,0.07429277823194907
us-0183,2018,-0.027632841982845692
us-0184,2018,0.10410729647081753
us-0185,2018,0.010146678700370709
us-0186,2018,-0.08614005721749904
us-0187,2018,0.02115404486020585
us-0188,2018,-0.1957685505902845
us-0189,2018,0.11390448835920561
us-0190,2018,0.01099656523528959
us-0191,2018,-0.024220827691865208
us-0192,2018,-0.11663576512942601
us-0193,2018,-0.08708819931079483
us-0194,2018,0.056200110445170856
us-0195,2018,-0.01493548891557111
us-0196,2018,0.021333441521293302
us-0197,2018,-0.0011261739885091774
us-0198,2018,-0.007873687105806722
us-0199,2018,-0.12877070677998556
us-0200,2018,-0.0864382002120014
us-0201,2018,0.03164287278784242
us-0202,2018,0.10703386956323352
us-0203,2018,-0.07394245601176923
us-0204,2018,-0.01059729467455075
us-0205,2018,-0.055230637719172394
us-0206,2018,-0.05724466935711808
us-0207,2018,-0.08456218362299557
us-0208,2018,0.020993783680844747
us-0209,2018,-0.00844619187746245
us-0210,2018,0.047398633902781255
us-0211,2018,0.04411335836207141
us-0212,2018,-0.08665760831843045
us-0213,2018,-0.14686036655306756
us-0214,2018,-0.0908056657730505
us-0215,2018,-0.05787716486051577
us-0216,2018,-0.03286625173128854
us-0217,2018,0.13558307885847906
us-0218,2018,-0.11022306483197293
us-0219,2018,-0.20610601695018155
us-0220,2018,0.010857909135086358
us-0221,2018,-0.07111580074747202
us-0222,2018,-0.03282211051912361
us-0223,2018,-0.0605293074347274
us-0224,2018,0.011204415062052666
us-0225,2018,0.1183623419097903
us-0226,2018,-0.06030655763824242
us-0227,2018,-0.0453617082249344
us-0228,2018,-0.06285277824103505
us-0229,2018,-0.05459744677549485
us-0230,2018,0.03981805305182196
us-0231,2018,0.06272374096257229
us-0232,2018,-0.02381554415659325
us-0233,2018,0.03510785459617967
us-0234,2018,-0.040513103712223296
us-0235,2018,-0.08318470027125013
us-0236,2018,0.00666659447548654
us-0237,2018,-0.10114896010264135
us-0238,2018,0.05819869069845372
us-0239,2018,-0.05588315849674911
us-0240,2018,-0.17896695471938254
us-0241,2018,0.057699619470604244
us-0242,2018,0.06306046380926424
us-0243,2018,-0.16171528119260295
us-0244,2018,-0.025918206757863806
us-0245,2018,-0.02653157600848896
us-0246,2018,0.0709228534533897
us-0247,2018,-0.10826713210983256
us-0248,2018,0.023679099521888316
us-0249,2018,-0.15797862369621646
us-0250,2018,-0.030795182072694407
us-0251,2018,-0.08171370050084231
us-0252,2018,-0.15150399942513107
us-0253,2018,-0.003516243397308149
us-0254,2018,-0.22648392701137954
us-0255,2018,-0.09652020387951117
us-0256,2018,0.01297067315056621
us-0257,2018,0.012543167173800645
us-0258,2018,0.018907388369022764
us-0259,2018,-0.04742247739156866
us-0260,2018,0.005181911079365429
us-0261,2018,-0.06511020247180453
us-0262,2018,-0.062193150347532575
us-0263,2018,-0.02824708497088985
us-0264,2018,-0.11198718530599791
us-0265,2018,0.07080033884278472
us-0266,2018,-0.035970348977670735
us-0267,2018,0.015018375800409255
us-0268,2018,-0.09498546783191758
us-0269,2018,-0.021817882131724187
us-0270,2018,-0.013317345810949647
us-0271,2018,0.09493893109617559
us-0272,2018,-0.062355438402984006
us-0273,2018,-0.09715750732422232
us-0274,2018,-0.11169363870969243
us-0275,2018,-0.07202183232656187
us-0276,2018,0.023014303104077906
us-0277,2018,-0.22937682564329867
us-0278,2018,0.04799669607479319
us-0279,2018,-0.07640025335199352
us-0280,2018,-0.09798046629841928
us-0281,2018,-0.11189485456979696
us-0282,2018,-0.012980739144183646
us-0283,2018,-0.07666890293017949
us-0284,2018,-0.0341197065007655
us-0285,2018,-0.24802427063666144
us-0286,2018,-0.14553299400849673
us-0287,2018,-0.20953610494510705
us-0288,2018,-0.045947008093496014
us-0289,2018,-0.09387044452306252
us-0290,2018,-0.08087477796367196
us-0291,2018,-0.08414155431770878
us-0292,2018,-0.08468148582944011
us-0293,2018,-0.1075255571868447
us-0294,2018,-0.0919266555613824
us-0295,2018,-0.229789713948952
us-0296,2018,0.047403453901204824
us-0297,2018,0.006071842582174484
us-0298,2018,-0.011918240142691099
us-0299,2018,-0.058033662943420126
us-0300,2018,0.04181808064047573
us-0301,2018,-0.052389435703703836
us-0302,2018,0.0706529635804609
us-0303,2018,-0.10032031238946189
us-0304,2018,-0.20999989793613072
us-0305,2018,0.024574797119848432
us-0306,2018,0.03729068139350301
us-0307,2018,0.033432589807607625
us-0308,2018,-0.12765628131777687
us-0309,2018,0.08132912082091646
us-0310,2018,-0.05889193614175895
us-0311,2018,0.08389479074906142
us-0312,2018,-0.26434416206948164
us-0313,2018,-0.038993493636037754
us-0314,2018,-0.15343127074783494
us-0315,2018,-0.12478219033661507
us-0316,2018,-0.08551243286037041
us-0317,2018,-0.20901106911506626
us-0318,2018,-0.187553017507399
us-0319,2018,-0.2103683975747956
us-0320,2018,-0.2993721934693134
us-0321,2018,0.08946204475863899
us-0322,2018,0.10196625932810624
us-0323,2018,-0.04381259757233159
us-0324,2018,-0.2961987566911213
us-0325,2018,-0.05829925158992847
us-0326,2018,0.036955791154718955
us-0327,2018,-0.054622888524458596
us-0328,2018,-0.11239544486254588
us-0329,2018,0.03532688347146861
us-0330,2018,-0.08562328552755123
us-0331,2018,-0.111135648821434
us-0332,2018,-0.048006292473356776
us-0333,2018,-0.05550936970091914
us-0334,2018,-0.006618016557094511
us-0335,2018,0.007572792518989092
us-0336,2018,0.11641083141270955
us-0337,2018,-0.058159402183617086
us-0338,2018,-0.04329074856952938
us-0339,2018,0.012070318046853793
us-0340,2018,-0.09172661459955181
us-0341,2018,-0.08667749460327599
us-0342,2018,-0.016572539188905822
us-0343,2018,0.10785389682115759
us-0344,2018,-0.06530421715051998
us-0345,2018,0.08552693547635348
us-0346,2018,-0.029306215028909212
us-0347,2018,-0.1590486544099263
us-0348,2018,-0.01197400051050801
us-0349,2018,0.025073955805682863
us-0350,2018,0.02330449401680929
us-0351,2018,0.06983617224566616
us-0352,2018,-0.037555120515639466
us-0353,2018,-0.026675670417200655
us-0354,2018,0.10466494254545981
us-0355,2018,0.03938116872277328
us-0356,2018,-0.06422036914076955
us-0357,2018,0.05989806052343454
us-0358,2018,0.11303172135346437
us-0359,2018,-0.02480204589132373
us-0360,2018,-0.11302794013961068
us-0361,2018,-0.0029868954919476352
us-0362,2018,-0.4009297874565976
us-0363,2018,0.050371610787407414
us-0364,2018,-0.02249461791092871
us-0365,2018,0.008241116449956886
us-0366,2018,-0.2638400731958402
us-0367,2018,-0.41321801904476707
us-0368,2018,0.03276681084696973
us-0369,2018,0.0636688847543387
us-0370,2018,-0.04541551545487868
us-0371,2018,-0.017418595449965983
us-0372,2018,0.050717746487726534
us-0373,2018,0.07145710402941484
us-0374,2018,-0.03183276424899633
us-0375,2018,-0.340835482972816
us-0376,2018,-0.11602078753245898
us-0377,2018,-0.07603020266362494
us-0378,2018,-0.23371361435332094
us-0379,2018,-0.08811248446245064
us-0380,2018,-0.19458707439713444
us-0381,2018,-0.05011038490059416
us-0382,2018,-0.19957464736870784
us-0383,2018,-0.08522114710322262
us-0384,2018,-0.1128029975549082
us-0385,2018,-0.11352347412201004
us-0386,2018,0.12237737935339382
us-0387,2018,-0.07436814698776625
us-0388,2018,-0.17215566297151816
us-0389,2018,-0.08255840039529531
us-0390,2018,-0.011209600196782942
us-0391,2018,-0.3073140406599315
us-0392,2018,-0.16010563983198148
us-0393,2018,-0.05845491602509078
us-0394,2018,-0.024435691876597467
us-0395,2018,-0.05572763351422813
us-0396,2018,-0.04102992213397978
us-0397,2018,-0.056767779183531715
us-0398,2018,-0.29099212822958254
us-0399,2018,-0.26327778683959074
us-0400,2018,0.21963262652393048
us-0401,2018,-0.32033933320606733
us-0402,2018,0.011664307844695519
us-0403,2018,-0.004777575423437082
us-0404,2018,-0.04320925903447777
us-0405,2018,-0.3615735247040051
us-0406,2018,-0.21471959547026506
us-0407,2018,-0.35681695875041625
us-0408,2018,-0.3160618289928351
us-0409,2018,-0.10336657186746356
us-0410,2018,0.0003254563476895531
us-0411,2018,-0.006001944282518206
us-0412,2018,-0.11864243266188157
us-0413,2018,0.04615326605306506
us-0414,2018,-0.40170749266886496
us-0415,2018,-0.08940481109189992
us-0416,2018,-0.11280151421439434
us-0417,2018,-0.02174118464363634
us-0418,2018,-0.38843483965352726
us-0419,2018,-0.0125571664432924
us-0420,2018,-0.09975065062756967
us-0421,2018,0.0011758127507835124
us-0422,2018,-0.08029645946780374
us-0423,2018,0.09949337663907033
us-0424,2018,-0.13082855757839243
us-0425,2018,-0.0613394228847244
us-0426,2018,-0.0014516194523774505
us-0427,2018,-0.2732595326923068
us-0428,2018,0.06923696433676711
us-0429,2018,-0.014845155791268109
us-0430,2018,-0.44623055950531537
us-0431,2018,0.1902770097411687
us-0432,2018,-0.3195363481919057
us-0433,2018,0.023646905616557936
us-0434,2018,-0.1122134484849552
us-0435,2018,-0.15119074571574426
us-0436,2018,0.1798680842723819
us-0437,2018,-0.14794453151231043
us-0438,2018,-0.39972256232443526
us-0439,2018,-0.404698168134292
us-0440,2018,-0.328356927840479
us-0441,2018,0.015353898329526484
us-0442,2018,0.008747160005074018
us-0443,2018,-0.21742876134464198
us-0444,2018,-0.29081325362801774
us-0445,2018,-0.5066246693623889
us-0446,2018,0.09710481022178104
us-0447,2018,-0.49423088481445704
us-0448,2018,-0.1318554645286492
us-0449,2018,0.0874325115440684
us-0450,2018,0.16970202262348671
us-0451,2018,-0.2779871200366832
us-0452,2018,0.06173344130341315
us-0453,2018,-0.20793544068230557
us-0454,2018,0.07860203329888185
us-0455,2018,-0.12016488359471235
us-0456,2018,0.03949317863111985
us-0457,2018,0.01947745441811964
us-0458,2018,-0.033975631324580535
us-0459,2018,0.19000117340619074
us-0460,2018,-0.00867497088111828
us-0461,2018,0.19006762031138857
us-0462,2018,-0.18971766480824753
us-0463,2018,0.00063899239518838
us-0464,2018,0.20343296027442342
us-0465,2018,-0.48627135583123304
us-0466,2018,0.09687069933261334
us-0467,2018,-0.015080095448422794
us-0468,2018,-0.20750479258595467
us-0469,2018,-0.2734273749974806
us-0470,2018,-0.1274746713835071
us-0471,2018,-0.04885386098838239
us-0472,2018,0.03983479022676358
us-0473,2018,-0.36689268644279494
us-0474,2018,-0.055483160436032866
us-0475,2018,-0.0401386682624435
us-0476,2018,0.09593922219581583
us-0477,2018,0.053861313685483095
us-0478,2018,-0.24574799720936266
us-0479,2018,
us-0480,2018,-0.12314436354434306
us-0481,2018,0.021540032691660892
us-0482,2018,0.012161298352890896
us-0001,2019,-0.006074569023072576
us-0002,2019,0.08283765108439253
us-0003,2019,-0.06369196471429517
us-0004,2019,0.014574979642247979
us-0005,2019,0.03775942768540069
us-0006,2019,-0.008621567310194417
us-0007,2019,0.04952871732081062
us-0008,2019,-0.046118624619641425
us-0009,2019,0.006195495776420694
us-0010,2019,0.027172110727208074
us-0011,2019,-0.03737005553296613
us-0012,2019,-0.1432782082289406
us-0013,2019,-0.11194195181486033
us-0014,2019,-0.02367572095638261
us-0015,2019,-0.014739327360497025
us-0016,2019,-0.06332332724072376
us-0017,2019,-0.009284168903233156
us-0018,2019,-0.12142410117370936
us-0019,2019,-0.0762350666359862
us-0020,2019,-0.031236015369142747
us-0021,2019,-0.028270198120869363
us-0022,2019,-0.020996560804267796
us-0023,2019,-0.05221645505841226
us-0024,2019,-0.11947073357485428
us-0025,2019,-0.05734334316385581
us-0026,2019,0.011988296693604641
us-0027,2019,-0.12705416860750296
us-0028,2019,-0.04506163368685482
us-0029,2019,-0.13495005277384162
us-0030,2019,-0.0063587642916723575
us-0031,2019,-0.013882454443312302
us-0032,2019,-0.13352248324873472
us-0033,2019,0.1133658756459204
us-0034,2019,0.0006812183911757988
us-0035,2019,0.07050620788149178
us-0036,2019,-0.08307204254509443
us-0037,2019,-0.027052093251803747
us-0038,2019,-0.08411879082019695
us-0039,2019,0.044298561576081266
us-0040,2019,-0.05079680434841394
us-0041,2019,0.022887254691284813
us-0042,2019,0.06961362944289368
us-0043,2019,-0.010098757655884248
us-0044,2019,-0.026779962442942076
us-0045,2019,0.02318615669045905
us-0046,2019,-0.04507426917093773
us-0047,2019,-0.03034649282209368
us-0048,2019,0.02771371171441756
us-0049,2019,-0.09103688929472938
us-0050,2019,-0.02700711832964803
us-0051,2019,-0.12178837910573592
us-0052,2019,0.011443087122254909
us-0053,2019,-0.06810990845431503
us-0054,2019,-0.005019265386116389
us-0055,2019,0.06418185697158195
us-0056,2019,-0.03209497947393622
us-0057,2019,-0.08297928527806221
us-0058,2019,0.05645588803385856
us-0059,2019,0.03384802524902939
us-0060,2019,-0.040000520059439236
us-0061,2019,-0.10106551872665898
us-0062,2019,-0.05994057452608753
us-0063,2019,-0.023656851205419688
us-0064,2019,0.012215343781303583
us-0065,2019,-0.04040629085299672
us-0066,2019,-0.07186390744437257
us-0067,2019,-0.002043062408001464
us-0068,2019,-0.08859651325625588
us-0069,2019,-0.014096055649880918
us-0070,2019,-0.048054751292956874
us-0071,2019,-0.18771800256458587
us-0072,2019,-0.05241286916942231
us-0073,2019,-0.003968917143340103
us-0074,2019,-0.09100450344234107
us-0075,2019,-0.09701388416739336
us-0076,2019,-0.03391946478886081
us-0077,2019,-0.07698987322055459
us-0078,2019,-0.025320997953917002
us-0079,2019,-0.045092948200085865
us-0080,2019,-0.08083275214830558
us-0081,2019,-0.007678384878911658
us-0082,2019,0.031117139736998815
us-0083,2019,-0.09691979779532185
us-0084,2019,-0.09331526864745153
us-0085,2019,0.037783063211783666
us-0086,2019,-0.025963466073924656
us-0087,2019,-0.06335427773664866
us-0088,2019,-0.10539927874604936
us-0089,2019,0.02630376885422195
us-0090,2019,-0.0996654754579986
us-0091,2019,0.06060274242294397
us-0092,2019,-0.00739807474044603
us-0093,2019,-0.009002993713279636
us-0094,2019,0.14400791537317376
us-0095,2019,-0.025025579889313705
us-0096,2019,-0.07633243659402798
us-0097,2019,-0.06246914187059703
us-0098,2019,-0.03897531535552558
us-0099,2019,0.049340096582503504
us-0100,2019,-0.03019635226540751
us-0101,2019,0.03051969571818463
us-0102,2019,-0.04252004397043783
us-0103,2019,-0.05917060760657814
us-0104,2019,0.11376031872718341
us-0105,2019,0.017115073852294625
us-0106,2019,-0.05295411657283459
us-0107,2019,-0.0160715226341219
us-0108,2019,-0.12019397455146485
us-0109,2019,-0.027831275996076422
us-0110,2019,-0.016973137953308133
us-0111,2019,-0.06485825510592008
us-0112,2019,0.06900183211182492
us-0113,2019,-0.05122276204393504
us-0114,2019,-0.009438715047166694
us-0115,2019,0.01287396887714611
us-0116,2019,-0.07151531221010603
us-0117,2019,-0.1094789177312022
us-0118,2019,0.020937896014917363
us-0119,2019,0.02578693121236305
us-0120,2019,-0.07002240300250352
us-0121,2019,0.05865511768443326
us-0122,2019,-0.05227279387379785
us-0123,2019,-0.04025203402453515
us-0124,2019,-0.04483483511387014
us-0125,2019,-0.024884292046173793
us-0126,2019,0.007634830909982358
us-0127,2019,-0.056267960339022136
us-0128,2019,-0.15197372119801345
us-0129,2019,-0.05718583590413479
us-0130,2019,-0.03393749350619133
us-0131,2019,-0.06009483067509227
us-0132,2019,0.0701065285633387
us-0133,2019,0.03928721802773627
us-0134,2019,-0.15875577566385424
us-0135,2019,-0.02024117986241016
us-0136,2019,-0.12160901124770512
us-0137,2019,-0.0410973672222941
us-0138,2019,-0.019298461868213136
us-0139,2019,-0.09634531032527363
us-0140,2019,-0.04431564688281984
us-0141,2019,0.07680009023305993
us-0142,2019,0.017937399049027133
us-0143,2019,-0.08991561965329523
us-0144,2019,-0.011924620264839406
us-0145,2019,-0.017337974230027826
us-0146,2019,0.015508470377488438
us-0147,2019,-0.00041518647796348526
us-0148,2019,-0.0809452450276163
us-0149,2019,-0.02720270264776366
us-0150,2019,0.022298000976245617
us-0151,2019,-0.07232198303682373
us-0152,2019,-0.03965327674144428
us-0153,2019,-0.08021508714505919
us-0154,2019,-0.10072475059583084
us-0155,2019,0.07450415119837084
us-0156,2019,-0.021667109412819244
us-0157,2019,-0.17660342037329957
us-0158,2019,-0.0636450187593805
us-0159,2019,-0.0470427846853266
us-0160,2019,-0.07783944653343895
us-0161,2019,-0.022830214795265646
us-0162,2019,-0.23664121812491862
us-0163,2019,0.09489929243100549
us-0164,2019,-0.0019247545944687436
us-0165,2019,-0.0008298020193318049
us-0166,2019,0.03141902002400367
us-0167,2019,-0.03131630410711282
us-0168,2019,-0.07623490527689297
us-0169,2019,-0.003603785868200883
us-0170,2019,-0.10639848212303103
us-0171,2019,-0.0276997925234993
us-0172,2019,-0.14191191077470736
us-0173,2019,-0.14423202340098026
us-0174,2019,-0.06799574572297488
us-0175,2019,0.06017480877348276
us-0176,2019,-0.11127203184180841
us-0177,2019,-0.08033514187332078
us-0178,2019,-0.0531670162188846
us-0179,2019,-0.06453786593138568
us-0180,2019,-0.060105825083040916
us-0181,2019,0.006106794927188049
us-0182,2019,0.005651739699155555
us-0183,2019,-0.008961271711166176
us-0184,2019,0.09809121950802818
us-0185,2019,0.0024192983663818566
us-0186,2019,-0.07622700893216153
us-0187,2019,0.03242813147552163
us-0188,2019,0.03545059830846363
us-0189,2019,0.07055934123484843
us-0190,2019,0.017210837288769588
us-0191,2019,-0.0201359935226206
us-0192,2019,-0.12874147441726574
us-0193,2019,-0.07596445443114047
us-0194,2019,0.07762221372500316
us-0195,2019,-0.013295559118211134
us-0196,2019,0.00862281476844714
us-0197,2019,-0.011102247155554109
us-0198,2019,-0.018757275018391927
us-0199,2019,-0.11958590857816055
us-0200,2019,-0.05318334042061608
us-0201,2019,-0.032225521667228404
us-0202,2019,0.08751430286903378
us-0203,2019,-0.07225435064298442
us-0204,2019,-0.005320493077840302
us-0205,2019,-0.05889445685814879
us-0206,2019,-0.05176223699614558
us-0207,2019,-0.04752911475531648
us-0208,2019,0.030561154024907923
us-0209,2019,0.015225104649065329
us-0210,2019,0.07877019577887513
us-0211,2019,0.08612827244582835
us-0212,2019,-0.03204578625144023
us-0213,2019,-0.1404545035847381
us-0214,2019,-0.08703261237939561
us-0215,2019,-0.022664730206697292
us-0216,2019,-0.023319865328548784
us-0217,2019,0.14441075070479117
us-0218,2019,-0.0039838210097331486
us-0219,2019,-0.247039983767833
us-0220,2019,0.0053351729103123646
us-0221,2019,-0.0738040154343288
us-0222,2019,-0.0418269928291571
us-0223,2019,-0.015996008318556305
us-0224,2019,0.01749087660422398
us-0225,2019,0.13031523569984205
us-0226,2019,-0.08693089864203418
us-0227,2019,-0.07442427783900651
us-0228,2019,-0.03335972677527085
us-0229,2019,-0.03487055816037479
us-0230,2019,-0.04519872853639443
us-0231,2019,0.05079977505396427
us-0232,2019,-0.009880763811801392
us-0233,2019,-0.002416952076204701
us-0234,2019,-0.02894996649705205
us-0235,2019,-0.058794096259207645
us-0236,2019,-0.005189275175845352
us-0237,2019,-0.09574925874684587
us-0238,2019,0.05756218687164543
us-0239,2019,-0.012232988804336842
us-0240,2019,-0.16271953815123769
us-0241,2019,0.03424124036331602
us-0242,2019,0.04517470956754633
us-0243,2019,-0.16964852335458278
us-0244,2019,-0.05573583615844965
us-0245,2019,-0.03316423045537216
us-0246,2019,0.0525776812659076
us-0247,2019,-0.10885883106547589
us-0248,2019,-0.015667978768129177
us-0249,2019,-0.11185239869277332
us-0250,2019,-0.03465592537882774
us-0251,2019,-0.012639773619333897
us-0252,2019,-0.132845583913206
us-0253,2019,-0.006790318000398383
us-0254,2019,-0.20884185487520465
us-0255,2019,-0.0938882496418052
us-0256,2019,0.024197355513049103
us-0257,2019,0.006289987737330959
us-0258,2019,-0.010027884911941232
us-0259,2019,-0.014653586725670107
us-0260,2019,0.06774906869135039
us-0261,2019,-0.05866619611796234
us-0262,2019,-0.03036424394821331
us-0263,2019,-0.03540076442492268
us-0264,2019,-0.10777492240490553
us-0265,2019,0.08146592361727058
us-0266,2019,-0.05991323995327477
us-0267,2019,-0.010609618226135355
us-0268,2019,-0.06274211569577302
us-0269,2019,-0.0023209109844809146
us-0270,2019,-0.009812620928415911
us-0271,2019,0.09112989820792536
us-0272,2019,-0.045256206415310626
us-0273,2019,-0.05581401708934711
us-0274,2019,-0.05923473726842042
us-0275,2019,-0.05431296755675546
us-0276,2019,-0.05369651314418119
us-0277,2019,-0.1315770805488846
us-0278,2019,0.022489308999472237
us-0279,2019,-0.12288451934107199
us-0280,2019,-0.05292648685272514
us-0281,2019,0.08639001448305345
us-0282,2019,-0.04341237650275428
us-0283,2019,-0.07678274291985282
us-0284,2019,-0.037408201551198304
us-0285,2019,-0.2299816266868349
us-0286,2019,-0.13244413143140413
us-0287,2019,-0.22381631661920132
us-0288,2019,-0.05829876793971583
us-0289,2019,-0.06254032541622817
us-0290,2019,-0.07538044613091002
us-0291,2019,-0.11055419504208822
us-0292,2019,-0.08084909510610373
us-0293,2019,-0.07624043633889549
us-0294,2019,-0.1395961201858289
us-0295,2019,0.06002308214799483
us-0296,2019,-0.01454909482009794
us-0297,2019,0.015843004214654434
us-0298,2019,-0.015612953939553337
us-0299,2019,0.03737026982853655
us-0300,2019,-0.03986831769911294
us-0301,2019,-0.08565914443178142
us-0302,2019,0.062451112053111886
us-0303,2019,-0.03397210725526163
us-0304,2019,-0.20902698644404824
us-0305,2019,0.012512128574120082
us-0306,2019,-0.02821133301126752
us-0307,2019,0.0619762056411202
us-0308,2019,-0.06366744185504854
us-0309,2019,-0.037143528736223196
us-0310,2019,-0.046692029396568926
us-0311,2019,-0.06670463578317384
us-0312,2019,-0.25685107407861474
us-0313,2019,-0.041284842489731056
us-0314,2019,-0.1644906639057473
us-0315,2019,-0.08663828623228588
us-0316,2019,-0.09793664552187367
us-0317,2019,-0.18232286648919796
us-0318,2019,-0.08397385703098831
us-0319,2019,-0.2093117538377378
us-0320,2019,-0.32686307694078903
us-0321,2019,-0.033578390579039816
us-0322,2019,0.03497720175487801
us-0323,2019,-0.03642383447196958
us-0324,2019,-0.02346006728752913
us-0325,2019,-0.05242023182849724
us-0326,2019,0.033538494037820055
us-0327,2019,-0.07105106014656354
us-0328,2019,-0.12001454930089062
us-0329,2019,-0.0003540496353988131
us-0330,2019,-0.03357070193285855
us-0331,2019,-0.11293231374948282
us-0332,2019,0.06581316149226164
us-0333,2019,-0.062372758387562094
us-0334,2019,-0.003181579937803705
us-0335,2019,0.020278928725655315
us-0336,2019,0.11873830897330914
us-0337,2019,-0.04618965451631913
us-0338,2019,-0.06055109582320646
us-0339,2019,-0.023630701577612302
us-0340,2019,-0.08308545782722025
us-0341,2019,-0.1093597982264546
us-0342,2019,-0.04494946052228829
us-0343,2019,0.0886479132676698
us-0344,2019,-0.07785475580873703
us-0345,2019,0.08939534431649933
us-0346,2019,-0.03340452853203573
us-0347,2019,-0.07145816514351268
us-0348,2019,-0.05158437250877986
us-0349,2019,0.05557385684402607
us-0350,2019,0.014328200033216363
us-0351,2019,0.04943640259763099
us-0352,2019,-0.023136650843630906
us-0353,2019,-0.059704094563975164
us-0354,2019,0.03226390776229707
us-0355,2019,0.04156928348388336
us-0356,2019,-0.0722546016868651
us-0357,2019,0.05884711410695162
us-0358,2019,0.07820225270409802
us-0359,2019,-0.04165848469109612
us-0360,2019,-0.13874100244311666
us-0361,2019,-0.018497820451586575
us-0362,2019,-0.43067440743769325
us-0363,2019,0.038152889442037055
us-0364,2019,-0.023035783164039324
us-0365,2019,-0.0423034142034316
us-0366,2019,-0.09846660116829392
us-0367,2019,-0.377506546814316
us-0368,2019,0.023991688308518094
us-0369,2019,0.05239996653645985
us-0370,2019,-0.07104415867917603
us-0371,2019,-0.010914036251208722
us-0372,2019,0.04850087324107787
us-0373,2019,0.0818735965657027
us-0374,2019,-0.01673378535397136
us-0375,2019,-0.3324880372211271
us-0376,2019,-0.07561237222295955
us-0377,2019,-0.10738284958872805
us-0378,2019,-0.21075029098948753
us-0379,2019,-0.017417015197582646
us-0380,2019,-0.2448074717078743
us-0381,2019,-0.03613147397235988
us-0382,2019,-0.19535389226624472
us-0383,2019,-0.06847012472811309
us-0384,2019,-0.09051558964197383
us-0385,2019,-0.12352582230958901
us-0386,2019,0.06912871106232367
us-0387,2019,-0.058565200738801906
us-0388,2019,-0.11334378399714058
us-0389,2019,-0.12621698094089806
us-0390,2019,-0.0051822222222222235
us-0391,2019,-0.24125643123468246
us-0392,2019,-0.2528421261526691
us-0393,2019,-0.05119471487901198
us-0394,2019,-0.017293881025270418
us-0395,2019,-0.057212337787186346
us-0396,2019,-0.061177172544523095
us-0397,2019,-0.05366990993780259
us-0398,2019,-0.23231835832084471
us-0399,2019,-0.3492277671598672
us-0400,2019,0.23396488541858543
us-0401,2019,-0.3663484204759007
us-0402,2019,0.0270274879081083
us-0403,2019,-0.019884186181888093
us-0404,2019,-0.033331318905972
us-0405,2019,-0.3792873442876978
us-0406,2019,-0.02995477176873156
us-0407,2019,-0.3841298354440151
us-0408,2019,-0.3205671044708643
us-0409,2019,-0.038980524205517814
us-0410,2019,0.014502011407268313
us-0411,2019,-0.011881040422536838
us-0412,2019,-0.2011279431609239
us-0413,2019,-0.04070487808679719
us-0414,2019,-0.40175385201739694
us-0415,2019,-0.08135849303020809
us-0416,2019,-0.11028357873920443
us-0417,2019,-0.025964615238008575
us-0418,2019,-0.2871543922766274
us-0419,2019,0.19690034423653852
us-0420,2019,-0.10541058009568743
us-0421,2019,-0.054320179180314454
us-0422,2019,-0.31317107145008144
us-0423,2019,0.06914838120312441
us-0424,2019,-0.1305552416281094
us-0425,2019,-0.12939376962503762
us-0426,2019,-0.025353545522463234
us-0427,2019,0.10648499255834963
us-0428,2019,0.0879700140257336
us-0429,2019,0.03770562168632449
us-0430,2019,0.050260901906126525
us-0431,2019,0.19278406113308783
us-0432,2019,-0.25819140804299723
us-0433,2019,-0.2885822342352606
us-0434,2019,-0.08428417847368651
us-0435,2019,-0.14834786603851174
us-0436,2019,0.17450096717133715
us-0437,2019,-0.17776167188213865
us-0438,2019,-0.391869888223397
us-0439,2019,-0.16931320633938293
us-0440,2019,-0.25272201660136423
us-0441,2019,-0.03123686122889239
us-0442,2019,0.00882542347289953
us-0443,2019,-0.19836748959463418
us-0444,2019,-0.27754595559349526
us-0445,2019,-0.4590697907951079
us-0446,2019,0.12398340596838378
us-0447,2019,-0.5346972758915486
us-0448,2019,-0.3172358844348386
us-0449,2019,0.05620302304628343
us-0450,2019,0.044132738224997976
us-0451,2019,-0.3495567285388213
us-0452,2019,-0.05710146013522285
us-0453,2019,-0.16270886934799914
us-0454,2019,0.08552080239287475
us-0455,2019,-0.11414416251503155
us-0456,2019,0.03987945213552426
us-0457,2019,-0.07317285138236136
us-0458,2019,-0.043955518059419094
us-0459,2019,-0.14008999406153536
us-0460,2019,-0.23536279227063092
us-0461,2019,0.1620713771479079
us-0462,2019,-0.16372196849452672
us-0463,2019,0.005104630308364496
us-0464,2019,0.19184747558342796
us-0465,2019,-0.48425199799680385
us-0466,2019,0.09643220991309319
us-0467,2019,-0.01816257623605902
us-0468,2019,-0.2611096887458396
us-0469,2019,-0.4335007284394674
us-0470,2019,-0.20211922892279693
us-0471,2019,-0.02416698843818517
us-0472,2019,0.07405851880871808
us-0473,2019,-0.3910269553629944
us-0474,2019,-0.05836197641511377
us-0475,2019,-0.04293337431166216
us-0476,2019,-0.09151985409209333
us-0477,2019,0.09086472054261939
us-0478,2019,-0.23953203749445234
us-0479,2019,-0.3239602334914266
us-0480,2019,-0.15020241324754194
us-0481,2019,-0.04246103851996781
us-0482,2019,0.03224615835869816
us-0001,2020,-0.009525170788072818
us-0002,2020,0.05159518992857097
us-0003,2020,-0.004883762176551864
us-0004,2020,0.024435184745343504
us-0005,2020,0.015601894902176004
us-0006,2020,-0.016948022480531816
us-0007,2020,0.035667361317580984
us-0008,2020,-0.03177549522229933
us-0009,2020,0.00575180078999005
us-0010,2020,0.03746165434260873
us-0011,2020,-0.039955181563434514
us-0012,2020,-0.15298303815654143
us-0013,2020,-0.19104634319050717
us-0014,2020,-0.010254873439026214
us-0015,2020,0.02173571257181491
us-0016,2020,-0.0712745216955483
us-0017,2020,0.00039677341286461896
us-0018,2020,-0.1255540683439991
us-0019,2020,-0.0701540699936717
us-0020,2020,-0.021170594625796475
us-0021,2020,-0.004035848424337825
us-0022,2020,-0.02384887769887601
us-0023,2020,-0.03635444672163152
us-0024,2020,-0.12628235798226
us-0025,2020,-0.0648755129512593
us-0026,2020,0.010187975669824826
us-0027,2020,-0.07989313619979728
us-0028,2020,-0.06035068928904484
us-0029,2020,-0.11071388399653731
us-0030,2020,-0.025318507988775694
us-0031,2020,-0.006154929610771849
us-0032,2020,-0.14153903046405827
us-0033,2020,-0.06857523703268843
us-0034,2020,-0.008916918000163504
us-0035,2020,0.08362444463831334
us-0036,2020,-0.09377112425737416
us-0037,2020,0.0063017366913860826
us-0038,2020,-0.10728323959727346
us-0039,2020,0.03671322246762998
us-0040,2020,-0.046314747675499576
us-0041,2020,0.019987015085921492
us-0042,2020,0.05863015667184198
us-0043,2020,0.00840379467927324
us-0044,2020,-0.030024050658535247
us-0045,2020,-0.057299195356189325
us-0046,2020,-0.03617354161543822
us-0047,2020,-0.06261419029504983
us-0048,2020,0.024874328220823364
us-0049,2020,-0.08155386025219932
us-0050,2020,-0.01651157714613073
us-0051,2020,-0.06604191377217905
us-0052,2020,0.008177864620099647
us-0053,2020,-0.06090363052838411
us-0054,2020,-0.010185924477174186
us-0055,2020,0.07098699408677898
us-0056,2020,-0.0277507871276938
us-0057,2020,-9.403147570510954e-05
us-0058,2020,0.05309920245158341
us-0059,2020,0.022501111912484408
us-0060,2020,-0.019401718041076342
us-0061,2020,-0.10474637620943257
us-0062,2020,-0.16750422398269385
us-0063,2020,-0.008876251108323803
us-0064,2020,0.05803316851296611
us-0065,2020,0.14226220219142796
us-0066,2020,-0.07197169913612317
us-0067,2020,0.009712619378653581
us-0068,2020,-0.09339980682900004
us-0069,2020,-0.022124162595758463
us-0070,2020,-0.04111780514098481
us-0071,2020,-0.15859129349427395
us-0072,2020,-0.010627097712804538
us-0073,2020,-0.09942463546242082
us-0074,2020,-0.08216091464155689
us-0075,2020,-0.0741555781495544
us-0076,2020,-0.004605325840765999
us-0077,2020,-0.08891600587059205
us-0078,2020,-0.020754169878191606
us-0079,2020,-0.03167739240374799
us-0080,2020,-0.07308274260055236
us-0081,2020,-0.006835767077513036
us-0082,2020,0.028986089156974728
us-0083,2020,-0.09358550268400125
us-0084,2020,-0.04325791586765107
us-0085,2020,0.03174685668368223
us-0086,2020,-0.029892991855280177
us-0087,2020,-0.05625756743330169
us-0088,2020,-0.07887226343836586
us-0089,2020,0.03115905528773138
us-0090,2020,-0.12307427462627817
us-0091,2020,0.0650854496815974
us-0092,2020,-0.022948662100624313
us-0093,2020,0.012772032424277324
us-0094,2020,0.13695958997606658
us-0095,2020,-0.02415257936869151
us-0096,2020,-0.19971873597143264
us-0097,2020,-0.05379649558893386
us-0098,2020,-0.07530951684269337
us-0099,2020,-0.005231119363173903
us-0100,2020,-0.06718519352558341
us-0101,2020,0.04671753390576623
us-0102,2020,-0.05167768999346486
us-0103,2020,-0.041538002519434146
us-0104,2020,0.07474007692160509
us-0105,2020,0.026194954178255535
us-0106,2020,-0.04389898903958154
us-0107,2020,0.0003489109743981025
us-0108,2020,-0.12589182007835983
us-0109,2020,-0.03412190163352398
us-0110,2020,-0.0183818338606273
us-0111,2020,-0.0629913639819625
us-0112,2020,0.08800604127549287
us-0113,2020,-0.03926791606943829
us-0114,2020,0.02588517078731778
us-0115,2020,0.005365604157265364
us-0116,2020,-0.08222523114723504
us-0117,2020,-0.10438833080934064
us-0118,2020,0.024875742123407478
us-0119,2020,0.0017191420369272006
us-0120,2020,-0.07685948372044606
us-0121,2020,0.041050097273753
us-0122,2020,-0.045574787007287614
us-0123,2020,-0.03641650088867586
us-0124,2020,-0.041871655374607415
us-0125,2020,-0.05740491993370259
us-0126,2020,-0.0003483478293813565
us-0127,2020,-0.049715313489199026
us-0128,2020,-0.16204260996383668
us-0129,2020,-0.05382780998821454
us-0130,2020,-0.0005607033661176862
us-0131,2020,-0.08042817205131275
us-0132,2020,0.039530392129618
us-0133,2020,0.0446011105167041
us-0134,2020,-0.10689061523917515
us-0135,2020,-0.041929198869237586
us-0136,2020,-0.07226523893234126
us-0137,2020,-0.028841563176553335
us-0138,2020,-0.012438231713964482
us-0139,2020,-0.08940076546867765
us-0140,2020,-0.0024913518887260304
us-0141,2020,0.09678088642594457
us-0142,2020,0.02314932899918382
us-0143,2020,-0.09675214901623547
us-0144,2020,-0.007212887708088441
us-0145,2020,-0.019587998373532946
us-0146,2020,0.03784898761567047
us-0147,2020,0.006514782002989257
us-0148,2020,-0.08602301737934905
us-0149,2020,-0.06957737352960268
us-0150,2020,-0.008787840774202561
us-0151,2020,-0.08101534887247099
us-0152,2020,-0.03571956784209457
us-0153,2020,-0.07628215011901014
us-0154,2020,-0.09467443794541629
us-0155,2020,0.07385562640482256
us-0156,2020,-0.016732173296393437
us-0157,2020,-0.15791738577360037
us-0158,2020,-0.06668489150472337
us-0159,2020,-0.033707452820543826
us-0160,2020,-0.08657253960446569
us-0161,2020,-0.006132741026099817
us-0162,2020,-0.23614078936969277
us-0163,2020,0.08105706950421013
us-0164,2020,-0.02871071400567091
us-0165,2020,0.006184972788740719
us-0166,2020,0.021895321913120786
us-0167,2020,-0.03832928399557076
us-0168,2020,-0.13802850155344373
us-0169,2020,-0.009519947166170887
us-0170,2020,-0.10476926264777013
us-0171,2020,0.03584224107090072
us-0172,2020,-0.17039973374170955
us-0173,2020,-0.14316503836655964
us-0174,2020,-0.06010345630331544
us-0175,2020,0.06930347272262219
us-0176,2020,-0.09572307304556205
us-0177,2020,-0.1296513941537327
us-0178,2020,-0.04202481258192346
us-0179,2020,-0.06979835145257055
us-0180,2020,-0.008314646771131773
us-0181,2020,0.00014814095170793094
us-0182,2020,0.037091659414382055
us-0183,2020,0.0049501079733032475
us-0184,2020,0.09876624538002805
us-0185,2020,0.009278307439495452
us-0186,2020,-0.08609979157249387
us-0187,2020,0.032948488154115774
us-0188,2020,0.04230405002224158
us-0189,2020,0.09288577017477097
us-0190,2020,0.0071652641898886016
us-0191,2020,-0.012998805462703234
us-0192,2020,-0.09367385927354742
us-0193,2020,-0.08201296833185331
us-0194,2020,0.08966582772710156
us-0195,2020,-0.03739659549473752
us-0196,2020,0.007604184447523254
us-0197,2020,0.022022825600863903
us-0198,2020,0.0009772317650094944
us-0199,2020,-0.1356308013344067
us-0200,2020,-0.08215423313745962
us-0201,2020,-0.03710841974140264
us-0202,2020,0.017277072085790043
us-0203,2020,-0.06704314725379766
us-0204,2020,-0.011505792767863093
us-0205,2020,-0.07284386781446744
us-0206,2020,-0.04833222046534522
us-0207,2020,-0.04676305004824364
us-0208,2020,0.023234972589877986
us-0209,2020,0.02162453003457447
us-0210,2020,0.03804417245159396
us-0211,2020,0.04151072160299346
us-0212,2020,-0.060518300543565995
us-0213,2020,-0.11594515988259935
us-0214,2020,-0.07804213626764053
us-0215,2020,-0.02169468780168969
us-0216,2020,-0.021093149598714465
us-0217,2020,0.09706143577719999
us-0218,2020,-0.025271609327639343
us-0219,2020,-0.1348335266894393
us-0220,2020,0.014256606872375843
us-0221,2020,-0.07752403444953587
us-0222,2020,-0.057320494097530046
us-0223,2020,-0.03628250914542376
us-0224,2020,0.0033142810668717504
us-0225,2020,0.1435512040800726
us-0226,2020,-0.17297303198036487
us-0227,2020,-0.04868340406027547
us-0228,2020,-0.05247090837647443
us-0229,2020,-0.03289824176639753
us-0230,2020,-0.0026299143232531
us-0231,2020,0.07511489872224877
us-0232,2020,-0.025516441103471173
us-0233,2020,0.009545014358998606
us-0234,2020,-0.007330754857569831
us-0235,2020,-0.0728248828789456
us-0236,2020,-0.046142653154218845
us-0237,2020,-0.06955082732023415
us-0238,2020,0.05321447887497105
us-0239,2020,-0.008726977839599491
us-0240,2020,-0.18668416132869176
us-0241,2020,0.02311828347517497
us-0242,2020,0.03635119961416549
us-0243,2020,-0.1679188302403349
us-0244,2020,-0.016070360580670677
us-0245,2020,-0.0857135831181774
us-0246,2020,0.05020767752350868
us-0247,2020,-0.1176812113534093
us-0248,2020,-0.08002620028458678
us-0249,2020,-0.0652797654523618
us-0250,2020,-0.04983027461335947
us-0251,2020,-0.05563270612870701
us-0252,2020,-0.1572634960074398
us-0253,2020,-0.009240477831054842
us-0254,2020,-0.11690213752030527
us-0255,2020,-0.08092879893418971
us-0256,2020,0.039391859693977176
us-0257,2020,-0.0190075117053748
us-0258,2020,-0.021814559963527116
us-0259,2020,-0.01679201193155493
us-0260,2020,0.052074577217551724
us-0261,2020,-0.049035242741282174
us-0262,2020,-0.0630627209676784
us-0263,2020,-0.013388263535705689
us-0264,2020,-0.1040675182887143
us-0265,2020,0.11025448448770893
us-0266,2020,-0.03860357423319668
us-0267,2020,-0.02589602871986819
us-0268,2020,-0.08488602475881031
us-0269,2020,0.008197017730611447
us-0270,2020,-0.020623465229066877
us-0271,2020,0.09474257319667569
us-0272,2020,-0.08487114685863562
us-0273,2020,-0.06958267973089914
us-0274,2020,-0.0737657329297901
us-0275,2020,-0.09277775397159264
us-0276,2020,-0.028293330822335264
us-0277,2020,-0.19030093186964755
us-0278,2020,0.02572766715513023
us-0279,2020,-0.10594974756473192
us-0280,2020,-0.10491827401228578
us-0281,2020,-0.10240822865532452
us-0282,2020,-0.05099605011626946
us-0283,2020,-0.09371493952022429
us-0284,2020,-0.04628942256145218
us-0285,2020,-0.2540902513591868
us-0286,2020,-0.12865722804128926
us-0287,2020,-0.22041777950595093
us-0288,2020,-0.10980213307500566
us-0289,2020,-0.10553259714474764
us-0290,2020,-0.089832432215396
us-0291,2020,-0.1442342978894496
us-0292,2020,-0.07038020391019444
us-0293,2020,-0.07582290020049083
us-0294,2020,-0.13069442628965872
us-0295,2020,0.06420740744144644
us-0296,2020,-0.022579078941319247
us-0297,2020,-0.012103352469051108
us-0298,2020,0.01690047158764423
us-0299,2020,-0.018696950033663458
us-0300,2020,-0.02327186098037567
us-0301,2020,-0.012356616969031835
us-0302,2020,0.08018215839628383
us-0303,2020,-0.03729847541313066
us-0304,2020,-0.26047899486314885
us-0305,2020,0.04800673792210062
us-0306,2020,-0.034268850738172464
us-0307,2020,0.01056904181311523
us-0308,2020,-0.07795214231544917
us-0309,2020,-0.030387606401980658
us-0310,2020,-0.06263062647020737
us-0311,2020,0.09143935964757333
us-0312,2020,-0.21060093936711521
us-0313,2020,-0.09024075070942061
us-0314,2020,-0.1576706467210297
us-0315,2020,-0.03594406835532133
us-0316,2020,-0.09199359597907535
us-0317,2020,-0.18995382206467265
us-0318,2020,-0.14375905456172525
us-0319,2020,-0.25922790063634416
us-0320,2020,-0.3565973047286059
us-0321,2020,-0.028110089688290683
us-0322,2020,0.06332383806827246
us-0323,2020,-0.045235887084453356
us-0324,2020,-0.03431461447195294
us-0325,2020,-0.05434995667890157
us-0326,2020,0.02085023403666205
us-0327,2020,-0.061609609764315884
us-0328,2020,-0.1284709278282619
us-0329,2020,-0.002020352244808262
us-0330,2020,-0.07960914755936703
us-0331,2020,-0.10650892571853027
us-0332,2020,0.03390185472416109
us-0333,2020,-0.08003070827156471
us-0334,2020,-0.09259004781387598
us-0335,2020,0.029202970779371833
us-0336,2020,0.10959273895331642
us-0337,2020,-0.05217778772540668
us-0338,2020,-0.07505529952760007
us-0339,2020,0.012034085957391734
us-0340,2020,-0.06952342975999767
us-0341,2020,-0.12006035108355993
us-0342,2020,-0.04281603363110738
us-0343,2020,0.08378564140461246
us-0344,2020,-0.06732352812639274
us-0345,2020,-0.07538277296541845
us-0346,2020,-0.03254746416784527
us-0347,2020,-0.08351390330062868
us-0348,2020,-0.05043189135549874
us-0349,2020,0.03635644513821374
us-0350,2020,0.02978842898465827
us-0351,2020,0.010934468044301315
us-0352,2020,-0.03662827420303132
us-0353,2020,-0.08697839412252696
us-0354,2020,0.030807496614198245
us-0355,2020,-0.00534898028323044
us-0356,2020,-0.0726986582017217
us-0357,2020,0.07004633114564075
us-0358,2020,0.02916425951548847
us-0359,2020,-0.03045918586326917
us-0360,2020,-0.12026390977752312
us-0361,2020,-0.016810311399028617
us-0362,2020,-0.19925919407217083
us-0363,2020,0.043476241588186894
us-0364,2020,-0.043872343287888214
us-0365,2020,-0.04711234516505147
us-0366,2020,0.05421559491833972
us-0367,2020,-0.18645085690673419
us-0368,2020,0.024221684846263875
us-0369,2020,0.07908903989346987
us-0370,2020,-0.0726476266568661
us-0371,2020,-0.04716292458391878
us-0372,2020,0.08125015841170555
us-0373,2020,0.03791991641857622
us-0374,2020,-0.02725438782556106
us-0375,2020,-0.3453429935837963
us-0376,2020,-0.052220469881847593
us-0377,2020,0.010467011020293062
us-0378,2020,-0.1741679610517979
us-0379,2020,-0.0020490762371488717
us-0380,2020,-0.33072825710505505
us-0381,2020,-0.043759022270394306
us-0382,2020,-0.025038074392550975
us-0383,2020,-0.05056006395176816
us-0384,2020,-0.08638596935823395
us-0385,2020,-0.12623550101316205
us-0386,2020,0.20483802527690764
us-0387,2020,-0.07389722978440509
us-0388,2020,-0.002754520725644729
us-0389,2020,-0.12393753589793324
us-0390,2020,-0.012808683222740001
us-0391,2020,-0.053490650394685535
us-0392,2020,-0.14924333348457408
us-0393,2020,-0.03950328323692979
us-0394,2020,0.005110762832623128
us-0395,2020,-0.04950006405475406
us-0396,2020,-0.040633789070662465
us-0397,2020,-0.052157633578675824
us-0398,2020,-0.0719747612948214
us-0399,2020,-0.3160938975722897
us-0400,2020,0.26754508608211053
us-0401,2020,-0.43827044563162676
us-0402,2020,0.035935920417222475
us-0403,2020,-0.07435224963608222
us-0404,2020,-0.026988771421364525
us-0405,2020,-0.38179684253206436
us-0406,2020,-0.20399912050008678
us-0407,2020,-0.455926272910763
us-0408,2020,-0.318397418323384
us-0409,2020,-0.07343624951381872
us-0410,2020,0.06558471020872363
us-0411,2020,-0.014162646354023183
us-0412,2020,-0.19158760941349132
us-0413,2020,-0.009032038582268741
us-0414,2020,-0.37127187609416046
us-0415,2020,-0.058808876884005934
us-0416,2020,-0.11187176039335749
us-0417,2020,-0.05200243675056562
us-0418,2020,0.10751781923422134
us-0419,2020,0.006541534343808155
us-0420,2020,-0.0803770460429752
us-0421,2020,-0.08594787021138939
us-0422,2020,-0.2586229157350353
us-0423,2020,0.08573024405238767
us-0424,2020,-0.12965920058862507
us-0425,2020,-0.1342394270265499
us-0426,2020,-0.017598392770276108
us-0427,2020,0.19039432092528918
us-0428,2020,0.22088325331065395
us-0429,2020,-0.014411047020619999
us-0430,2020,0.007095465959075504
us-0431,2020,0.19493395014960915
us-0432,2020,-0.2830042007490663
us-0433,2020,-0.4211508544878925
us-0434,2020,-0.11267937522986636
us-0435,2020,-0.14856031609711362
us-0436,2020,0.197386916508954
us-0437,2020,-0.1440637256517243
us-0438,2020,-0.3036083147802937
us-0439,2020,-0.3247805620940052
us-0440,2020,-0.291022888307303
us-0441,2020,-0.021886872615079746
us-0442,2020,0.1317836036117344
us-0443,2020,-0.19910760858591056
us-0444,2020,-0.3356564956816881
us-0445,2020,-0.542396456512668
us-0446,2020,0.055507781155874784
us-0447,2020,-0.506571443291477
us-0448,2020,-0.29612033273747373
us-0449,2020,0.0988467995203926
us-0450,2020,0.09002740913059225
us-0451,2020,-0.1084421655305284
us-0452,2020,0.007747915027056945
us-0453,2020,-0.18249379590449055
us-0454,2020,0.19969774190274572
us-0455,2020,-0.1347820076568838
us-0456,2020,0.12124146262925799
us-0457,2020,-0.0019328055836969026
us-0458,2020,-0.044063365655724544
us-0459,2020,-0.019437031046702562
us-0460,2020,-0.24059882972740423
us-0461,2020,0.1869688562313789
us-0462,2020,-0.2308881410866965
us-0463,2020,0.024248001198842423
us-0464,2020,0.1915475171920866
us-0465,2020,-0.5137478312555305
us-0466,2020,0.10461287842005237
us-0467,2020,-0.02606488251962575
us-0468,2020,-0.23579727978569326
us-0469,2020,-0.41085599987631116
us-0470,2020,-0.12790456016420804
us-0471,2020,0.020225106097163412
us-0472,2020,0.08309778886877792
us-0473,2020,-0.39999313596291514
us-0474,2020,-0.06329240176302563
us-0475,2020,-0.045013645885034724
us-0476,2020,0.06015618598453309
us-0477,2020,0.1183252882482051
us-0478,2020,-0.24471008485227028
us-0479,2020,-0.32315366695757874
us-0480,2020,-0.10222133085340647
us-0481,2020,-0.000413738174331646
us-0482,2020,0.029660482143863874
us-0001,2021,-0.0015756756713308344
us-0002,2021,-0.036576873353745765
us-0003,2021,-0.05089946001112356
us-0004,2021,0.027004268163229612
us-0005,2021,0.04091344045830217
us-0006,2021,-0.03650247656566324
us-0007,2021,0.013544295744349507
us-0008,2021,-0.027517542107629828
us-0009,2021,0.015222197750157908
us-0010,2021,0.0301825604363808
us-0011,2021,-0.11687256778268146
us-0012,2021,-0.16258572749716146
us-0013,2021,
us-0014,2021,-0.004298353275416493
us-0015,2021,0.024519752164817818
us-0016,2021,-0.058878229471811566
us-0017,2021,-0.008961821814755331
us-0018,2021,-0.10090997222449574
us-0019,2021,-0.04924502849668498
us-0020,2021,-0.01716149233814299
us-0021,2021,0.020823460864059534
us-0022,2021,-0.0662384445598365
us-0023,2021,-0.04197158502554917
us-0024,2021,-0.13394340652416167
us-0025,2021,-0.04269828953454326
us-0026,2021,0.023344413057884806
us-0027,2021,-0.1595011073607303
us-0028,2021,-0.049550142727836796
us-0029,2021,-0.153601977557868
us-0030,2021,-0.014954854132629519
us-0031,2021,-0.01688044491855581
us-0032,2021,-0.10289022498677572
us-0033,2021,-0.010399552822333732
us-0034,2021,-0.02753833349033881
us-0035,2021,0.07089445944757423
us-0036,2021,-0.0843214293052603
us-0037,2021,0.0010855184870766073
us-0038,2021,-0.09158027986167754
us-0039,2021,0.07382385604863301
us-0040,2021,-0.055437333905956315
us-0041,2021,0.028352984570183655
us-0042,2021,0.10014162420499671
us-0043,2021,-0.0764503206319706
us-0044,2021,-0.04368077853936985
us-0045,2021,-0.07752531421647432
us-0046,2021,-0.035147738154160516
us-0047,2021,-0.035852264877202854
us-0048,2021,0.005041713316646306
us-0049,2021,-0.0797800923708972
us-0050,2021,0.0036870632406447792
us-0051,2021,-0.1230456251661125
us-0052,2021,0.006243385603214568
us-0053,2021,-0.048711456528528374
us-0054,2021,0.001233265354837704
us-0055,2021,0.079507136624455
us-0056,2021,-0.020163332890919428
us-0057,2021,-0.02975839667672557
us-0058,2021,0.08198968351023189
us-0059,2021,0.025956213441171792
us-0060,2021,-0.027304852093911088
us-0061,2021,-0.0868012074832029
us-0062,2021,-0.11479698883803276
us-0063,2021,-0.01335098485063756
us-0064,2021,0.07109706211236286
us-0065,2021,0.15441717630523402
us-0066,2021,-0.06777132018599713
us-0067,2021,0.003538477729589959
us-0068,2021,-0.07582293475392021
us-0069,2021,-0.02338181885884538
us-0070,2021,-0.04130266329275019
us-0071,2021,-0.2186339717856307
us-0072,2021,-0.05598338578565754
us-0073,2021,-0.12295624285250434
us-0074,2021,-0.08000913024241008
us-0075,2021,-0.08916389392473997
us-0076,2021,-0.05190875978956739
us-0077,2021,-0.06528962487200045
us-0078,2021,-0.023723148778299705
us-0079,2021,-0.030490003105238875
us-0080,2021,-0.06448374779650616
us-0081,2021,-0.002154996064517689
us-0082,2021,0.030854454638649203
us-0083,2021,-0.09571813091906287
us-0084,2021,-0.05264978274401552
us-0085,2021,0.04060781724592189
us-0086,2021,-0.014161890402897498
us-0087,2021,-0.06860348378866381
us-0088,2021,-0.09535224258845844
us-0089,2021,0.024352646793061088
us-0090,2021,-0.09522052679402467
us-0091,2021,0.041539987929835855
us-0092,2021,-0.0015613758286572752
us-0093,2021,-0.014419918160603363
us-0094,2021,0.15923499398253935
us-0095,2021,-0.025233703093036672
us-0096,2021,-0.07302285295758658
us-0097,2021,-0.07814169381353506
us-0098,2021,-0.0482258004703692
us-0099,2021,-0.12481663387101072
us-0100,2021,-0.05901061400468899
us-0101,2021,0.03923722830165558
us-0102,2021,-0.032072509891756494
us-0103,2021,-0.03315473936615299
us-0104,2021,0.1119792577054994
us-0105,2021,0.007073535412898787
us-0106,2021,-0.0657249143274709
us-0107,2021,-0.01432338825989065
us-0108,2021,-0.11594785493216068
us-0109,2021,-0.031633726984720896
us-0110,2021,-0.015273683377942325
us-0111,2021,-0.048720033881615825
us-0112,2021,0.06615028788368187
us-0113,2021,-0.04432336605719994
us-0114,2021,-0.028414659540576263
us-0115,2021,0.013783678700074435
us-0116,2021,-0.07554946669830771
us-0117,2021,-0.10376039281008186
us-0118,2021,0.03668714667493113
us-0119,2021,0.029967728577026388
us-0120,2021,-0.08462976636258797
us-0121,2021,0.055806949035805464
us-0122,2021,-0.036643766007506344
us-0123,2021,-0.07656679639350418
us-0124,2021,-0.02006950466041037
us-0125,2021,-0.04924748020941327
us-0126,2021,0.020837354325133103
us-0127,2021,-0.07226587804630992
us-0128,2021,-0.1488696964470085
us-0129,2021,-0.07184468303159805
us-0130,2021,0.0013649599333449124
us-0131,2021,-0.08048770870811661
us-0132,2021,0.0725899400479257
us-0133,2021,0.051393978865208134
us-0134,2021,-0.1396542292111964
us-0135,2021,-0.021494065578409563
us-0136,2021,-0.11419872780017562
us-0137,2021,-0.048552791291263706
us-0138,2021,-0.003241910599941932
us-0139,2021,-0.07736419430620486
us-0140,2021,-0.03635334729085305
us-0141,2021,0.09252265225114362
us-0142,2021,0.023045499763704094
us-0143,2021,-0.07854757209241937
us-0144,2021,0.00237953822888642
us-0145,2021,-0.044619562288394546
us-0146,2021,0.01927022262510746
us-0147,2021,0.000772770739253912
us-0148,2021,-0.06884792692833812
us-0149,2021,-0.018812036763008706
us-0150,2021,-0.026375831974094287
us-0151,2021,-0.06696999371627758
us-0152,2021,-0.029482970360168205
us-0153,2021,-0.07010169786944644
us-0154,2021,-0.10148767450930625
us-0155,2021,0.08104392656917472
us-0156,2021,-0.01809089381468969
us-0157,2021,-0.16017891317190797
us-0158,2021,-0.10102447012526254
us-0159,2021,-0.029522395749294765
us-0160,2021,-0.06658310538719941
us-0161,2021,0.003956365360444504
us-0162,2021,-0.24683992681379824
us-0163,2021,0.1333647978720816
us-0164,2021,-0.00591779530836745
us-0165,2021,-0.037139282328959446
us-0166,2021,0.043927549236030976
us-0167,2021,0.028854324625608954
us-0168,2021,-0.09620274623593501
us-0169,2021,-0.0015069430960380212
us-0170,2021,-0.09616559530918649
us-0171,2021,0.051528790357253385
us-0172,2021,-0.15020569661347583
us-0173,2021,-0.14924654698524395
us-0174,2021,-0.06224438461203677
us-0175,2021,0.0776508444169244
us-0176,2021,-0.13413927673943096
us-0177,2021,-0.07338609829145337
us-0178,2021,-0.07680836563434186
us-0179,2021,-0.05233210959495175
us-0180,2021,-0.007567624435140504
us-0181,2021,0.006742578104879598
us-0182,2021,0.012783979969549011
us-0183,2021,0.0014886809110969672
us-0184,2021,0.10865103360209666
us-0185,2021,0.015641902195427285
us-0186,2021,-0.05096651162530298
us-0187,2021,0.048905264547143015
us-0188,2021,0.03728900222893945
us-0189,2021,0.09864931237760148
us-0190,2021,-0.002485375835544411
us-0191,2021,-0.01735148591859064
us-0192,2021,-0.1108321117460619
us-0193,2021,-0.07836791816042099
us-0194,2021,0.06498338649785672
us-0195,2021,-0.02202025036035263
us-0196,2021,0.009002073397290138
us-0197,2021,-0.011673502073252297
us-0198,2021,-0.037402294609502326
us-0199,2021,-0.13953326189622173
us-0200,2021,-0.05209818397239792
us-0201,2021,-0.015544286496480455
us-0202,2021,-0.022215830228843658
us-0203,2021,-0.06616534191307062
us-0204,2021,0.003594868147149098
us-0205,2021,-0.0507106545486805
us-0206,2021,-0.05864405045755589
us-0207,2021,-0.058530799996650736
us-0208,2021,0.015702131630103814
us-0209,2021,0.03765971965532259
us-0210,2021,0.034235255610889394
us-0211,2021,0.039547645681281225
us-0212,2021,-0.017403012420473207
us-0213,2021,-0.19333870092174002
us-0214,2021,-0.07463677213502576
us-0215,2021,-0.09098703379376172
us-0216,2021,-0.0415446608493089
us-0217,2021,0.149753919542319
us-0218,2021,-0.004957983474009227
us-0219,2021,-0.29560419658146464
us-0220,2021,0.036722075586075084
us-0221,2021,-0.07960218470503169
us-0222,2021,-0.047367257953225744
us-0223,2021,0.018208829084965912
us-0224,2021,-0.050492303935434635
us-0225,2021,0.0965700177625175
us-0226,2021,-0.14794369388609893
us-0227,2021,-0.026236993601815074
us-0228,2021,-0.028222048242849834
us-0229,2021,-0.025541531783505437
us-0230,2021,-0.09163930530390092
us-0231,2021,0.08817442256036825
us-0232,2021,0.007598891898271175
us-0233,2021,0.05044867069390143
us-0234,2021,-0.043352084553446635
us-0235,2021,-0.09360288752611734
us-0236,2021,-0.038897595730624276
us-0237,2021,-0.0805895623302345
us-0238,2021,0.0789869758491783
us-0239,2021,-0.007003635182827324
us-0240,2021,-0.1850279277043274
us-0241,2021,0.02654309583504812
us-0242,2021,0.023258496287504055
us-0243,2021,-0.17218973439877858
us-0244,2021,-0.015965669425104634
us-0245,2021,-0.12151974840911003
us-0246,2021,0.03506348895316608
us-0247,2021,-0.08928735922474217
us-0248,2021,-0.10066773143251002
us-0249,2021,-0.22253581254893778
us-0250,2021,-0.06974830810396948
us-0251,2021,-0.04819178973193886
us-0252,2021,-0.1283856760017192
us-0253,2021,-0.013420110285761244
us-0254,2021,-0.047799594352886755
us-0255,2021,-0.07541733756936052
us-0256,2021,-0.020116032307621188
us-0257,2021,-0.036984370800212565
us-0258,2021,-0.026931449536192097
us-0259,2021,-0.012838683572351812
us-0260,2021,0.023428515591665276
us-0261,2021,-0.05373503623684069
us-0262,2021,-0.04516373856339655
us-0263,2021,0.02054417834026238
us-0264,2021,-0.07978319518740146
us-0265,2021,0.0799618458163224
us-0266,2021,-0.04725463119662351
us-0267,2021,-0.019099847178992067
us-0268,2021,-0.10311772379828382
us-0269,2021,0.013001050854716305
us-0270,2021,-0.024227613106826886
us-0271,2021,0.0985843645158072
us-0272,2021,-0.025582525883492267
us-0273,2021,-0.056704910866711665
us-0274,2021,-0.08576823551305644
us-0275,2021,-0.10256201361790898
us-0276,2021,0.016670862209801064
us-0277,2021,-0.17182043796296564
us-0278,2021,0.013288068463116191
us-0279,2021,-0.11082533606637214
us-0280,2021,-0.03480405787912596
us-0281,2021,-0.10853578098346268
us-0282,2021,-0.02747423209005228
us-0283,2021,-0.07042612131304869
us-0284,2021,-0.03832568584228214
us-0285,2021,-0.19661643092557135
us-0286,2021,-0.12465362444870765
us-0287,2021,-0.24337572630533716
us-0288,2021,-0.10772382151500332
us-0289,2021,-0.08526525706182111
us-0290,2021,-0.09005334494065317
us-0291,2021,-0.10322488787463333
us-0292,2021,-0.07542865996686897
us-0293,2021,-0.0692209793623447
us-0294,2021,-0.08260058255586586
us-0295,2021,0.051917513678778816
us-0296,2021,-0.01355017174291245
us-0297,2021,0.002597230639537411
us-0298,2021,0.03748952677853258
us-0299,2021,-0.11793165095819282
us-0300,2021,-0.017784027181400482
us-0301,2021,-0.04142459973036854
us-0302,2021,-0.09962880958830095
us-0303,2021,-0.02218016078780818
us-0304,2021,-0.21150469978245387
us-0305,2021,0.01762649694062878
us-0306,2021,-0.02186151255673837
us-0307,2021,0.03685526953044497
us-0308,2021,0.021050298312639246
us-0309,2021,-0.02228225505573173
us-0310,2021,-0.05792796626742052
us-0311,2021,0.011154158805864536
us-0312,2021,-0.23449788364333152
us-0313,2021,-0.04787026749481254
us-0314,2021,-0.07922888919488412
us-0315,2021,-0.05267082240703357
us-0316,2021,-0.07271339307552503
us-0317,2021,-0.19571828291171176
us-0318,2021,-0.09093983105440667
us-0319,2021,-0.22385601350421536
us-0320,2021,-0.3244240953797187
us-0321,2021,-0.04608941832945526
us-0322,2021,0.03709843553130012
us-0323,2021,-0.07226585371637455
us-0324,2021,-0.15654674343297204
us-0325,2021,-0.0305614625134073
us-0326,2021,0.01345325010536762
us-0327,2021,-0.08883930044898677
us-0328,2021,-0.12394735289142823
us-0329,2021,0.01736471742639348
us-0330,2021,-0.02795670466619696
us-0331,2021,-0.10074573812597142
us-0332,2021,0.007087955708298721
us-0333,2021,-0.06732765032847153
us-0334,2021,-0.08568169631713672
us-0335,2021,0.04057388891925979
us-0336,2021,0.12408552126126735
us-0337,2021,-0.03466082443392057
us-0338,2021,-0.09500265987267777
us-0339,2021,0.014760565852160424
us-0340,2021,-0.061634077953391854
us-0341,2021,-0.07901446690653278
us-0342,2021,-0.05035639495644922
us-0343,2021,0.08978695407956805
us-0344,2021,-0.056096557836917756
us-0345,2021,-0.0628821437875366
us-0346,2021,-0.04193918190215245
us-0347,2021,-0.06467135793783074
us-0348,2021,-0.06604372978679576
us-0349,2021,0.05057133775955943
us-0350,2021,0.009521237328328217
us-0351,2021,-0.03426557105116528
us-0352,2021,-0.05119016731469285
us-0353,2021,-0.0930952536682002
us-0354,2021,0.02022251622675132
us-0355,2021,-0.05241169256671393
us-0356,2021,-0.0709144176290314
us-0357,2021,0.048825817954400615
us-0358,2021,0.015067326103682395
us-0359,2021,-0.040982794219188864
us-0360,2021,-0.14782468590276307
us-0361,2021,-0.02045895115489166
us-0362,2021,-0.28815720703832204
us-0363,2021,0.0424146431647871
us-0364,2021,-0.047797696086723324
us-0365,2021,-0.05018956237738076
us-0366,2021,0.036809379108384783
us-0367,2021,-0.18118479801727416
us-0368,2021,0.03397634670448532
us-0369,2021,0.048403481088955876
us-0370,2021,-0.05626302541721382
us-0371,2021,-0.04620156416394243
us-0372,2021,0.033866819861254685
us-0373,2021,0.07003730849620102
us-0374,2021,-0.030964126899186796
us-0375,2021,0.04608914656588487
us-0376,2021,-0.10299177142559315
us-0377,2021,-0.03745879501839329
us-0378,2021,-0.18614163124548871
us-0379,2021,-0.007619462463127209
us-0380,2021,0.1660521330105295
us-0381,2021,-0.0401271927471807
us-0382,2021,-0.2984529182993024
us-0383,2021,-0.06934975082379181
us-0384,2021,-0.143645098838474
us-0385,2021,-0.12675570748347292
us-0386,2021,0.09349948955466976
us-0387,2021,-0.0626922221225044
us-0388,2021,0.03573318934485192
us-0389,2021,-0.11146961114684967
us-0390,2021,0.003238197810087912
us-0391,2021,-0.019455206171699328
us-0392,2021,0.10935243090887747
us-0393,2021,-0.010135124257003122
us-0394,2021,-0.03944491058020196
us-0395,2021,-0.042974941782757486
us-0396,2021,-0.05479945876198615
us-0397,2021,-0.049338214815625225
us-0398,2021,-0.09283396465636609
us-0399,2021,-0.12054443951563824
us-0400,2021,0.09118093723621506
us-0401,2021,-0.011968404798386819
us-0402,2021,0.00995681806215496
us-0403,2021,-0.0360308588573319
us-0404,2021,-0.030922676420255542
us-0405,2021,-0.38843247593363944
us-0406,2021,-0.03400139795326356
us-0407,2021,-0.3853092860312471
us-0408,2021,-0.06463886676540093
us-0409,2021,-0.09642198377870212
us-0410,2021,0.049499290460946734
us-0411,2021,-0.002094680854120605
us-0412,2021,-0.20256748818925316
us-0413,2021,-0.07913846998283403
us-0414,2021,-0.28075107131837806
us-0415,2021,-0.058868378487866226
us-0416,2021,-0.11249903405591163
us-0417,2021,-0.05737352754119817
us-0418,2021,0.08887178270592007
us-0419,2021,-0.03788430726538408
us-0420,2021,-0.07940457024068691
us-0421,2021,-0.07931147414506491
us-0422,2021,0.017102802217425245
us-0423,2021,-0.04041240612365249
us-0424,2021,-0.1358158952420726
us-0425,2021,-0.08024947571227607
us-0426,2021,-0.008255315923132285
us-0427,2021,-0.07567452275546713
us-0428,2021,0.11197873173755304
us-0429,2021,0.011901360293055326
us-0430,2021,-0.050219706852547674
us-0431,2021,0.1569956062255518
us-0432,2021,-0.32507790412741294
us-0433,2021,-0.20155609873906155
us-0434,2021,-0.14810469431049914
us-0435,2021,-0.09220643205264743
us-0436,2021,0.23586542901658486
us-0437,2021,-0.07446007640690674
us-0438,2021,-0.3277026596783857
us-0439,2021,-0.04089367847180908
us-0440,2021,-0.20942898934179136
us-0441,2021,-0.1646919566010859
us-0442,2021,-0.12281371481292931
us-0443,2021,-0.08014478983958871
us-0444,2021,-0.2096100337689832
us-0445,2021,-0.11372471617139478
us-0446,2021,0.04084650601413458
us-0447,2021,-0.48236753657732434
us-0448,2021,-0.3248284516566804
us-0449,2021,0.061648938751315045
us-0450,2021,0.03639915264451913
us-0451,2021,-0.16614722461232537
us-0452,2021,-0.04339824560729971
us-0453,2021,-0.3002999694653835
us-0454,2021,0.13080683157381487
us-0455,2021,-0.11157075684042009
us-0456,2021,-0.03780739080640924
us-0457,2021,-0.11692707416736707
us-0458,2021,-0.06299584916036778
us-0459,2021,-0.19498627560159165
us-0460,2021,-0.05122355495827625
us-0461,2021,0.14232157669931525
us-0462,2021,-0.18958162134355466
us-0463,2021,-0.003031232230309059
us-0464,2021,0.146932041039996
us-0465,2021,-0.5148870237785443
us-0466,2021,0.07402610448682276
us-0467,2021,0.044758023589221214
us-0468,2021,-0.23234135213604315
us-0469,2021,-0.05885613961176201
us-0470,2021,-0.19156049738572087
us-0471,2021,0.009545255588166013
us-0472,2021,0.11564985568476444
us-0473,2021,-0.0945306704800651
us-0474,2021,-0.020891336708791012
us-0475,2021,-0.04037513714155818
us-0476,2021,0.08032921988336675
us-0477,2021,0.0640093039657689
us-0478,2021,-0.28070043837022224
us-0479,2021,-0.2810896803186363
us-0480,2021,-0.13860560042786202
us-0481,2021,-0.034426723611670734
us-0482,2021,0.05461864115000656
us-0001,2022,0.0059821897167221935
us-0002,2022,-0.024614287157663277
us-0003,2022,-0.08507414781215342
us-0004,2022,0.017076264038169486
us-0005,2022,0.02514603224108465
us-0006,2022,-5.738809429513234e-05
us-0007,2022,-0.0028414134682001966
us-0008,2022,-0.0299143684454878
us-0009,2022,0.0002596235995881359
us-0010,2022,0.019703294642344448
us-0011,2022,-0.08073794658185365
us-0012,2022,-0.17637056743061788
us-0013,2022,-0.11530057680684021
us-0014,2022,-0.016290625797950643
us-0015,2022,0.01659065263948473
us-0016,2022,-0.08215804847044887
us-0017,2022,0.009569336509241728
us-0018,2022,-0.11223040176400996
us-0019,2022,-0.052538481602712
us-0020,2022,-0.02083575616299998
us-0021,2022,-0.021685029554028224
us-0022,2022,-0.05683827414503315
us-0023,2022,-0.056836906397396546
us-0024,2022,-0.11402088484550389
us-0025,2022,-0.06550185012971711
us-0026,2022,0.010589601854608374
us-0027,2022,-0.12076182379633074
us-0028,2022,-0.04580837707125146
us-0029,2022,-0.1435347251061978
us-0030,2022,-0.01996865347973802
us-0031,2022,-0.013942523725292493
us-0032,2022,-0.05062570687012525
us-0033,2022,-0.0057572503904833325
us-0034,2022,-0.03071848522782667
us-0035,2022,0.07786869964349838
us-0036,2022,-0.08415441218805249
us-0037,2022,0.002650896469031962
us-0038,2022,-0.07203794769167705
us-0039,2022,0.06805760363489165
us-0040,2022,-0.060331903244540006
us-0041,2022,0.02047543993021356
us-0042,2022,0.09956965923003046
us-0043,2022,-0.054696433194557165
us-0044,2022,-0.03089878460488281
us-0045,2022,-0.06251298166520854
us-0046,2022,-0.04012626594978742
us-0047,2022,-0.02089720782038802
us-0048,2022,0.03846315637682954
us-0049,2022,-0.08839953039772548
us-0050,2022,-0.005607873559691157
us-0051,2022,-0.04600984055950132
us-0052,2022,-0.006198597283161794
us-0053,2022,-0.06201911937059166
us-0054,2022,-0.03697991489350853
us-0055,2022,0.08330664215750265
us-0056,2022,-0.011918848635109102
us-0057,2022,-0.035738515704142874
us-0058,2022,0.057074341690857004
us-0059,2022,0.02271036113412246
us-0060,2022,-0.014197468886230835
us-0061,2022,-0.10721495032319488
us-0062,2022,-0.11564581411972183
us-0063,2022,-0.017769157166206875
us-0064,2022,0.08338261267994594
us-0065,2022,0.15434173036661492
us-0066,2022,-0.06682054246212321
us-0067,2022,0.02869124969335343
us-0068,2022,-0.07369400722377605
us-0069,2022,-0.020325049175195214
us-0070,2022,-0.03506997642391979
us-0071,2022,-0.17565322064982747
us-0072,2022,0.02248819752423982
us-0073,2022,-0.11163712448736564
us-0074,2022,-0.06367297872730707
us-0075,2022,-0.07368470357946945
us-0076,2022,-0.02249291503110668
us-0077,2022,-0.0962507320338684
us-0078,2022,-0.022912225274706165
us-0079,2022,-0.02668806847691174
us-0080,2022,-0.08911648385520304
us-0081,2022,-0.003945772125369735
us-0082,2022,0.021694911458923022
us-0083,2022,-0.10138234002257639
us-0084,2022,-0.04647785112373318
us-0085,2022,0.03284153771200851
us-0086,2022,-0.01794073565778819
us-0087,2022,-0.06893462973069202
us-0088,2022,-0.04326592947239315
us-0089,2022,0.02451965952793254
us-0090,2022,-0.0526772932106685
us-0091,2022,0.059679014182698824
us-0092,2022,-0.0008376675320154364
us-0093,2022,-0.011985231325488026
us-0094,2022,0.13933385022549982
us-0095,2022,-0.09811801949474633
us-0096,2022,-0.07712105886551097
us-0097,2022,-0.07517932117307538
us-0098,2022,-0.049324900828095736
us-0099,2022,-0.12872692853308373
us-0100,2022,-0.03987303264176246
us-0101,2022,-0.03196110184305667
us-0102,2022,-0.041397987455819185
us-0103,2022,-0.03122075958479018
us-0104,2022,0.07834392695322516
us-0105,2022,0.004072695063825764
us-0106,2022,-0.04806299678964866
us-0107,2022,-0.006069972536388614
us-0108,2022,-0.09728062109070719
us-0109,2022,-0.00674001968892889
us-0110,2022,-0.021850723368798276
us-0111,2022,-0.05291709065758416
us-0112,2022,0.03796739348545624
us-0113,2022,-0.03456579141180088
us-0114,2022,-0.0006042157143025145
us-0115,2022,0.017240983624354528
us-0116,2022,-0.05943600943217981
us-0117,2022,-0.11605686118562858
us-0118,2022,-0.005128665832404206
us-0119,2022,0.02585169558629812
us-0120,2022,-0.08803609164136154
us-0121,2022,0.05035279306157527
us-0122,2022,-0.03468296630867131
us-0123,2022,-0.06081626857459088
us-0124,2022,-0.06958847872211019
us-0125,2022,-0.0004055868646701165
us-0126,2022,0.02013309397184608
us-0127,2022,-0.043000728206007116
us-0128,2022,-0.14034336673480335
us-0129,2022,-0.012996024086431949
us-0130,2022,0.04980208463033827
us-0131,2022,-0.0419636937018742
us-0132,2022,0.07735608984515023
us-0133,2022,0.023654886603199032
us-0134,2022,-0.0726114131702594
us-0135,2022,-0.0148348175390744
us-0136,2022,-0.023963240475242696
us-0137,2022,-0.040487078611596686
us-0138,2022,-0.01084827139427466
us-0139,2022,-0.0891507615926614
us-0140,2022,-0.021628319201976123
us-0141,2022,0.10896813363170679
us-0142,2022,0.008542202549557995
us-0143,2022,-0.07205426782308755
us-0144,2022,-0.009115125585725675
us-0145,2022,-0.009777911877352326
us-0146,2022,0.02157979414180297
us-0147,2022,0.011921042117174626
us-0148,2022,-0.0760557468084341
us-0149,2022,-0.015680459638651247
us-0150,2022,0.02088503538066474
us-0151,2022,-0.05943704676654602
us-0152,2022,-0.035991709706832964
us-0153,2022,-0.06239474741794729
us-0154,2022,-0.08182009901379948
us-0155,2022,0.07873994203756488
us-0156,2022,-0.017003983286897218
us-0157,2022,-0.13811472344652356
us-0158,2022,-0.06022356553887926
us-0159,2022,-0.003738794269535652
us-0160,2022,-0.050120121170115745
us-0161,2022,-0.02505945156785313
us-0162,2022,-0.22349842664008607
us-0163,2022,0.13675183044034678
us-0164,2022,-0.02534292112174546
us-0165,2022,-0.027256097163012156
us-0166,2022,0.04404486592418908
us-0167,2022,0.01348642204570308
us-0168,2022,-0.08936019589229562
us-0169,2022,-0.007073310335238959
us-0170,2022,-0.09553842484254249
us-0171,2022,0.04359506003292797
us-0172,2022,-0.1608807436064373
us-0173,2022,-0.1714145339152964
us-0174,2022,-0.0600676239712808
us-0175,2022,0.08004474226585184
us-0176,2022,-0.0952056000577388
us-0177,2022,-0.095344694283487
us-0178,2022,-0.07902601655007717
us-0179,2022,-0.06550120149853468
us-0180,2022,-0.008496792018507433
us-0181,2022,0.0009686648923798244
us-0182,2022,0.004098478401832493
us-0183,2022,0.02033388713786628
us-0184,2022,0.09608800774359497
us-0185,2022,0.006396248155799129
us-0186,2022,-0.07452785049938962
us-0187,2022,0.04117209667585345
us-0188,2022,0.02832479858072615
us-0189,2022,0.08765446739314617
us-0190,2022,0.0020722669272401576
us-0191,2022,-0.02732210034926899
us-0192,2022,-0.12699792447625993
us-0193,2022,-0.07787256160795399
us-0194,2022,0.0759065173743993
us-0195,2022,0.0023315319607098038
us-0196,2022,0.00847509860159046
us-0197,2022,-0.017419237754464748
us-0198,2022,0.024229704155251327
us-0199,2022,-0.133135080061241
us-0200,2022,-0.06220749182062708
us-0201,2022,-0.022535501724626927
us-0202,2022,-0.043579230191197825
us-0203,2022,-0.0662027245876848
us-0204,2022,0.0044738973311467065
us-0205,2022,-0.04852962491502229
us-0206,2022,-0.06560341140686314
us-0207,2022,-0.04642647095955258
us-0208,2022,0.031721466746151894
us-0209,2022,0.04621948787445928
us-0210,2022,0.07525219470201809
us-0211,2022,0.05350420410317841
us-0212,2022,-0.0344930599677759
us-0213,2022,-0.11983822088748229
us-0214,2022,-0.08442588751395916
us-0215,2022,-0.10454403354024382
us-0216,2022,-0.022578417420494434
us-0217,2022,0.08810995122583316
us-0218,2022,-0.012293597658620542
us-0219,2022,-0.018282664454014948
us-0220,2022,0.03408899525540256
us-0221,2022,-0.07642870221587242
us-0222,2022,-0.0585855045081679
us-0223,2022,-0.0013128718598521979
us-0224,2022,-0.020693769191892884
us-0225,2022,0.12684542175930166
us-0226,2022,-0.03936791433240257
us-0227,2022,-0.032550921886126134
us-0228,2022,-0.06922469225945002
us-0229,2022,-0.01749227928380026
us-0230,2022,-0.01668203814558162
us-0231,2022,0.1185507583663208
us-0232,2022,0.033141226826756146
us-0233,2022,0.04638307500251796
us-0234,2022,-0.04343390498983747
us-0235,2022,-0.09126236798681893
us-0236,2022,-0.04415346427058
us-0237,2022,-0.04387972824936082
us-0238,2022,0.05573714475848818
us-0239,2022,-0.005497989708667137
us-0240,2022,-0.16868257381904156
us-0241,2022,0.040878112337756185
us-0242,2022,0.027546595281486612
us-0243,2022,-0.16667805753415607
us-0244,2022,0.0026552445129576635
us-0245,2022,-0.03568643964019915
us-0246,2022,0.026043663954525165
us-0247,2022,-0.10737825963710527
us-0248,2022,-0.011812454179751651
us-0249,2022,-0.045077207516904645
us-0250,2022,-0.01535049607443239
us-0251,2022,-0.04812879494168759
us-0252,2022,-0.11145911108660632
us-0253,2022,-0.014356629356569641
us-0254,2022,-0.11086622021553053
us-0255,2022,-0.08249945410097193
us-0256,2022,-0.054241427578213625
us-0257,2022,0.008849464061111182
us-0258,2022,0.014468955556461166
us-0259,2022,0.0039643633217527315
us-0260,2022,0.009326806690559773
us-0261,2022,-0.06599084398192764
us-0262,2022,-0.04436673664054537
us-0263,2022,0.0025280752737389793
us-0264,2022,-0.07719910649138582
us-0265,2022,0.051678574972220295
us-0266,2022,-0.049685941850533544
us-0267,2022,-0.031211971759482215
us-0268,2022,-0.13134802355762934
us-0269,2022,-0.03355174619179094
us-0270,2022,-0.016463480161743486
us-0271,2022,0.11511528980466731
us-0272,2022,-0.06011675944039907
us-0273,2022,-0.058464212474473275
us-0274,2022,-0.04360626540813038
us-0275,2022,-0.10739374586148612
us-0276,2022,0.0048720656877108545
us-0277,2022,-0.18486695060126468
us-0278,2022,0.05071590469346014
us-0279,2022,-0.13211835336193165
us-0280,2022,-0.05072655668246363
us-0281,2022,-0.10464445074602594
us-0282,2022,-0.02949182210291389
us-0283,2022,-0.06439306493164336
us-0284,2022,-0.044725784436488863
us-0285,2022,-0.2335589380504132
us-0286,2022,-0.11177887753482305
us-0287,2022,-0.18121129408094971
us-0288,2022,-0.10665481146396545
us-0289,2022,-0.10011207975773123
us-0290,2022,-0.057996412130653166
us-0291,2022,-0.06694767935341081
us-0292,2022,-0.08732433484700855
us-0293,2022,-0.06498133058973901
us-0294,2022,0.017559968449627445
us-0295,2022,0.030632948461794738
us-0296,2022,0.018942170527757058
us-0297,2022,-0.0011955294707653012
us-0298,2022,0.012023982739500083
us-0299,2022,-0.08423050585158998
us-0300,2022,-0.01741028501781092
us-0301,2022,-0.06467674470535452
us-0302,2022,-0.09781165825256523
us-0303,2022,-0.06654658583235501
us-0304,2022,-0.2480653015791272
us-0305,2022,0.03705267689775673
us-0306,2022,-0.026481287447586252
us-0307,2022,0.02250971104667554
us-0308,2022,0.0038658660833657587
us-0309,2022,-0.025132753836664187
us-0310,2022,-0.08661285940558466
us-0311,2022,0.041421136564539114
us-0312,2022,-0.18245036520890034
us-0313,2022,-0.06268212242724765
us-0314,2022,-0.1595273663674041
us-0315,2022,-0.045886499957289356
us-0316,2022,-0.057533057507814594
us-0317,2022,-0.17634481466838162
us-0318,2022,-0.08689948132354117
us-0319,2022,-0.23562218797822557
us-0320,2022,-0.33015663305001397
us-0321,2022,-0.07461583917978265
us-0322,2022,0.005670543166238773
us-0323,2022,-0.022828476007461008
us-0324,2022,-0.0718483806908603
us-0325,2022,-0.06698116515889022
us-0326,2022,-5.854899802872941e-05
us-0327,2022,-0.04733795161278122
us-0328,2022,-0.11155749587160747
us-0329,2022,0.019177996470482364
us-0330,2022,-0.073489152215722
us-0331,2022,-0.10801921720782193
us-0332,2022,-0.009141113118296613
us-0333,2022,-0.06611722945901503
us-0334,2022,-0.11426117690619414
us-0335,2022,0.04713295507927254
us-0336,2022,0.12630459326687266
us-0337,2022,-0.026579364343479017
us-0338,2022,-0.06814452484820845
us-0339,2022,0.03175264469296458
us-0340,2022,-0.04560435917944563
us-0341,2022,-0.07309921620843593
us-0342,2022,-0.03528774716475978
us-0343,2022,0.09900243242296392
us-0344,2022,-0.0362845503340661
us-0345,2022,-0.07756457140693356
us-0346,2022,-0.01648375624785882
us-0347,2022,-0.08658977420596464
us-0348,2022,-0.03722642378808168
us-0349,2022,0.07576048616073569
us-0350,2022,-0.010817049551699428
us-0351,2022,-0.011378375644919461
us-0352,2022,-0.0612762618082913
us-0353,2022,-0.04860772772050407
us-0354,2022,0.0024696794532038384
us-0355,2022,0.05966473536479711
us-0356,2022,-0.07292476980577761
us-0357,2022,0.07768220297482711
us-0358,2022,-0.020101328400360517
us-0359,2022,-0.04457000192398971
us-0360,2022,-0.027763442826661894
us-0361,2022,-0.011555188627836093
us-0362,2022,-0.06697116189813451
us-0363,2022,0.037422201455697225
us-0364,2022,-0.06328749520584714
us-0365,2022,-0.04463594672010893
us-0366,2022,0.02630220819636605
us-0367,2022,0.011882159407198714
us-0368,2022,0.025216440602179827
us-0369,2022,0.008384724436053164
us-0370,2022,-0.06373891982520176
us-0371,2022,-0.06678313576916789
us-0372,2022,0.06948289558849995
us-0373,2022,0.06902050670139857
us-0374,2022,-0.07861577033740715
us-0375,2022,-0.04451934248826254
us-0376,2022,-0.08962396194261243
us-0377,2022,-0.05832926222785187
us-0378,2022,-0.22190375209494814
us-0379,2022,0.008910991867382997
us-0380,2022,0.008877473300602104
us-0381,2022,-0.024811590910479943
us-0382,2022,0.08251372452450247
us-0383,2022,-0.05342649000644119
us-0384,2022,-0.11226359560166198
us-0385,2022,-0.08373564024393666
us-0386,2022,0.05249670126634547
us-0387,2022,-0.05948713031964612
us-0388,2022,-0.007003201165670253
us-0389,2022,-0.13081779922351597
us-0390,2022,0.005439881681417898
us-0391,2022,-0.020277030440255493
us-0392,2022,0.023870154934402626
us-0393,2022,0.0034236517384068433
us-0394,2022,-0.02346621257058136
us-0395,2022,-0.043564707622207814
us-0396,2022,-0.032486778089941444
us-0397,2022,-0.04425556707262201
us-0398,2022,0.07010701404455999
us-0399,2022,-0.05080960392726525
us-0400,2022,-0.0328342308833503
us-0401,2022,0.06173672975532258
us-0402,2022,0.02363729081284984
us-0403,2022,-0.041648460355818075
us-0404,2022,-0.012137023239436545
us-0405,2022,-0.38561772374046976
us-0406,2022,-0.035475648674648017
us-0407,2022,-0.04217263891929211
us-0408,2022,0.10349897855954768
us-0409,2022,-0.09910663230488898
us-0410,2022,0.04021037110095801
us-0411,2022,-0.003135986932349304
us-0412,2022,-0.131646931638811
us-0413,2022,0.0862651084039748
us-0414,2022,-0.3854189802922649
us-0415,2022,-0.07073594283128082
us-0416,2022,-0.10377997116051786
us-0417,2022,-0.0504141098396768
us-0418,2022,0.025109628475743172
us-0419,2022,0.12171704885142427
us-0420,2022,-0.07030960664770534
us-0421,2022,-0.11907295499988994
us-0422,2022,-0.11833789281265732
us-0423,2022,-0.07339958800777754
us-0424,2022,-0.13361577828741666
us-0425,2022,-0.0884748213740719
us-0426,2022,-0.0015062037041127466
us-0427,2022,0.08020852643950462
us-0428,2022,0.07701955235427844
us-0429,2022,0.004433366196047787
us-0430,2022,-0.07582855627758958
us-0431,2022,0.20060402829120466
us-0432,2022,-0.2817791234188451
us-0433,2022,-0.42696548729752154
us-0434,2022,0.040705290268754586
us-0435,2022,-0.1574858784080557
us-0436,2022,0.14803595549319562
us-0437,2022,-0.17545231381770116
us-0438,2022,0.010178209774383625
us-0439,2022,0.0656085076020898
us-0440,2022,-0.14393954813546866
us-0441,2022,0.03166855041190492
us-0442,2022,0.06341476656807461
us-0443,2022,-0.049213693344125765
us-0444,2022,-0.33306682519063413
us-0445,2022,-0.03599956913067579
us-0446,2022,0.03382726843076547
us-0447,2022,0.07896559624075615
us-0448,2022,0.0016380923069872848
us-0449,2022,0.006444976350142205
us-0450,2022,0.06759608185868338
us-0451,2022,-0.18349586802793053
us-0452,2022,0.09946676223845531
us-0453,2022,-0.240132214341401
us-0454,2022,0.23556837563089347
us-0455,2022,-0.07488001411825537
us-0456,2022,0.0910080438437941
us-0457,2022,0.10299904684785087
us-0458,2022,-0.06259674673561716
us-0459,2022,0.025922435474889788
us-0460,2022,-0.1878089331106468
us-0461,2022,0.11962897295484297
us-0462,2022,-0.23626760753108816
us-0463,2022,0.03710909431215126
us-0464,2022,0.20186234397423883
us-0465,2022,-0.49158693509795104
us-0466,2022,0.11143250094001866
us-0467,2022,0.07275552320512656
us-0468,2022,-0.2154751492896074
us-0469,2022,0.11153783426498913
us-0470,2022,-0.19477149798733362
us-0471,2022,0.007977363507415047
us-0472,2022,0.12667162902748308
us-0473,2022,-0.09723585467399902
us-0474,2022,-0.04445617371663528
us-0475,2022,-0.04512924438122851
us-0476,2022,0.13145465188140945
us-0477,2022,0.03371685218956777
us-0478,2022,-0.2629371877166116
us-0479,2022,-0.3562401263823065
us-0480,2022,-0.057975448125548126
us-0481,2022,0.11689609118484436
us-0482,2022,0.05947435399559002
us-0001,2023,0.008775435424121986
us-0002,2023,-0.008728895355672029
us-0003,2023,-0.06107722748056228
us-0004,2023,0.009529304981373648
us-0005,2023,0.024283407278239365
us-0006,2023,0.00971401405292627
us-0007,2023,0.0035371025165085624
us-0008,2023,-0.03951929515712773
us-0009,2023,0.0008580679159631582
us-0010,2023,0.011815332590103046
us-0011,2023,-0.0671793640258005
us-0012,2023,-0.14172516775989308
us-0013,2023,-0.1024049588137941
us-0014,2023,-0.010881431868520287
us-0015,2023,0.016640213259186246
us-0016,2023,-0.06249360021962965
us-0017,2023,0.023509212746175515
us-0018,2023,-0.10101554567783026
us-0019,2023,-0.06355388286884074
us-0020,2023,-0.031107750559852296
us-0021,2023,-0.018138490260220713
us-0022,2023,-0.08012960977583307
us-0023,2023,-0.03173048778947667
us-0024,2023,-0.21723148112984417
us-0025,2023,-0.052326677175622026
us-0026,2023,0.01696738186623808
us-0027,2023,-0.14906790769971218
us-0028,2023,-0.04025025872110789
us-0029,2023,-0.1352231912624488
us-0030,2023,-0.026299449929169782
us-0031,2023,-0.024392339292194212
us-0032,2023,-0.07444692085775058
us-0033,2023,0.013201542838223957
us-0034,2023,-0.02045371593295395
us-0035,2023,0.09452968862767822
us-0036,2023,-0.08073469121905752
us-0037,2023,0.014072239506341934
us-0038,2023,-0.05930630840413124
us-0039,2023,0.051617850587069754
us-0040,2023,-0.05281833332678149
us-0041,2023,-0.0014385441025283397
us-0042,2023,0.051147557239236495
us-0043,2023,-0.07119613362002652
us-0044,2023,-0.031839601250856955
us-0045,2023,-0.06473293774613423
us-0046,2023,-0.027876259931378884
us-0047,2023,-0.03075104135785841
us-0048,2023,0.03553899497946596
us-0049,2023,-0.08723433959019847
us-0050,2023,-0.01526594964014883
us-0051,2023,-0.1202736125704102
us-0052,2023,-0.08203338504238736
us-0053,2023,-0.05711151422350585
us-0054,2023,-0.03428033863943583
us-0055,2023,0.11441094838808197
us-0056,2023,0.0016872035124785038
us-0057,2023,-0.03005717988774531
us-0058,2023,0.06074797638293616
us-0059,2023,-0.026446736376234074
us-0060,2023,-0.03053525677528162
us-0061,2023,-0.10911223411084249
us-0062,2023,-0.08384358594626674
us-0063,2023,-0.05337434052592667
us-0064,2023,0.05979219312279672
us-0065,2023,0.1498554364967854
us-0066,2023,-0.06704848045758491
us-0067,2023,0.008850438144339685
us-0068,2023,-0.07125710544777317
us-0069,2023,-0.007752505561935281
us-0070,2023,-0.0266566792779546
us-0071,2023,-0.2587842813989152
us-0072,2023,-0.0497502415926206
us-0073,2023,-0.09612501605613198
us-0074,2023,-0.04714972506371056
us-0075,2023,-0.07091842445730903
us-0076,2023,-0.02148338795145192
us-0077,2023,-0.07453458440299858
us-0078,2023,-0.025918394231649898
us-0079,2023,-0.014137357142729887
us-0080,2023,-0.0696067534081645
us-0081,2023,-0.021973022045672815
us-0082,2023,0.021604696708053796
us-0083,2023,-0.0874695254241733
us-0084,2023,-0.04597830302054222
us-0085,2023,-0.03721709192549098
us-0086,2023,-0.08970020304471467
us-0087,2023,-0.06322014199456727
us-0088,2023,-0.054936897457689614
us-0089,2023,0.02047982420624325
us-0090,2023,-0.04483758988806128
us-0091,2023,0.05488255456638145
us-0092,2023,-0.005521378271155881
us-0093,2023,-0.0061565635815503065
us-0094,2023,0.13684715471059367
us-0095,2023,-0.09134972218685991
us-0096,2023,-0.05151886266346949
us-0097,2023,0.049270184279320096
us-0098,2023,-0.0020973614760186766
us-0099,2023,-0.09823177243226157
us-0100,2023,-0.049829044874765915
us-0101,2023,-0.02725929681763693
us-0102,2023,-0.04042180513057548
us-0103,2023,-0.042530362006760414
us-0104,2023,0.1051327110859368
us-0105,2023,0.014714656830503691
us-0106,2023,-0.05503803031132281
us-0107,2023,0.0009286186031118495
us-0108,2023,-0.10687770698901232
us-0109,2023,-0.003782605989773925
us-0110,2023,-0.021597361888746926
us-0111,2023,-0.044659139731408816
us-0112,2023,0.09171747800915998
us-0113,2023,-0.0381764956930707
us-0114,2023,-0.000527977793080691
us-0115,2023,0.012049705424813094
us-0116,2023,-0.05010318802155327
us-0117,2023,-0.11740819154266671
us-0118,2023,0.011414022334487161
us-0119,2023,0.026194253442566758
us-0120,2023,-0.0947107705787052
us-0121,2023,0.04341009606963769
us-0122,2023,-0.04456163377854748
us-0123,2023,-0.05521007904017356
us-0124,2023,-0.05073892062666433
us-0125,2023,-0.03328626899916869
us-0126,2023,0.007471145842733775
us-0127,2023,-0.06662194478814132
us-0128,2023,-0.14781133867287707
us-0129,2023,-0.022335983278430022
us-0130,2023,0.044637246195985775
us-0131,2023,-0.05731769128306444
us-0132,2023,0.08006421856870985
us-0133,2023,0.01532409206945555
us-0134,2023,-0.09221272439956492
us-0135,2023,-0.010321956895835873
us-0136,2023,-0.06334581257690876
us-0137,2023,-0.04713421603225372
us-0138,2023,-0.021210187610340867
us-0139,2023,-0.09861818830295142
us-0140,2023,-0.06111232904226474
us-0141,2023,0.10352707488692858
us-0142,2023,0.03246725812790816
us-0143,2023,-0.05450922534433964
us-0144,2023,-0.018448766222883203
us-0145,2023,-0.05754395721715717
us-0146,2023,0.03239436142942481
us-0147,2023,-0.000754550075283707
us-0148,2023,-0.06360733635594651
us-0149,2023,-0.022569049989293242
us-0150,2023,0.04499658640524755
us-0151,2023,-0.0724244000114211
us-0152,2023,-0.04418573757176824
us-0153,2023,-0.054620447349547796
us-0154,2023,-0.08178869335845586
us-0155,2023,0.08244264091318511
us-0156,2023,-0.002490763465506744
us-0157,2023,-0.15387058549688068
us-0158,2023,-0.09936621967999917
us-0159,2023,-0.025047998457925363
us-0160,2023,-0.046573175940253675
us-0161,2023,-0.019557491546879337
us-0162,2023,-0.14487469648197435
us-0163,2023,0.10740593326156962
us-0164,2023,-0.034369801780664705
us-0165,2023,-0.013578047628938017
us-0166,2023,0.03366326735734231
us-0167,2023,0.01097447123599978
us-0168,2023,-0.09095273706080688
us-0169,2023,0.0029277895098249224
us-0170,2023,-0.09993670388383803
us-0171,2023,0.03607082534361693
us-0172,2023,-0.1739811380494788
us-0173,2023,-0.11784816886776912
us-0174,2023,-0.07314875690074363
us-0175,2023,0.07513244973527483
us-0176,2023,-0.08315972140583237
us-0177,2023,-0.09888883264808203
us-0178,2023,-0.06737356836199611
us-0179,2023,-0.06637097245345985
us-0180,2023,-0.017951939002343213
us-0181,2023,0.014909544316755566
us-0182,2023,0.005622866112723653
us-0183,2023,0.007289933161644287
us-0184,2023,0.0980893008283862
us-0185,2023,0.0009656452780952014
us-0186,2023,-0.0674752966765215
us-0187,2023,0.04461235682253291
us-0188,2023,0.02067698020476441
us-0189,2023,0.08503219050395219
us-0190,2023,-0.03004340072728547
us-0191,2023,-0.05584969383233042
us-0192,2023,-0.10167021345641032
us-0193,2023,-0.06321224835401963
us-0194,2023,0.07717374092165168
us-0195,2023,0.012025901057457683
us-0196,2023,0.023715897361876112
us-0197,2023,0.03969279062909394
us-0198,2023,0.01973552001301555
us-0199,2023,-0.12621088743914585
us-0200,2023,-0.03814966341896629
us-0201,2023,-0.012372403410854778
us-0202,2023,-0.028437340768381517
us-0203,2023,-0.0638623438516969
us-0204,2023,0.010644753571524912
us-0205,2023,-0.05259687092872998
us-0206,2023,-0.044990883236210186
us-0207,2023,-0.06377038167180411
us-0208,2023,0.03478954839891022
us-0209,2023,0.03197910336239939
us-0210,2023,0.03157074819524851
us-0211,2023,0.027654595817088592
us-0212,2023,-0.05047280131527746
us-0213,2023,-0.11856410826119637
us-0214,2023,-0.07599179865182126
us-0215,2023,-0.08869108396108673
us-0216,2023,-0.006273437208829405
us-0217,2023,0.11243683346794914
us-0218,2023,-0.005071492003258085
us-0219,2023,-0.024861846238961312
us-0220,2023,0.006345327316834082
us-0221,2023,-0.05512001106798255
us-0222,2023,-0.04429065508935042
us-0223,2023,-0.009156173285930325
us-0224,2023,-0.034082738478198156
us-0225,2023,0.11142619125436236
us-0226,2023,-0.1267528197321178
us-0227,2023,-0.0271541418501941
us-0228,2023,-0.06578396423175996
us-0229,2023,-0.014045147537371556
us-0230,2023,0.03990194388910461
us-0231,2023,0.09692159176194187
us-0232,2023,0.019476952488631086
us-0233,2023,0.0258304664115398
us-0234,2023,-0.08653613108974062
us-0235,2023,-0.07712599649917647
us-0236,2023,-0.048091531484385254
us-0237,2023,-0.08679059034318606
us-0238,2023,0.06939213528577742
us-0239,2023,0.008735664442959663
us-0240,2023,-0.15838067418853968
us-0241,2023,0.023020881427243397
us-0242,2023,0.0205235042977651
us-0243,2023,-0.10502241992862554
us-0244,2023,-0.02333319053464377
us-0245,2023,-0.05922194492266033
us-0246,2023,0.028606875836587137
us-0247,2023,-0.09212226795295694
us-0248,2023,-0.0875729210961185
us-0249,2023,0.007044259120844163
us-0250,2023,0.003672476592195851
us-0251,2023,-0.06458853015998368
us-0252,2023,-0.13101225001093236
us-0253,2023,-0.01214396824916953
us-0254,2023,-0.03254054260112958
us-0255,2023,-0.07720195095301143
us-0256,2023,-0.061457486644002184
us-0257,2023,-0.01722933275979343
us-0258,2023,0.03092126473667803
us-0259,2023,0.009117487077964805
us-0260,2023,0.01527779811531174
us-0261,2023,-0.06935154054988628
us-0262,2023,-0.03134811113008071
us-0263,2023,0.00702732616429777
us-0264,2023,-0.09062672131265816
us-0265,2023,0.01270545322970295
us-0266,2023,-0.05382355698703095
us-0267,2023,-0.018343893224438048
us-0268,2023,-0.13474278015486865
us-0269,2023,-0.013290457181432354
us-0270,2023,-0.015047566894501253
us-0271,2023,0.12225170730914348
us-0272,2023,-0.057030716626661426
us-0273,2023,-0.07243950947647042
us-0274,2023,-0.040686854483191495
us-0275,2023,-0.10442821742316138
us-0276,2023,-0.0531922124581249
us-0277,2023,-0.156790098255738
us-0278,2023,0.022074316866784825
us-0279,2023,-0.08599377033320145
us-0280,2023,-0.08306314865218568
us-0281,2023,-0.08880054680539816
us-0282,2023,-0.02422770540554909
us-0283,2023,-0.07548434791402686
us-0284,2023,-0.035450023335808
us-0285,2023,-0.18661335248642524
us-0286,2023,-0.11280010935450936
us-0287,2023,-0.21626090196995765
us-0288,2023,-0.07102556874423177
us-0289,2023,-0.08063906620575435
us-0290,2023,-0.0854431534177528
us-0291,2023,-0.1168763524092087
us-0292,2023,-0.09302444408367731
us-0293,2023,-0.041855871472109035
us-0294,2023,-0.00218187944254819
us-0295,2023,0.032454803279269584
us-0296,2023,0.02567002980940766
us-0297,2023,-0.006274065945887092
us-0298,2023,0.032893907530413324
us-0299,2023,-0.05185208341323084
us-0300,2023,-0.02586969040099603
us-0301,2023,-0.0536735629265457
us-0302,2023,-0.08066911606147625
us-0303,2023,-0.022819915599986963
us-0304,2023,-0.23906841345725308
us-0305,2023,0.03224073280257977
us-0306,2023,-0.028450343211734286
us-0307,2023,0.03636216667077873
us-0308,2023,-0.014125453109385514
us-0309,2023,-0.025806730753443943
us-0310,2023,-0.05829278172326848
us-0311,2023,0.02011724316509623
us-0312,2023,-0.22187070713148394
us-0313,2023,-0.05142090408792586
us-0314,2023,-0.1220001503851825
us-0315,2023,-0.06525258107546601
us-0316,2023,-0.06998115930465601
us-0317,2023,-0.12418540479654909
us-0318,2023,-0.04415592557563466
us-0319,2023,-0.26340874817071847
us-0320,2023,-0.32733962870786043
us-0321,2023,-0.07660328445000143
us-0322,2023,0.03426987127322505
us-0323,2023,-0.02279570051013556
us-0324,2023,-0.008062759293850327
us-0325,2023,-0.051378052703449896
us-0326,2023,0.020892342009934332
us-0327,2023,-0.05165697820771589
us-0328,2023,-0.10462778799095993
us-0329,2023,0.03424402417025806
us-0330,2023,-0.039962339780196206
us-0331,2023,-0.10180329057100963
us-0332,2023,0.014367712555139094
us-0333,2023,-0.06888230773305261
us-0334,2023,-0.09752465854156377
us-0335,2023,0.030205300106015978
us-0336,2023,0.10427766042953648
us-0337,2023,-0.028758132173971412
us-0338,2023,-0.060167201109122714
us-0339,2023,0.012656754801300971
us-0340,2023,-0.06582893667072258
us-0341,2023,-0.08887372676500688
us-0342,2023,-0.05693985878045175
us-0343,2023,0.10710360182461001
us-0344,2023,-0.061775244269980246
us-0345,2023,-0.06601492622865474
us-0346,2023,-0.013488938018216868
us-0347,2023,-0.04880838561094513
us-0348,2023,0.016534457967129115
us-0349,2023,0.06494127597268545
us-0350,2023,-0.019726829458505287
us-0351,2023,-0.017761723968051153
us-0352,2023,-0.04034561295888637
us-0353,2023,-0.06539458483979224
us-0354,2023,-0.007682643157103021
us-0355,2023,0.031578499276016955
us-0356,2023,-0.0814210104066611
us-0357,2023,0.08282646514619628
us-0358,2023,-0.029267723721583573
us-0359,2023,-0.032598032279476295
us-0360,2023,-0.024819909575061694
us-0361,2023,-0.004621223473708981
us-0362,2023,-0.0995656921966528
us-0363,2023,0.03849062030767649
us-0364,2023,-0.06795516808906117
us-0365,2023,-0.04134471705336693
us-0366,2023,0.0005525687823757188
us-0367,2023,-0.09688082612759057
us-0368,2023,0.010043208446462936
us-0369,2023,-0.02441205010926655
us-0370,2023,-0.09367212581058447
us-0371,2023,-0.06432077417017745
us-0372,2023,0.045459981769564874
us-0373,2023,0.046921218899982256
us-0374,2023,-0.060293443913212105
us-0375,2023,-0.0450508167370988
us-0376,2023,-0.07488574898253048
us-0377,2023,-0.017119008517341612
us-0378,2023,-0.1869210899925574
us-0379,2023,0.01929559559432588
us-0380,2023,0.10116904676845076
us-0381,2023,-0.02907450750544859
us-0382,2023,0.025057674921154786
us-0383,2023,-0.06119358387530795
us-0384,2023,-0.114446738521668
us-0385,2023,-0.08562910042655013
us-0386,2023,0.0303825705222007
us-0387,2023,-0.06447767531989693
us-0388,2023,0.02390588380828867
us-0389,2023,-0.12261113190778766
us-0390,2023,0.0249068515139151
us-0391,2023,-0.07080834821735006
us-0392,2023,0.05161298423045983
us-0393,2023,0.01525854435803378
us-0394,2023,-0.006245689724191
us-0395,2023,-0.04645257187749904
us-0396,2023,-0.029149913766594298
us-0397,2023,-0.028104367612084485
us-0398,2023,0.010894587863910524
us-0399,2023,-0.015232564080080202
us-0400,2023,-0.025192633919779835
us-0401,2023,-0.010282835989037968
us-0402,2023,0.03486393236600321
us-0403,2023,-0.052936696566187415
us-0404,2023,-0.03918414051586765
us-0405,2023,-0.04869251835321661
us-0406,2023,-0.009528510312326552
us-0407,2023,-0.022393742440237556
us-0408,2023,0.004625407064815076
us-0409,2023,-0.12484727567914794
us-0410,2023,-0.016686744482021995
us-0411,2023,0.016719635858750054
us-0412,2023,-0.1483572400347084
us-0413,2023,0.07478949461014697
us-0414,2023,-0.45787891574472084
us-0415,2023,-0.050584580338050376
us-0416,2023,-0.08915269917314626
us-0417,2023,-0.032202436613414806
us-0418,2023,-0.0013014533736246988
us-0419,2023,-0.03349170811801727
us-0420,2023,-0.06548265150238788
us-0421,2023,-0.011464496806313266
us-0422,2023,-0.08219578877874495
us-0423,2023,-0.034839666314440555
us-0424,2023,-0.13588411143390358
us-0425,2023,-0.07239995294306233
us-0426,2023,-0.005795369289569285
us-0427,2023,0.020283439177135952
us-0428,2023,0.014962783862924073
us-0429,2023,-0.005359293271926613
us-0430,2023,-0.08413726222768826
us-0431,2023,0.18064519818229377
us-0432,2023,-0.11777845440799437
us-0433,2023,-0.09060277730354281
us-0434,2023,0.0035135232762975154
us-0435,2023,-0.13274494299679648
us-0436,2023,0.16855553023191422
us-0437,2023,-0.13393841289058378
us-0438,2023,-0.008684630886701078
us-0439,2023,0.1149638586893283
us-0440,2023,-0.0478299659540221
us-0441,2023,0.01413514691114521
us-0442,2023,-0.027418820315668325
us-0443,2023,0.03997576927856743
us-0444,2023,-0.1105240823273894
us-0445,2023,-0.03486243562909781
us-0446,2023,0.03487672745733822
us-0447,2023,0.03069457838584259
us-0448,2023,0.004611994219351402
us-0449,2023,-0.003401701630731119
us-0450,2023,0.05764627459679236
us-0451,2023,-0.3417150827292889
us-0452,2023,-0.010479289207338377
us-0453,2023,-0.04600867262758545
us-0454,2023,0.012902325195364016
us-0455,2023,-0.08439434642512914
us-0456,2023,0.028556732583385574
us-0457,2023,0.06797657180715828
us-0458,2023,-0.08808103246529646
us-0459,2023,0.015148719419051911
us-0460,2023,0.0720769326806335
us-0461,2023,0.20486358743152228
us-0462,2023,-0.24454838377495441
us-0463,2023,0.024887813618065083
us-0464,2023,0.17037400256232785
us-0465,2023,-0.45527136263540313
us-0466,2023,0.11271903085721645
us-0467,2023,0.09036829975290739
us-0468,2023,-0.22440553599560167
us-0469,2023,0.07570935095927096
us-0470,2023,-0.15891431583030502
us-0471,2023,0.013998214587635671
us-0472,2023,0.10530798011362139
us-0473,2023,-0.11693527624656683
us-0474,2023,-0.07347324300003337
us-0475,2023,-0.038622458348503634
us-0476,2023,0.10898685549719168
us-0477,2023,0.05270816356511238
us-0478,2023,-0.26573969901996436
us-0479,2023,-0.32272688811796085
us-0480,2023,-0.13032083009906525
us-0481,2023,0.12347986776827072
us-0482,2023,0.039433536960296806
us-0001,2024,0.011502449172737678
us-0002,2024,-0.008768660254695184
us-0003,2024,-0.02668554131413104
us-0004,2024,0.014087926685417454
us-0005,2024,0.036364204873077705
us-0006,2024,0.01778401280726566
us-0007,2024,0.021171069439709474
us-0008,2024,-0.013969441236999046
us-0009,2024,0.003686683593884896
us-0010,2024,0.019939225614712393
us-0011,2024,-0.01201681036439538
us-0012,2024,-0.1419196214040776
us-0013,2024,-0.1366445838198035
us-0014,2024,-0.004199225665615729
us-0015,2024,0.00956985069520123
us-0016,2024,-0.05181963713726307
us-0017,2024,0.02748351586885608
us-0018,2024,-0.105915807660422
us-0019,2024,-0.042595379165879625
us-0020,2024,-0.03322224971840712
us-0021,2024,-0.0006377657628985056
us-0022,2024,-0.051326998281514456
us-0023,2024,-0.037781215157150105
us-0024,2024,-0.1097050076832307
us-0025,2024,-0.03611796676251597
us-0026,2024,0.014933108651760594
us-0027,2024,-0.10879711007372672
us-0028,2024,-0.011191940058692387
us-0029,2024,0.034252448664576024
us-0030,2024,-0.02136497241485269
us-0031,2024,-0.04064957643434966
us-0032,2024,-0.06471524309054404
us-0033,2024,-0.009954736218856881
us-0034,2024,-0.022129759191605376
us-0035,2024,0.0899137252796722
us-0036,2024,-0.08951634284614932
us-0037,2024,0.010042153402101154
us-0038,2024,-0.07183551448220937
us-0039,2024,0.03978379472858388
us-0040,2024,-0.06291930094408663
us-0041,2024,0.025610173787769728
us-0042,2024,0.062113101305293746
us-0043,2024,0.020815169564742133
us-0044,2024,-0.030665778812997785
us-0045,2024,-0.05234443159176927
us-0046,2024,-0.01441375422750451
us-0047,2024,-0.0405105440193547
us-0048,2024,0.03228156904633624
us-0049,2024,-0.08228517987342844
us-0050,2024,-0.023232423745085322
us-0051,2024,-0.09152295621569588
us-0052,2024,-0.07945944377465887
us-0053,2024,-0.06791133936041874
us-0054,2024,-0.04214698957869674
us-0055,2024,0.09137626662622801
us-0056,2024,-0.003964740881109616
us-0057,2024,-0.02041901135979959
us-0058,2024,0.05918281243113909
us-0059,2024,-0.02053088718968815
us-0060,2024,-0.017078701376644457
us-0061,2024,-0.10339124629411191
us-0062,2024,-0.01125467880158863
us-0063,2024,-0.045494928334863655
us-0064,2024,0.07227980428498429
us-0065,2024,0.1596810751845681
us-0066,2024,-0.07224466823823668
us-0067,2024,0.016996511502221652
us-0068,2024,-0.07422228493592813
us-0069,2024,-0.023818738195834417
us-0070,2024,-0.030113257989044732
us-0071,2024,-0.1837860866214341
us-0072,2024,-0.016585316367908866
us-0073,2024,-0.08302817675058216
us-0074,2024,-0.05205694172349031
us-0075,2024,-0.07955936307330885
us-0076,2024,-0.004166729580929236
us-0077,2024,-0.053466028895193446
us-0078,2024,-0.025490416695242758
us-0079,2024,-0.017768463630285437
us-0080,2024,-0.07647538527186071
us-0081,2024,-0.022277399522966184
us-0082,2024,0.020085892907397845
us-0083,2024,-0.0830425881977118
us-0084,2024,-0.04478851556318425
us-0085,2024,-0.04634524694308179
us-0086,2024,-0.07783958356263075
us-0087,2024,-0.0658098787881934
us-0088,2024,-0.048641203407688856
us-0089,2024,0.03782871937347372
us-0090,2024,-0.035342626627831664
us-0091,2024,0.008671235146230855
us-0092,2024,-0.0017007062086185306
us-0093,2024,-0.009083903564085512
us-0094,2024,0.1397412725064103
us-0095,2024,-0.09833026289024809
us-0096,2024,-0.0780252227768003
us-0097,2024,0.0686883940399138
us-0098,2024,0.003887166111874761
us-0099,2024,-0.10804500350520227
us-0100,2024,-0.027547571836058264
us-0101,2024,-0.04183569322894573
us-0102,2024,-0.039862920732935306
us-0103,2024,-0.04266199616291371
us-0104,2024,-0.06444518681645353
us-0105,2024,0.015500187329848595
us-0106,2024,-0.03204460805959867
us-0107,2024,-0.0034160400974414247
us-0108,2024,-0.10066862158803122
us-0109,2024,-0.012412728937285884
us-0110,2024,-0.02516493154665193
us-0111,2024,-0.055616155804313304
us-0112,2024,0.07683991346864064
us-0113,2024,-0.037402952402753424
us-0114,2024,-0.0012102118819166982
us-0115,2024,0.016635008409628116
us-0116,2024,-0.05854261995001385
us-0117,2024,-0.12620983444555925
us-0118,2024,-0.016054873161461623
us-0119,2024,0.004448298451021443
us-0120,2024,-0.10910833590890065
us-0121,2024,0.0015014605679195586
us-0122,2024,-0.040735445885258376
us-0123,2024,-0.038983713245712225
us-0124,2024,-0.03890797936861007
us-0125,2024,-0.009744184827632915
us-0126,2024,0.00131971257349523
us-0127,2024,-0.04349021801407455
us-0128,2024,-0.10886937985261384
us-0129,2024,0.00871432512692607
us-0130,2024,0.056816678733997455
us-0131,2024,-0.05195878308138441
us-0132,2024,0.07426654565887725
us-0133,2024,-0.0024258570996909317
us-0134,2024,-0.11194422272267782
us-0135,2024,0.0201131076899526
us-0136,2024,-0.04604705955878786
us-0137,2024,-0.040143916574974195
us-0138,2024,-0.00918157511766585
us-0139,2024,-0.08819007652648787
us-0140,2024,-0.03917350870209998
us-0141,2024,0.09516869530016822
us-0142,2024,0.01753565096651316
us-0143,2024,-0.043615064348795786
us-0144,2024,-0.011064678221194986
us-0145,2024,0.0603678667182928
us-0146,2024,0.00033061514643849916
us-0147,2024,-0.004475523472061967
us-0148,2024,-0.05420224841125103
us-0149,2024,-0.014014218026219707
us-0150,2024,0.05316609235959863
us-0151,2024,-0.05643827471384635
us-0152,2024,-0.04076001855686756
us-0153,2024,-0.0625037492813327
us-0154,2024,-0.07096486429243161
us-0155,2024,0.09170350328590164
us-0156,2024,-0.005539773323946703
us-0157,2024,-0.15213830206876636
us-0158,2024,-0.08006823703768257
us-0159,2024,-0.00986276382972682
us-0160,2024,-0.028024675626784293
us-0161,2024,-0.004793374674712785
us-0162,2024,-0.03610096374659076
us-0163,2024,0.10161210876086059
us-0164,2024,-0.017914101954440393
us-0165,2024,-0.01955665718653493
us-0166,2024,0.01669385163344878
us-0167,2024,-0.0002484059737194133
us-0168,2024,-0.04012984590911325
us-0169,2024,0.007919471708523735
us-0170,2024,-0.09649169621047786
us-0171,2024,0.015658624000182766
us-0172,2024,-0.16870212180603406
us-0173,2024,-0.15632253453259606
us-0174,2024,-0.06680027797352757
us-0175,2024,0.0811055689614504
us-0176,2024,-0.09842840061353565
us-0177,2024,-0.09112458215768829
us-0178,2024,-0.041588042216720564
us-0179,2024,-0.06262539518039419
us-0180,2024,-0.00024523269448143667
us-0181,2024,0.009063248246219412
us-0182,2024,0.0062520022240942375
us-0183,2024,-0.003813435665351987
us-0184,2024,0.0984342012628872
us-0185,2024,0.005043455250825697
us-0186,2024,-0.05800425591646335
us-0187,2024,0.025037306049763276
us-0188,2024,2.8000986274216024e-05
us-0189,2024,0.10247673910376912
us-0190,2024,-0.006579694129422713
us-0191,2024,-0.007588913236873099
us-0192,2024,-0.13111298121469409
us-0193,2024,-0.07458298376220834
us-0194,2024,0.08170056489149363
us-0195,2024,0.015803742432123128
us-0196,2024,0.017555317712107544
us-0197,2024,0.015714610428185338
us-0198,2024,0.03439307244395555
us-0199,2024,-0.14534818870367927
us-0200,2024,-0.025579670027674993
us-0201,2024,-0.00704424885645822
us-0202,2024,-0.029127226183101273
us-0203,2024,-0.06603192101619335
us-0204,2024,-0.0018104267781738894
us-0205,2024,-0.04472555777803075
us-0206,2024,-0.04925691882663982
us-0207,2024,-0.0354578112085755
us-0208,2024,0.025525685979465765
us-0209,2024,0.01136872554440139
us-0210,2024,0.013777246345820433
us-0211,2024,0.0412697223197486
us-0212,2024,-0.024136681414317157
us-0213,2024,-0.051537908448820675
us-0214,2024,-0.06199832391846395
us-0215,2024,-0.07234230739390576
us-0216,2024,0.00549901427402779
us-0217,2024,0.10739720141388454
us-0218,2024,0.004848688335855671
us-0219,2024,-0.008720902375660134
us-0220,2024,-0.022438156505859477
us-0221,2024,-0.06534608994940924
us-0222,2024,-0.024186680451512153
us-0223,2024,-0.014675342579219928
us-0224,2024,-0.03551417653598531
us-0225,2024,0.09219228244201177
us-0226,2024,-0.10329525437004561
us-0227,2024,-0.021699415231161742
us-0228,2024,-0.06613802500672467
us-0229,2024,-0.013560136396300524
us-0230,2024,-0.048108680538275904
us-0231,2024,-0.11243413785142328
us-0232,2024,0.003931720391218776
us-0233,2024,0.025373450128415815
us-0234,2024,-0.029247437647232227
us-0235,2024,-0.08017630198916748
us-0236,2024,-0.038346783161851375
us-0237,2024,-0.07188728077948932
us-0238,2024,0.07106326371751807
us-0239,2024,-0.04663016084487182
us-0240,2024,-0.1627387673313783
us-0241,2024,0.025947285222213363
us-0242,2024,0.0028275822072009738
us-0243,2024,-0.1096772243948222
us-0244,2024,-0.04051142646037509
us-0245,2024,-0.06564098954482507
us-0246,2024,0.03626698526036982
us-0247,2024,-0.09896007970654495
us-0248,2024,-0.05769080183514752
us-0249,2024,0.004047205707684788
us-0250,2024,-0.018980077343482057
us-0251,2024,-0.0861295077655493
us-0252,2024,-0.13034535789073373
us-0253,2024,-0.011187193668799151
us-0254,2024,-0.034614230603124685
us-0255,2024,-0.085269331389685
us-0256,2024,-0.062053768386771554
us-0257,2024,0.02809981780834968
us-0258,2024,0.034770690809530796
us-0259,2024,-0.017856986461714526
us-0260,2024,0.029818869206937538
us-0261,2024,-0.07684120789719517
us-0262,2024,-0.017408139633277274
us-0263,2024,0.003909991068136681
us-0264,2024,-0.08922372191912223
us-0265,2024,0.013224448936688227
us-0266,2024,-0.045955040872881804
us-0267,2024,-0.0289493007062928
us-0268,2024,-0.102178145574618
us-0269,2024,-0.0029973390201856118
us-0270,2024,-0.01827091156792989
us-0271,2024,0.09073887113230304
us-0272,2024,-0.0414575822222231
us-0273,2024,-0.06102145882934136
us-0274,2024,-0.051481055518012575
us-0275,2024,-0.09215977733215934
us-0276,2024,-0.0034555490732845074
us-0277,2024,-0.13815800575613943
us-0278,2024,0.030113513435548245
us-0279,2024,-0.13716756748748482
us-0280,2024,-0.034403680889429834
us-0281,2024,-0.0894582594908832
us-0282,2024,-0.03213167224291267
us-0283,2024,-0.0613717844988744
us-0284,2024,-0.03185398806989671
us-0285,2024,-0.23919639973638968
us-0286,2024,-0.12733333313622566
us-0287,2024,-0.21953403167914864
us-0288,2024,-0.05418999423638058
us-0289,2024,-0.021481482955223848
us-0290,2024,-0.04082846667362215
us-0291,2024,-0.10903747899065311
us-0292,2024,-0.07699873836316064
us-0293,2024,-0.04858343413164468
us-0294,2024,-0.0028630322458784736
us-0295,2024,-0.00351853809522771
us-0296,2024,-0.0034972719818408588
us-0297,2024,-0.009040624855233333
us-0298,2024,0.020520484155526365
us-0299,2024,-0.06888897301254836
us-0300,2024,-0.02643103782724614
us-0301,2024,-0.025764203577083217
us-0302,2024,-0.09176577875344054
us-0303,2024,-0.03860766536122842
us-0304,2024,-0.2285863883465476
us-0305,2024,0.02617393998568217
us-0306,2024,-0.029652084010567945
us-0307,2024,0.004627327582538729
us-0308,2024,-0.023780108054100434
us-0309,2024,-0.017468633644720552
us-0310,2024,-0.08416771279539577
us-0311,2024,0.020923037049727745
us-0312,2024,-0.23627137171572973
us-0313,2024,-0.04585607115941771
us-0314,2024,-0.11209156137651037
us-0315,2024,-0.03518058343136142
us-0316,2024,-0.06395935669249447
us-0317,2024,-0.11442005002161904
us-0318,2024,-0.023443587514392232
us-0319,2024,-0.22239733802997572
us-0320,2024,-0.2734201406877813
us-0321,2024,-0.05872470227373005
us-0322,2024,-0.03136527996805442
us-0323,2024,-0.03605217923909962
us-0324,2024,0.02140064118205439
us-0325,2024,-0.049601433937264496
us-0326,2024,-0.007689400458279877
us-0327,2024,-0.08593767529583084
us-0328,2024,-0.08434335118494322
us-0329,2024,0.015123966091771314
us-0330,2024,-0.04493620819050317
us-0331,2024,-0.10180586624411962
us-0332,2024,-0.02214395898245522
us-0333,2024,-0.04443824241880423
us-0334,2024,-0.07690665063045349
us-0335,2024,0.015620024839569903
us-0336,2024,0.10217962350478453
us-0337,2024,-0.032935424388521796
us-0338,2024,-0.042991779356005476
us-0339,2024,-0.021822815187158465
us-0340,2024,-0.07410994711588237
us-0341,2024,-0.08337454400961393
us-0342,2024,-0.04160589041694787
us-0343,2024,0.08182060133833617
us-0344,2024,-0.05650529145723672
us-0345,2024,-0.07236701161898795
us-0346,2024,-0.010410760210828367
us-0347,2024,-0.019729276933543056
us-0348,2024,-0.03450793948211827
us-0349,2024,0.0628545488734805
us-0350,2024,-0.020192989496245244
us-0351,2024,-0.033477157731913246
us-0352,2024,-0.04578614306498576
us-0353,2024,-0.1097960114606174
us-0354,2024,0.010637743771514704
us-0355,2024,0.0029579761970488457
us-0356,2024,-0.07039344966666677
us-0357,2024,0.06631207025527369
us-0358,2024,0.0077121176842075085
us-0359,2024,-0.02426725008388801
us-0360,2024,-0.05580835791553451
us-0361,2024,-0.0008548413847189811
us-0362,2024,-0.1040244704234074
us-0363,2024,0.060245309918762875
us-0364,2024,-0.06400408587401397
us-0365,2024,-0.040856372711279766
us-0366,2024,0.01751822829328186
us-0367,2024,-0.10311820596681583
us-0368,2024,0.013249732037733794
us-0369,2024,-0.002939830598127523
us-0370,2024,-0.08073174937614935
us-0371,2024,-0.05590328191690863
us-0372,2024,-0.006297847044009016
us-0373,2024,0.027837872487337115
us-0374,2024,-0.06049724540033827
us-0375,2024,-0.028301881199278612
us-0376,2024,-0.10422287192254978
us-0377,2024,-0.04294695746763719
us-0378,2024,-0.1320633904274052
us-0379,2024,0.03357038405438379
us-0380,2024,0.05437976810826863
us-0381,2024,-0.013730493836726804
us-0382,2024,0.011118198788758322
us-0383,2024,-0.04844884079475309
us-0384,2024,-0.10300448724677116
us-0385,2024,-0.0948565834652147
us-0386,2024,0.05361315112360804
us-0387,2024,-0.07908380261941445
us-0388,2024,0.04341268712317125
us-0389,2024,-0.1379924184343593
us-0390,2024,-0.07990463452927839
us-0391,2024,-0.05636898481135007
us-0392,2024,-0.021439469798024514
us-0393,2024,0.004369377032023961
us-0394,2024,-0.003691552017160508
us-0395,2024,-0.04079597616397582
us-0396,2024,-0.00872859257648884
us-0397,2024,-0.03673286807064427
us-0398,2024,-0.03230779777652703
us-0399,2024,0.03594556933183491
us-0400,2024,-0.04876498107604485
us-0401,2024,0.02235655505640226
us-0402,2024,0.045217699918841586
us-0403,2024,-0.009885064506141215
us-0404,2024,-0.020341418650866205
us-0405,2024,-0.04314709246654543
us-0406,2024,-0.035202338794185
us-0407,2024,-0.03786399613402721
us-0408,2024,-0.041337888026722544
us-0409,2024,-0.08067626507507303
us-0410,2024,0.003251332211816832
us-0411,2024,-0.005096510614412061
us-0412,2024,-0.2427790039343633
us-0413,2024,0.06886177673345537
us-0414,2024,0.11956962259184642
us-0415,2024,-0.04005945007882694
us-0416,2024,-0.10834527167951992
us-0417,2024,-0.027118158069285962
us-0418,2024,-0.011003615749648248
us-0419,2024,-0.048373589419949306
us-0420,2024,-0.06200399135256436
us-0421,2024,-0.056032068553323405
us-0422,2024,-0.07503601828766654
us-0423,2024,-0.05070716172333453
us-0424,2024,-0.11719302153132383
us-0425,2024,-0.09372338705841476
us-0426,2024,0.003648977060482202
us-0427,2024,-0.038159864465610725
us-0428,2024,0.06859179530858789
us-0429,2024,0.01544006325583679
us-0430,2024,-0.0427074997332233
us-0431,2024,0.005183210386438159
us-0432,2024,0.022944243545266384
us-0433,2024,-0.06097063381874923
us-0434,2024,0.009234682865110417
us-0435,2024,-0.16802669201196574
us-0436,2024,0.15351358344916383
us-0437,2024,-0.119104776747064
us-0438,2024,0.008002624278911501
us-0439,2024,0.11917068949649194
us-0440,2024,0.052455884041433226
us-0441,2024,0.08745514668941888
us-0442,2024,0.16757043505087482
us-0443,2024,-0.0019155866743838746
us-0444,2024,0.07862961487084279
us-0445,2024,0.03817241277756985
us-0446,2024,0.06933909543324329
us-0447,2024,0.03242062073319698
us-0448,2024,0.012246670880990115
us-0449,2024,-0.0017157352779070983
us-0450,2024,-0.041326542580016425
us-0451,2024,0.08432907132806033
us-0452,2024,0.0606733555473125
us-0453,2024,0.051245107952991344
us-0454,2024,0.07368436622705615
us-0455,2024,-0.08459949703290633
us-0456,2024,0.040508108868250105
us-0457,2024,-0.0657174854951856
us-0458,2024,-0.061800524673580444
us-0459,2024,-0.004616039504681004
us-0460,2024,-0.015955092460750334
us-0461,2024,0.1345352258157196
us-0462,2024,-0.24178953351497606
us-0463,2024,0.00859738231077242
us-0464,2024,0.15303013410219773
us-0465,2024,0.09444417509856864
us-0466,2024,0.11200953854260522
us-0467,2024,0.09291578387924218
us-0468,2024,-0.287047125750798
us-0469,2024,0.06609204886274184
us-0470,2024,-0.13358540174891037
us-0471,2024,0.0003795717470045061
us-0472,2024,0.12534149174196196
us-0473,2024,-0.11865598906404523
us-0474,2024,-0.08529884499170884
us-0475,2024,-0.041580424851556115
us-0476,2024,0.047338542461801233
us-0477,2024,0.08958000539653826
us-0478,2024,-0.2631866071751391
us-0479,2024,-0.3204259176577235
us-0480,2024,-0.05995837294262365
us-0481,2024,0.08757489468461062
us-0482,2024,0.05603944183593689
us-0001,2025,0.015429992639405987
us-0002,2025,0.0016648921428191724
us-0003,2025,-0.020626110888618734
us-0004,2025,0.009813928815778352
us-0005,2025,0.028314990044111695
us-0006,2025,0.019101370904846274
us-0007,2025,0.023059278171078407
us-0008,2025,-0.07450045501140722
us-0009,2025,0.006728003906171329
us-0010,2025,-0.00036615273045201513
us-0011,2025,-0.05222626161008754
us-0012,2025,-0.168572951552926
us-0013,2025,-0.07222669676461371
us-0014,2025,0.002772466756312735
us-0015,2025,0.013453386504920973
us-0016,2025,-0.08335185207778312
us-0017,2025,0.018509679413498195
us-0018,2025,-0.12459361932384624
us-0019,2025,-0.03889614451003385
us-0020,2025,-0.03126110634155195
us-0021,2025,0.0046930067078137325
us-0022,2025,-0.05936324969483343
us-0023,2025,-0.034011834220548126
us-0024,2025,-0.07346425435108489
us-0025,2025,-0.019420787243307622
us-0026,2025,0.004205310997313004
us-0027,2025,-0.051446162337850744
us-0028,2025,-0.03494681935510851
us-0029,2025,-0.006329829521718879
us-0030,2025,-0.019721277909283522
us-0031,2025,-0.037901292445080725
us-0032,2025,-0.0879008708743503
us-0033,2025,0.007857439123771156
us-0034,2025,-0.0029356100748600127
us-0035,2025,0.10558802464509207
us-0036,2025,-0.08707533038244605
us-0037,2025,0.006310372442528761
us-0038,2025,-0.05697172498044464
us-0039,2025,0.03455393181170035
us-0040,2025,-0.055074513754510876
us-0041,2025,0.008456267450545122
us-0042,2025,0.07855170661555486
us-0043,2025,0.04477536732784409
us-0044,2025,-0.026022433412351668
us-0045,2025,-0.06829427333382247
us-0046,2025,-0.009006518776063283
us-0047,2025,-0.01544836135958813
us-0048,2025,0.03800678521708935
us-0049,2025,-0.0781923326318661
us-0050,2025,-0.00888291243479825
us-0051,2025,-0.17198834495927898
us-0052,2025,-0.07722075299058574
us-0053,2025,-0.06463660285584599
us-0054,2025,-0.04295925154305945
us-0055,2025,0.12411035258757937
us-0056,2025,0.004311207394335021
us-0057,2025,-0.02448607708448398
us-0058,2025,0.049331656273180244
us-0059,2025,-0.01148773715157739
us-0060,2025,-0.025392281273155796
us-0061,2025,-0.10511229541816261
us-0062,2025,-0.044310386502515765
us-0063,2025,-0.042609000359016984
us-0064,2025,0.04625404758290324
us-0065,2025,0.16017192026801572
us-0066,2025,-0.07662096341160925
us-0067,2025,0.03483157447501785
us-0068,2025,-0.06182559945535838
us-0069,2025,-0.013583253810757765
us-0070,2025,-0.030329823029814105
us-0071,2025,-0.15344112502331309
us-0072,2025,-0.031020541131545582
us-0073,2025,-0.10597232315019739
us-0074,2025,-0.05009898452311262
us-0075,2025,-0.07664190678458703
us-0076,2025,-0.023107177493900104
us-0077,2025,-0.07922919399645002
us-0078,2025,-0.03530048125185585
us-0079,2025,-0.011574936982575437
us-0080,2025,-0.07557188259307737
us-0081,2025,-0.022411667025670167
us-0082,2025,0.010250279516476191
us-0083,2025,-0.0945939335894798
us-0084,2025,-0.062061495883899545
us-0085,2025,-0.044535015478979936
us-0086,2025,-0.05913018377308548
us-0087,2025,-0.06568100069064982
us-0088,2025,-0.0479439589169443
us-0089,2025,-0.004123792874798506
us-0090,2025,-0.04019714443716166
us-0091,2025,0.054415385451589096
us-0092,2025,0.0070405779206277495
us-0093,2025,-0.008516250368682862
us-0094,2025,0.14670199591510544
us-0095,2025,-0.09999117392184052
us-0096,2025,-0.0842945076304157
us-0097,2025,0.012102967109755463
us-0098,2025,-0.043078927947729884
us-0099,2025,-0.10227844818220938
us-0100,2025,-0.020382670963535885
us-0101,2025,-0.02907981806109916
us-0102,2025,-0.019198295062653633
us-0103,2025,-0.047239975989496266
us-0104,2025,-0.0655482945850941
us-0105,2025,0.02506608609456691
us-0106,2025,-0.022929044725994312
us-0107,2025,0.0008926331787175262
us-0108,2025,-0.10018439513217403
us-0109,2025,-0.01998677848661742
us-0110,2025,-0.013372259065646529
us-0111,2025,-0.06040349241087384
us-0112,2025,0.02734948099550321
us-0113,2025,-0.040049744138232465
us-0114,2025,-0.011456491747936011
us-0115,2025,0.02020808624600101
us-0116,2025,-0.05480946488472479
us-0117,2025,-0.12800609404727656
us-0118,2025,-0.005590448984142314
us-0119,2025,0.020475288522381382
us-0120,2025,-0.11270309636417236
us-0121,2025,-0.013250994490081472
us-0122,2025,-0.04196005726697026
us-0123,2025,-0.05495596577859767
us-0124,2025,-0.07496524101180894
us-0125,2025,-0.03900271847402318
us-0126,2025,0.01850826190764823
us-0127,2025,-0.04905484864524671
us-0128,2025,-0.10905458729490357
us-0129,2025,-0.011741458689899318
us-0130,2025,0.0579598109129895
us-0131,2025,-0.050653780503402135
us-0132,2025,0.0681363173473001
us-0133,2025,0.021102785779916262
us-0134,2025,-0.08141456811872345
us-0135,2025,-0.002178326505671406
us-0136,2025,-0.07389232894186597
us-0137,2025,-0.024402380480964894
us-0138,2025,-0.0038376724929760587
us-0139,2025,-0.087731228128665
us-0140,2025,-0.04341082830326129
us-0141,2025,0.09320953082136721
us-0142,2025,0.002439257294107695
us-0143,2025,-0.05236487720670251
us-0144,2025,-0.012331673999019358
us-0145,2025,-0.011423122293626372
us-0146,2025,0.0251466238089877
us-0147,2025,-0.016228186521402347
us-0148,2025,-0.043971944467534746
us-0149,2025,0.0030432759574004257
us-0150,2025,0.04867099542927465
us-0151,2025,-0.06239975118732601
us-0152,2025,-0.037712588939224675
us-0153,2025,-0.06889143574829622
us-0154,2025,-0.0933009633776181
us-0155,2025,0.08843585737571216
us-0156,2025,-0.003347729326749493
us-0157,2025,-0.14357147455490335
us-0158,2025,-0.10378053262565781
us-0159,2025,-0.0108148302532191
us-0160,2025,-0.028821892310642208
us-0161,2025,-0.012793807211218797
us-0162,2025,0.017983317355413354
us-0163,2025,0.10704607923293825
us-0164,2025,-0.08501165213845449
us-0165,2025,-0.0495606445381395
us-0166,2025,0.015162870232313474
us-0167,2025,-0.005122737728755487
us-0168,2025,-0.03526745421096135
us-0169,2025,0.0026842658618738196
us-0170,2025,-0.09602894252001394
us-0171,2025,0.040008761285481975
us-0172,2025,-0.16316092726404752
us-0173,2025,-0.1415598074262734
us-0174,2025,-0.06554490938822045
us-0175,2025,0.0842956098784264
us-0176,2025,-0.10184642947117113
us-0177,2025,-0.10527384969435447
us-0178,2025,-0.07762700666093111
us-0179,2025,-0.05477045779144939
us-0180,2025,0.0010982557210551117
us-0181,2025,-0.0009089898612540965
us-0182,2025,-0.018070265961996877
us-0183,2025,0.0009393958473253514
us-0184,2025,0.112396131321865
us-0185,2025,0.005954962810982256
us-0186,2025,-0.05956231755734013
us-0187,2025,0.03331596303005213
us-0188,2025,-0.023008437055604042
us-0189,2025,0.09846939182269225
us-0190,2025,0.009015970032784424
us-0191,2025,-0.028211387470770878
us-0192,2025,-0.1379786689887596
us-0193,2025,-0.06650770474051516
us-0194,2025,0.08433171938702368
us-0195,2025,-0.01897785367563215
us-0196,2025,0.02792342586946169
us-0197,2025,-0.14523679422350488
us-0198,2025,0.02257106658413797
us-0199,2025,-0.13315842851547788
us-0200,2025,-0.050660305683319015
us-0201,2025,-0.006502803630544162
us-0202,2025,-0.034485280197473774
us-0203,2025,-0.06513210231589162
us-0204,2025,0.0063204774582015
us-0205,2025,-0.0541021325800596
us-0206,2025,-0.0631591625087499
us-0207,2025,-0.05929037788196991
us-0208,2025,0.027110937338499407
us-0209,2025,-0.02785532876856218
us-0210,2025,-0.07072147217978039
us-0211,2025,0.05475437353340286
us-0212,2025,-0.013701255583479736
us-0213,2025,-0.10625135528822871
us-0214,2025,-0.06422811163909704
us-0215,2025,-0.09089128002111833
us-0216,2025,0.0020324029470723416
us-0217,2025,0.12469346723510862
us-0218,2025,0.04920227144485831
us-0219,2025,-0.008213748046805103
us-0220,2025,-0.050474182175346695
us-0221,2025,-0.05835549491825774
us-0222,2025,-0.05451270589617117
us-0223,2025,-0.017211227347647882
us-0224,2025,-0.03284352709739259
us-0225,2025,0.07397776826480369
us-0226,2025,-0.08910579937262678
us-0227,2025,-0.013348508929243018
us-0228,2025,-0.056792704679255984
us-0229,2025,-0.015566084464084449
us-0230,2025,-0.04996373472588996
us-0231,2025,-0.09664829235919398
us-0232,2025,0.012514427757053234
us-0233,2025,0.012791916843203755
us-0234,2025,-0.050236525894152464
us-0235,2025,-0.060877958918817754
us-0236,2025,-0.03455442300883493
us-0237,2025,-0.06512218874931294
us-0238,2025,0.06482191237233088
us-0239,2025,-0.06138435574472332
us-0240,2025,-0.1672037648636573
us-0241,2025,0.04562259149233203
us-0242,2025,0.0033347781306310564
us-0243,2025,-0.11749287154256416
us-0244,2025,-0.023180444066943823
us-0245,2025,-0.05777404913797865
us-0246,2025,0.043669358852100916
us-0247,2025,-0.09868513566113189
us-0248,2025,-0.03170592071860014
us-0249,2025,-0.018540378381695775
us-0250,2025,-0.0055561298615814415
us-0251,2025,-0.10815917547344886
us-0252,2025,-0.14894391714586444
us-0253,2025,-0.007708933641990209
us-0254,2025,-0.0431970699131138
us-0255,2025,-0.07682569942448782
us-0256,2025,-0.062487275510051225
us-0257,2025,0.018055479189359024
us-0258,2025,-0.004627743079606814
us-0259,2025,-0.006109756814531313
us-0260,2025,-0.03707700663119781
us-0261,2025,-0.058219719412410685
us-0262,2025,-0.02260139997545719
us-0263,2025,-0.011034359436116083
us-0264,2025,-0.07864988971838409
us-0265,2025,0.029550643713529647
us-0266,2025,-0.04828804457778405
us-0267,2025,-0.01654036538463359
us-0268,2025,-0.13956268142464176
us-0269,2025,-0.007773313451955081
us-0270,2025,-0.0723564230766271
us-0271,2025,0.08925874457931346
us-0272,2025,-0.054266905434103035
us-0273,2025,-0.056609734256106437
us-0274,2025,-0.04606440740380449
us-0275,2025,-0.1012495135048963
us-0276,2025,0.0042538288107520465
us-0277,2025,-0.17279250464692614
us-0278,2025,0.01430677187201943
us-0279,2025,-0.052790183151308866
us-0280,2025,-0.06580192435761421
us-0281,2025,-0.1114104546948613
us-0282,2025,-0.022123646800807018
us-0283,2025,-0.04983390100741396
us-0284,2025,-0.03057078562675384
us-0285,2025,-0.21963438159133766
us-0286,2025,-0.12062906281766039
us-0287,2025,-0.18084449366678138
us-0288,2025,-0.11194437532849212
us-0289,2025,-0.06269122770547009
us-0290,2025,-0.05771236541441836
us-0291,2025,-0.16759436789449225
us-0292,2025,-0.06204828436334777
us-0293,2025,-0.04211785292466462
us-0294,2025,-0.0007475703886403969
us-0295,2025,0.006066273914095675
us-0296,2025,-0.005071567598449415
us-0297,2025,-0.014252047766647593
us-0298,2025,0.019523947799070778
us-0299,2025,-0.05112569182902762
us-0300,2025,-0.018335586113675164
us-0301,2025,-0.04862901118552922
us-0302,2025,-0.09174887104497946
us-0303,2025,-0.02146921085231613
us-0304,2025,-0.22751707797904522
us-0305,2025,0.03562557551906002
us-0306,2025,-0.026470641182283157
us-0307,2025,-0.02961510811808462
us-0308,2025,-0.02700115781718751
us-0309,2025,-0.01875876998246494
us-0310,2025,-0.07742288909223152
us-0311,2025,-0.02116782418163962
us-0312,2025,-0.20199594096515644
us-0313,2025,-0.054017266007716294
us-0314,2025,-0.12351757642133407
us-0315,2025,-0.025446983680444277
us-0316,2025,-0.0667547736714729
us-0317,2025,-0.11699557969767685
us-0318,2025,-0.0415413041957021
us-0319,2025,-0.18503532953361085
us-0320,2025,-0.30499578267620087
us-0321,2025,-0.05896051605448009
us-0322,2025,-0.02712822034767224
us-0323,2025,-0.031887603979372924
us-0324,2025,0.009573957987197557
us-0325,2025,-0.058078311484017715
us-0326,2025,0.027778949202400236
us-0327,2025,-0.03165405835155912
us-0328,2025,-0.1347481993759167
us-0329,2025,0.022341416118190134
us-0330,2025,-0.08725735457107561
us-0331,2025,-0.08999406348152578
us-0332,2025,-0.016520708732725913
us-0333,2025,-0.0564543679588327
us-0334,2025,-0.09592292441823096
us-0335,2025,5.059876089396275e-05
us-0336,2025,0.11682841993974748
us-0337,2025,-0.04114468017298185
us-0338,2025,-0.040834592045854705
us-0339,2025,-0.027099607944680047
us-0340,2025,-0.06708886807246543
us-0341,2025,-0.0826564651568131
us-0342,2025,-0.039826190680800795
us-0343,2025,0.07754395852137451
us-0344,2025,-0.07826190781863225
us-0345,2025,-0.07460122708896631
us-0346,2025,-0.006563560901964917
us-0347,2025,-0.03063629595290895
us-0348,2025,-0.01025732696771588
us-0349,2025,0.062228176360282064
us-0350,2025,-0.03486965300644104
us-0351,2025,-0.039561856123916224
us-0352,2025,-0.06585691359136382
us-0353,2025,-0.08869831116240394
us-0354,2025,-0.0035882856304343003
us-0355,2025,0.04371784025738184
us-0356,2025,-0.07023934683113263
us-0357,2025,0.06185332928133612
us-0358,2025,-0.07481736178996508
us-0359,2025,-0.04606794412780892
us-0360,2025,-0.055854795897567595
us-0361,2025,-0.009031833221376741
us-0362,2025,-0.091778635890397
us-0363,2025,0.043347190143419215
us-0364,2025,-0.06458263213641692
us-0365,2025,-0.033827457272032235
us-0366,2025,0.022431769326388126
us-0367,2025,-0.08956278858459608
us-0368,2025,0.01852148157876188
us-0369,2025,-0.034952734670807784
us-0370,2025,-0.08059836638317334
us-0371,2025,-0.057268121202847154
us-0372,2025,-0.00031440176842100913
us-0373,2025,0.054975227240905956
us-0374,2025,-0.07391158594353503
us-0375,2025,-0.027144405699232075
us-0376,2025,-0.12694956520388043
us-0377,2025,0.007018071065350695
us-0378,2025,-0.1699922490722894
us-0379,2025,0.009564389554946312
us-0380,2025,0.014345410943748539
us-0381,2025,-0.09774364651766311
us-0382,2025,-0.012982455677135251
us-0383,2025,-0.0573366529739586
us-0384,2025,-0.08668047150229119
us-0385,2025,-0.09091946927184236
us-0386,2025,0.029334540112717147
us-0387,2025,-0.08523549134682958
us-0388,2025,0.006525508281117884
us-0389,2025,-0.1383327562335019
us-0390,2025,-0.00513412002746668
us-0391,2025,-0.08410985483368703
us-0392,2025,-0.002872751728694342
us-0393,2025,-0.03372545487103811
us-0394,2025,-0.015374305902454564
us-0395,2025,-0.038408414884766096
us-0396,2025,0.0005847117313344277
us-0397,2025,-0.0453145499712001
us-0398,2025,-0.03574313441834923
us-0399,2025,0.008408552869097414
us-0400,2025,-0.04936390562218969
us-0401,2025,-0.05728688818814218
us-0402,2025,0.024011313967867817
us-0403,2025,-0.029112803478945536
us-0404,2025,0.023656933976408074
us-0405,2025,-0.048958663513716416
us-0406,2025,-0.03726897795317843
us-0407,2025,-0.044846429810174004
us-0408,2025,-0.05163121469656997
us-0409,2025,-0.0953650349708919
us-0410,2025,0.007195580439389362
us-0411,2025,0.0033272589452819873
us-0412,2025,-0.19205265268674837
us-0413,2025,0.0703459223284646
us-0414,2025,0.026251314981412296
us-0415,2025,-0.029443688406686774
us-0416,2025,-0.09929710888380915
us-0417,2025,-0.016169576804132908
us-0418,2025,-0.0037318643433209967
us-0419,2025,-0.04041680060563365
us-0420,2025,-0.06613501230161621
us-0421,2025,-0.048394594655337825
us-0422,2025,-0.05082760026607758
us-0423,2025,-0.045915844813362784
us-0424,2025,-0.12480185046902054
us-0425,2025,-0.10457448705658597
us-0426,2025,-0.026400172268660756
us-0427,2025,-0.028250221104665
us-0428,2025,0.0187241433946347
us-0429,2025,0.008300085318761804
us-0430,2025,-0.06501343314013658
us-0431,2025,0.005219126616669587
us-0432,2025,-0.029805714236107835
us-0433,2025,-0.04786894581050764
us-0434,2025,0.006189604966947719
us-0435,2025,-0.13450310100178706
us-0436,2025,0.10443015248374644
us-0437,2025,-0.08738764427256451
us-0438,2025,-0.049730173005355705
us-0439,2025,0.1204004854794858
us-0440,2025,-0.04042850845242126
us-0441,2025,0.050897401753960535
us-0442,2025,-0.018745564263993177
us-0443,2025,-0.02180370897114126
us-0444,2025,-0.0036074253432929635
us-0445,2025,-0.049224591468002385
us-0446,2025,0.06758833326594813
us-0447,2025,-0.0007631311182129645
us-0448,2025,-0.003582986788544916
us-0449,2025,-0.005125458562547967
us-0450,2025,-0.07656293401667208
us-0451,2025,-0.023262133814157544
us-0452,2025,0.027346463905649248
us-0453,2025,-0.008336445049989498
us-0454,2025,0.023077761993512223
us-0455,2025,-0.07570217455429835
us-0456,2025,0.08252844216300045
us-0457,2025,-0.07819409265928731
us-0458,2025,-0.07716266838324796
us-0459,2025,0.006612675655538776
us-0460,2025,0.03562756670345188
us-0461,2025,0.11163259405540366
us-0462,2025,-0.20273335453524238
us-0463,2025,0.015526400139585195
us-0464,2025,-0.016570483275052034
us-0465,2025,0.023977852615260323
us-0466,2025,0.11463572378240557
us-0467,2025,0.018443807134355766
us-0468,2025,-0.23561778135172204
us-0469,2025,0.034156443994740965
us-0470,2025,-0.11124067638349297
us-0471,2025,-0.000934932573070374
us-0472,2025,0.10843999759304919
us-0473,2025,-0.10168763846526258
us-0474,2025,0.03693377036528448
us-0475,2025,-0.03909648410744902
us-0476,2025,0.06087025718715748
us-0477,2025,0.10334755365701097
us-0478,2025,-0.24611763884318982
us-0479,2025,-0.2995183518492476
us-0480,2025,-0.08323507829449987
us-0481,2025,0.10026870054327063
us-0482,2025,0.019512891814722006
