site_id,ano,lst_celsius
angonap-fortaleza,2016,30.838
angonap-fortaleza,2016,29.613
angonap-fortaleza,2016,32.291
angonap-fortaleza,2016,19.71
angonap-fortaleza,2016,31.782
angonap-fortaleza,2016,32.345
angonap-fortaleza,2016,26.97
angonap-fortaleza,2016,32.586
angonap-fortaleza,2016,30.901
angonap-fortaleza,2016,32.19
angonap-fortaleza,2016,32.025
angonap-fortaleza,2016,31.727
angonap-fortaleza,2016,32.237
angonap-fortaleza,2016,30.02
angonap-fortaleza,2016,31.033
angonap-fortaleza,2016,30.412
angonap-fortaleza,2016,30.443
angonap-fortaleza,2016,30.561
angonap-fortaleza,2016,31.682
angonap-fortaleza,2016,31.268
angonap-fortaleza,2016,31.39
angonap-fortaleza,2016,30.682
angonap-fortaleza,2016,33.19
angonap-fortaleza,2016,32.347
angonap-fortaleza,2016,33.172
angonap-fortaleza,2016,31.829
angonap-fortaleza,2016,33.003
angonap-fortaleza,2016,32.394
angonap-fortaleza,2016,33.566
angonap-fortaleza,2016,32.81
angonap-fortaleza,2016,33.444
angonap-fortaleza,2016,34.087
angonap-fortaleza,2016,34.523
angonap-fortaleza,2016,35.159
angonap-fortaleza,2016,35.179
angonap-fortaleza,2016,34.143
angonap-fortaleza,2016,32.846
angonap-fortaleza,2016,32.097
angonap-fortaleza,2016,33.291
angonap-fortaleza,2016,32.554
angonap-fortaleza,2016,33.051
angonap-fortaleza,2016,34.375
angonap-fortaleza,2016,29.486
angonap-fortaleza,2017,31.354
angonap-fortaleza,2017,33.433
angonap-fortaleza,2017,30.656
angonap-fortaleza,2017,29.823
angonap-fortaleza,2017,32.21
angonap-fortaleza,2017,33.91
angonap-fortaleza,2017,30.043
angonap-fortaleza,2017,28.303
angonap-fortaleza,2017,32.182
angonap-fortaleza,2017,29.764
angonap-fortaleza,2017,29.913
angonap-fortaleza,2017,30.839
angonap-fortaleza,2017,31.656
angonap-fortaleza,2017,30.856
angonap-fortaleza,2017,30.1
angonap-fortaleza,2017,29.834
angonap-fortaleza,2017,30.537
angonap-fortaleza,2017,31.664
angonap-fortaleza,2017,25.039
angonap-fortaleza,2017,30.867
angonap-fortaleza,2017,28.585
angonap-fortaleza,2017,31.603
angonap-fortaleza,2017,26.9
angonap-fortaleza,2017,31.007
angonap-fortaleza,2017,30.19
angonap-fortaleza,2017,30.508
angonap-fortaleza,2017,31.426
angonap-fortaleza,2017,31.297
angonap-fortaleza,2017,31.603
angonap-fortaleza,2017,32.812
angonap-fortaleza,2017,33.132
angonap-fortaleza,2017,33.438
angonap-fortaleza,2017,34.091
angonap-fortaleza,2017,34.623
angonap-fortaleza,2017,34.138
angonap-fortaleza,2017,33.922
angonap-fortaleza,2017,30.995
angonap-fortaleza,2017,33.715
angonap-fortaleza,2017,31.84
angonap-fortaleza,2017,31.701
angonap-fortaleza,2017,30.712
angonap-fortaleza,2017,32.143
angonap-fortaleza,2017,32.483
angonap-fortaleza,2017,33.877
angonap-fortaleza,2017,29.965
angonap-fortaleza,2017,29.999
angonap-fortaleza,2018,32.863
angonap-fortaleza,2018,31.199
angonap-fortaleza,2018,31.558
angonap-fortaleza,2018,28.503
angonap-fortaleza,2018,29.942
angonap-fortaleza,2018,28.25
angonap-fortaleza,2018,32.038
angonap-fortaleza,2018,30.9
angonap-fortaleza,2018,32.591
angonap-fortaleza,2018,29.237
angonap-fortaleza,2018,32.362
angonap-fortaleza,2018,32.177
angonap-fortaleza,2018,29.719
angonap-fortaleza,2018,28.594
angonap-fortaleza,2018,28.245
angonap-fortaleza,2018,31.246
angonap-fortaleza,2018,29.033
angonap-fortaleza,2018,31.025
angonap-fortaleza,2018,29.897
angonap-fortaleza,2018,31.11
angonap-fortaleza,2018,32.784
angonap-fortaleza,2018,31.379
angonap-fortaleza,2018,31.189
angonap-fortaleza,2018,27.226
angonap-fortaleza,2018,29.808
angonap-fortaleza,2018,31.512
angonap-fortaleza,2018,33.174
angonap-fortaleza,2018,33.043
angonap-fortaleza,2018,33.202
angonap-fortaleza,2018,33.018
angonap-fortaleza,2018,32.251
angonap-fortaleza,2018,33.468
angonap-fortaleza,2018,34.911
angonap-fortaleza,2018,34.273
angonap-fortaleza,2018,35.211
angonap-fortaleza,2018,33.671
angonap-fortaleza,2018,32.155
angonap-fortaleza,2018,32.133
angonap-fortaleza,2018,37.096
angonap-fortaleza,2018,32.463
angonap-fortaleza,2018,29.843
angonap-fortaleza,2018,32.14
angonap-fortaleza,2019,32.79
angonap-fortaleza,2019,34.869
angonap-fortaleza,2019,32.556
angonap-fortaleza,2019,31.198
angonap-fortaleza,2019,30.311
angonap-fortaleza,2019,32.291
angonap-fortaleza,2019,32.081
angonap-fortaleza,2019,31.447
angonap-fortaleza,2019,35.036
angonap-fortaleza,2019,29.199
angonap-fortaleza,2019,30.27
angonap-fortaleza,2019,31.547
angonap-fortaleza,2019,30.577
angonap-fortaleza,2019,30.625
angonap-fortaleza,2019,31.136
angonap-fortaleza,2019,29.668
angonap-fortaleza,2019,32.269
angonap-fortaleza,2019,29.416
angonap-fortaleza,2019,30.654
angonap-fortaleza,2019,30.031
angonap-fortaleza,2019,30.623
angonap-fortaleza,2019,28.3
angonap-fortaleza,2019,29.555
angonap-fortaleza,2019,30.924
angonap-fortaleza,2019,32.629
angonap-fortaleza,2019,31.355
angonap-fortaleza,2019,32.385
angonap-fortaleza,2019,32.299
angonap-fortaleza,2019,32.138
angonap-fortaleza,2019,33.539
angonap-fortaleza,2019,31.886
angonap-fortaleza,2019,32.277
angonap-fortaleza,2019,34.398
angonap-fortaleza,2019,33.233
angonap-fortaleza,2019,34.629
angonap-fortaleza,2019,33.915
angonap-fortaleza,2019,33.714
angonap-fortaleza,2019,33.414
angonap-fortaleza,2019,33.323
angonap-fortaleza,2019,31.42
angonap-fortaleza,2019,32.188
angonap-fortaleza,2019,31.514
angonap-fortaleza,2020,33.099
angonap-fortaleza,2020,27.799
angonap-fortaleza,2020,34.716
angonap-fortaleza,2020,31.697
angonap-fortaleza,2020,28.884
angonap-fortaleza,2020,33.842
angonap-fortaleza,2020,30.576
angonap-fortaleza,2020,31.626
angonap-fortaleza,2020,35.734
angonap-fortaleza,2020,27.982
angonap-fortaleza,2020,32.086
angonap-fortaleza,2020,31.658
angonap-fortaleza,2020,31.428
angonap-fortaleza,2020,32.788
angonap-fortaleza,2020,27.636
angonap-fortaleza,2020,30.878
angonap-fortaleza,2020,29.075
angonap-fortaleza,2020,27.738
angonap-fortaleza,2020,30.564
angonap-fortaleza,2020,29.634
angonap-fortaleza,2020,29.298
angonap-fortaleza,2020,31.044
angonap-fortaleza,2020,29.758
angonap-fortaleza,2020,30.5
angonap-fortaleza,2020,30.504
angonap-fortaleza,2020,30.352
angonap-fortaleza,2020,30.552
angonap-fortaleza,2020,31.728
angonap-fortaleza,2020,31.139
angonap-fortaleza,2020,31.122
angonap-fortaleza,2020,32.574
angonap-fortaleza,2020,33.415
angonap-fortaleza,2020,31.965
angonap-fortaleza,2020,31.951
angonap-fortaleza,2020,33.344
angonap-fortaleza,2020,33.074
angonap-fortaleza,2020,32.351
angonap-fortaleza,2020,31.709
angonap-fortaleza,2020,35.576
angonap-fortaleza,2020,31.846
angonap-fortaleza,2020,28.855
angonap-fortaleza,2020,29.734
angonap-fortaleza,2020,32.694
angonap-fortaleza,2020,31.353
angonap-fortaleza,2020,29.11
angonap-fortaleza,2020,29.722
angonap-fortaleza,2021,31.011
angonap-fortaleza,2021,32.4
angonap-fortaleza,2021,28.268
angonap-fortaleza,2021,31.573
angonap-fortaleza,2021,32.414
angonap-fortaleza,2021,28.35
angonap-fortaleza,2021,31.661
angonap-fortaleza,2021,33.753
angonap-fortaleza,2021,30.726
angonap-fortaleza,2021,33.415
angonap-fortaleza,2021,28.575
angonap-fortaleza,2021,30.115
angonap-fortaleza,2021,32.546
angonap-fortaleza,2021,29.966
angonap-fortaleza,2021,31.55
angonap-fortaleza,2021,26.169
angonap-fortaleza,2021,29.98
angonap-fortaleza,2021,29.326
angonap-fortaleza,2021,30.874
angonap-fortaleza,2021,31.411
angonap-fortaleza,2021,31.391
angonap-fortaleza,2021,30.294
angonap-fortaleza,2021,30.693
angonap-fortaleza,2021,30.565
angonap-fortaleza,2021,29.669
angonap-fortaleza,2021,31.997
angonap-fortaleza,2021,33.018
angonap-fortaleza,2021,31.555
angonap-fortaleza,2021,33.597
angonap-fortaleza,2021,32.094
angonap-fortaleza,2021,32.072
angonap-fortaleza,2021,32.904
angonap-fortaleza,2021,33.815
angonap-fortaleza,2021,32.409
angonap-fortaleza,2021,32.512
angonap-fortaleza,2021,32.583
angonap-fortaleza,2021,35.492
angonap-fortaleza,2021,34.016
angonap-fortaleza,2021,32.47
angonap-fortaleza,2021,34.338
angonap-fortaleza,2021,34.072
angonap-fortaleza,2021,32.775
angonap-fortaleza,2021,33.242
angonap-fortaleza,2021,31.712
angonap-fortaleza,2021,32.346
angonap-fortaleza,2021,32.888
angonap-fortaleza,2022,32.756
angonap-fortaleza,2022,33.101
angonap-fortaleza,2022,29.891
angonap-fortaleza,2022,32.848
angonap-fortaleza,2022,31.871
angonap-fortaleza,2022,32.598
angonap-fortaleza,2022,31.42
angonap-fortaleza,2022,30.78
angonap-fortaleza,2022,29.189
angonap-fortaleza,2022,28.381
angonap-fortaleza,2022,25.424
angonap-fortaleza,2022,28.374
angonap-fortaleza,2022,30.413
angonap-fortaleza,2022,30.49
angonap-fortaleza,2022,29.504
angonap-fortaleza,2022,31.097
angonap-fortaleza,2022,27.951
angonap-fortaleza,2022,28.797
angonap-fortaleza,2022,29.714
angonap-fortaleza,2022,29.38
angonap-fortaleza,2022,29.262
angonap-fortaleza,2022,30.884
angonap-fortaleza,2022,28.431
angonap-fortaleza,2022,28.563
angonap-fortaleza,2022,30.302
angonap-fortaleza,2022,29.897
angonap-fortaleza,2022,31.728
angonap-fortaleza,2022,31.577
angonap-fortaleza,2022,32.603
angonap-fortaleza,2022,31.845
angonap-fortaleza,2022,32.269
angonap-fortaleza,2022,30.394
angonap-fortaleza,2022,32.536
angonap-fortaleza,2022,31.361
angonap-fortaleza,2022,30.108
angonap-fortaleza,2022,31.605
angonap-fortaleza,2022,33.637
angonap-fortaleza,2022,33.798
angonap-fortaleza,2022,32.66
angonap-fortaleza,2022,31.917
angonap-fortaleza,2022,29.628
angonap-fortaleza,2022,33.453
angonap-fortaleza,2022,31.74
angonap-fortaleza,2022,31.332
angonap-fortaleza,2023,29.459
angonap-fortaleza,2023,30.289
angonap-fortaleza,2023,31.298
angonap-fortaleza,2023,31.774
angonap-fortaleza,2023,28.076
angonap-fortaleza,2023,29.731
angonap-fortaleza,2023,30.959
angonap-fortaleza,2023,31.817
angonap-fortaleza,2023,32.067
angonap-fortaleza,2023,30.24
angonap-fortaleza,2023,31.694
angonap-fortaleza,2023,32.731
angonap-fortaleza,2023,30.742
angonap-fortaleza,2023,32.723
angonap-fortaleza,2023,29.709
angonap-fortaleza,2023,28.422
angonap-fortaleza,2023,27.905
angonap-fortaleza,2023,28.248
angonap-fortaleza,2023,29.327
angonap-fortaleza,2023,28.139
angonap-fortaleza,2023,30.181
angonap-fortaleza,2023,28.663
angonap-fortaleza,2023,28.737
angonap-fortaleza,2023,29.793
angonap-fortaleza,2023,30.564
angonap-fortaleza,2023,30.383
angonap-fortaleza,2023,31.021
angonap-fortaleza,2023,31.744
angonap-fortaleza,2023,27.192
angonap-fortaleza,2023,31.112
angonap-fortaleza,2023,31.774
angonap-fortaleza,2023,32.69
angonap-fortaleza,2023,32.369
angonap-fortaleza,2023,33.323
angonap-fortaleza,2023,32.399
angonap-fortaleza,2023,32.913
angonap-fortaleza,2023,33.185
angonap-fortaleza,2023,31.287
angonap-fortaleza,2023,32.661
angonap-fortaleza,2023,30.892
angonap-fortaleza,2023,33.615
angonap-fortaleza,2023,30.7
angonap-fortaleza,2023,32.268
angonap-fortaleza,2023,29.817
angonap-fortaleza,2023,32.814
angonap-fortaleza,2024,31.563
angonap-fortaleza,2024,31.735
angonap-fortaleza,2024,30.174
angonap-fortaleza,2024,32.965
angonap-fortaleza,2024,31.687
angonap-fortaleza,2024,31.74
angonap-fortaleza,2024,31.641
angonap-fortaleza,2024,29.37
angonap-fortaleza,2024,29.334
angonap-fortaleza,2024,31.854
angonap-fortaleza,2024,30.301
angonap-fortaleza,2024,29.123
angonap-fortaleza,2024,31.343
angonap-fortaleza,2024,29.49
angonap-fortaleza,2024,27.158
angonap-fortaleza,2024,27.771
angonap-fortaleza,2024,29.415
angonap-fortaleza,2024,27.355
angonap-fortaleza,2024,28.233
angonap-fortaleza,2024,27.628
angonap-fortaleza,2024,28.704
angonap-fortaleza,2024,29.644
angonap-fortaleza,2024,29.388
angonap-fortaleza,2024,29.938
angonap-fortaleza,2024,29.918
angonap-fortaleza,2024,29.918
angonap-fortaleza,2024,31.519
angonap-fortaleza,2024,30.543
angonap-fortaleza,2024,29.835
angonap-fortaleza,2024,31.486
angonap-fortaleza,2024,30.581
angonap-fortaleza,2024,31.795
angonap-fortaleza,2024,29.974
angonap-fortaleza,2024,32.949
angonap-fortaleza,2024,33.6
angonap-fortaleza,2024,33.042
angonap-fortaleza,2024,31.089
angonap-fortaleza,2024,30.962
angonap-fortaleza,2024,29.233
angonap-fortaleza,2024,30.424
angonap-fortaleza,2024,28.594
angonap-fortaleza,2024,28.436
angonap-fortaleza,2025,29.948
angonap-fortaleza,2025,31.361
angonap-fortaleza,2025,28.926
angonap-fortaleza,2025,28.756
angonap-fortaleza,2025,30.68
angonap-fortaleza,2025,29.326
angonap-fortaleza,2025,26.41
angonap-fortaleza,2025,25.543
angonap-fortaleza,2025,20.553
angonap-fortaleza,2025,29.465
angonap-fortaleza,2025,29.157
angonap-fortaleza,2025,29.031
angonap-fortaleza,2025,27.806
angonap-fortaleza,2025,29.787
angonap-fortaleza,2025,26.685
angonap-fortaleza,2025,28.608
angonap-fortaleza,2025,28.192
angonap-fortaleza,2025,27.772
angonap-fortaleza,2025,28.351
angonap-fortaleza,2025,25.92
angonap-fortaleza,2025,27.226
angonap-fortaleza,2025,26.849
angonap-fortaleza,2025,25.248
angonap-fortaleza,2025,28.57
angonap-fortaleza,2025,28.101
angonap-fortaleza,2025,27.354
angonap-fortaleza,2025,27.427
angonap-fortaleza,2025,27.521
angonap-fortaleza,2025,29.277
angonap-fortaleza,2025,28.898
angonap-fortaleza,2025,29.157
angonap-fortaleza,2025,29.201
angonap-fortaleza,2025,29.549
angonap-fortaleza,2025,31.624
angonap-fortaleza,2025,31.088
angonap-fortaleza,2025,28.244
angonap-fortaleza,2025,30.887
angonap-fortaleza,2025,30.195
angonap-fortaleza,2025,29.863
angonap-fortaleza,2025,30.642
angonap-fortaleza,2025,28.695
angonap-fortaleza,2025,29.155
angonap-fortaleza,2025,27.911
angonap-fortaleza,2025,26.976
angonap-fortaleza,2025,30.016
angonap-fortaleza,2025,26.927
ascenty-hortolandia,2016,35.535
ascenty-hortolandia,2016,25.675
ascenty-hortolandia,2016,33.061
ascenty-hortolandia,2016,33.806
ascenty-hortolandia,2016,35.382
ascenty-hortolandia,2016,33.299
ascenty-hortolandia,2016,31.71
ascenty-hortolandia,2016,33.882
ascenty-hortolandia,2016,29.771
ascenty-hortolandia,2016,32.684
ascenty-hortolandia,2016,33.615
ascenty-hortolandia,2016,33.153
ascenty-hortolandia,2016,33.911
ascenty-hortolandia,2016,28.325
ascenty-hortolandia,2016,27.373
ascenty-hortolandia,2016,24.143
ascenty-hortolandia,2016,24.406
ascenty-hortolandia,2016,22.048
ascenty-hortolandia,2016,22.187
ascenty-hortolandia,2016,24.217
ascenty-hortolandia,2016,24.589
ascenty-hortolandia,2016,25.703
ascenty-hortolandia,2016,25.277
ascenty-hortolandia,2016,25.964
ascenty-hortolandia,2016,27.501
ascenty-hortolandia,2016,28.043
ascenty-hortolandia,2016,29.925
ascenty-hortolandia,2016,29.714
ascenty-hortolandia,2016,30.763
ascenty-hortolandia,2016,31.189
ascenty-hortolandia,2016,32.81
ascenty-hortolandia,2016,33.684
ascenty-hortolandia,2016,33.356
ascenty-hortolandia,2016,33.154
ascenty-hortolandia,2016,37.107
ascenty-hortolandia,2016,35.046
ascenty-hortolandia,2016,35.244
ascenty-hortolandia,2016,34.251
ascenty-hortolandia,2016,35.193
ascenty-hortolandia,2016,39.437
ascenty-hortolandia,2016,38.764
ascenty-hortolandia,2016,33.821
ascenty-hortolandia,2016,37.517
ascenty-hortolandia,2016,37.701
ascenty-hortolandia,2017,35.276
ascenty-hortolandia,2017,32.266
ascenty-hortolandia,2017,33.81
ascenty-hortolandia,2017,33.815
ascenty-hortolandia,2017,34.965
ascenty-hortolandia,2017,34.887
ascenty-hortolandia,2017,32.5
ascenty-hortolandia,2017,31.06
ascenty-hortolandia,2017,31.692
ascenty-hortolandia,2017,31.162
ascenty-hortolandia,2017,29.768
ascenty-hortolandia,2017,30.615
ascenty-hortolandia,2017,27.795
ascenty-hortolandia,2017,26.767
ascenty-hortolandia,2017,27.193
ascenty-hortolandia,2017,25.143
ascenty-hortolandia,2017,26.394
ascenty-hortolandia,2017,24.687
ascenty-hortolandia,2017,22.396
ascenty-hortolandia,2017,25.829
ascenty-hortolandia,2017,22.954
ascenty-hortolandia,2017,23.03
ascenty-hortolandia,2017,24.331
ascenty-hortolandia,2017,26.934
ascenty-hortolandia,2017,27.579
ascenty-hortolandia,2017,28.112
ascenty-hortolandia,2017,28.684
ascenty-hortolandia,2017,29.082
ascenty-hortolandia,2017,31.455
ascenty-hortolandia,2017,35.405
ascenty-hortolandia,2017,36.373
ascenty-hortolandia,2017,35.804
ascenty-hortolandia,2017,32.069
ascenty-hortolandia,2017,35.63
ascenty-hortolandia,2017,35.389
ascenty-hortolandia,2017,35.182
ascenty-hortolandia,2017,36.704
ascenty-hortolandia,2017,35.755
ascenty-hortolandia,2017,33.484
ascenty-hortolandia,2017,34.171
ascenty-hortolandia,2017,35.616
ascenty-hortolandia,2017,36.523
ascenty-hortolandia,2017,32.521
ascenty-hortolandia,2017,32.91
ascenty-hortolandia,2018,32.343
ascenty-hortolandia,2018,30.496
ascenty-hortolandia,2018,34.156
ascenty-hortolandia,2018,32.435
ascenty-hortolandia,2018,34.758
ascenty-hortolandia,2018,32.571
ascenty-hortolandia,2018,33.011
ascenty-hortolandia,2018,35.192
ascenty-hortolandia,2018,34.87
ascenty-hortolandia,2018,34.313
ascenty-hortolandia,2018,32.726
ascenty-hortolandia,2018,30.674
ascenty-hortolandia,2018,31.325
ascenty-hortolandia,2018,31.208
ascenty-hortolandia,2018,32.119
ascenty-hortolandia,2018,31.296
ascenty-hortolandia,2018,29.945
ascenty-hortolandia,2018,24.795
ascenty-hortolandia,2018,27.555
ascenty-hortolandia,2018,23.305
ascenty-hortolandia,2018,26.232
ascenty-hortolandia,2018,27.273
ascenty-hortolandia,2018,27.891
ascenty-hortolandia,2018,28.227
ascenty-hortolandia,2018,29.039
ascenty-hortolandia,2018,28.023
ascenty-hortolandia,2018,28.785
ascenty-hortolandia,2018,23.813
ascenty-hortolandia,2018,26.943
ascenty-hortolandia,2018,29.068
ascenty-hortolandia,2018,31.264
ascenty-hortolandia,2018,31.276
ascenty-hortolandia,2018,26.609
ascenty-hortolandia,2018,36.024
ascenty-hortolandia,2018,34.938
ascenty-hortolandia,2018,30.235
ascenty-hortolandia,2018,34.087
ascenty-hortolandia,2018,32.517
ascenty-hortolandia,2018,35.316
ascenty-hortolandia,2018,36.478
ascenty-hortolandia,2018,36.397
ascenty-hortolandia,2018,34.905
ascenty-hortolandia,2018,38.354
ascenty-hortolandia,2018,36.598
ascenty-hortolandia,2019,35.622
ascenty-hortolandia,2019,35.548
ascenty-hortolandia,2019,36.84
ascenty-hortolandia,2019,36.246
ascenty-hortolandia,2019,36.368
ascenty-hortolandia,2019,33.851
ascenty-hortolandia,2019,34.287
ascenty-hortolandia,2019,32.68
ascenty-hortolandia,2019,32.148
ascenty-hortolandia,2019,32.872
ascenty-hortolandia,2019,29.859
ascenty-hortolandia,2019,29.543
ascenty-hortolandia,2019,30.887
ascenty-hortolandia,2019,28.545
ascenty-hortolandia,2019,24.294
ascenty-hortolandia,2019,25.299
ascenty-hortolandia,2019,23.041
ascenty-hortolandia,2019,23.268
ascenty-hortolandia,2019,27.236
ascenty-hortolandia,2019,26.616
ascenty-hortolandia,2019,26.513
ascenty-hortolandia,2019,21.185
ascenty-hortolandia,2019,24.411
ascenty-hortolandia,2019,26.701
ascenty-hortolandia,2019,26.859
ascenty-hortolandia,2019,29.295
ascenty-hortolandia,2019,27.931
ascenty-hortolandia,2019,28.313
ascenty-hortolandia,2019,29.953
ascenty-hortolandia,2019,32.809
ascenty-hortolandia,2019,36.189
ascenty-hortolandia,2019,31.059
ascenty-hortolandia,2019,37.865
ascenty-hortolandia,2019,37.275
ascenty-hortolandia,2019,37.996
ascenty-hortolandia,2019,39.372
ascenty-hortolandia,2019,40.543
ascenty-hortolandia,2019,32.312
ascenty-hortolandia,2019,38.452
ascenty-hortolandia,2019,34.264
ascenty-hortolandia,2019,36.441
ascenty-hortolandia,2019,27.97
ascenty-hortolandia,2019,35.882
ascenty-hortolandia,2019,36.696
ascenty-hortolandia,2020,35.52
ascenty-hortolandia,2020,34.407
ascenty-hortolandia,2020,34.103
ascenty-hortolandia,2020,35.613
ascenty-hortolandia,2020,33.538
ascenty-hortolandia,2020,34.477
ascenty-hortolandia,2020,35.422
ascenty-hortolandia,2020,31.959
ascenty-hortolandia,2020,32.143
ascenty-hortolandia,2020,34.355
ascenty-hortolandia,2020,31.889
ascenty-hortolandia,2020,31.406
ascenty-hortolandia,2020,30.778
ascenty-hortolandia,2020,31.51
ascenty-hortolandia,2020,31.45
ascenty-hortolandia,2020,28.489
ascenty-hortolandia,2020,28.41
ascenty-hortolandia,2020,29.166
ascenty-hortolandia,2020,24.262
ascenty-hortolandia,2020,26.623
ascenty-hortolandia,2020,27.575
ascenty-hortolandia,2020,27.24
ascenty-hortolandia,2020,20.824
ascenty-hortolandia,2020,24.396
ascenty-hortolandia,2020,26.054
ascenty-hortolandia,2020,27.914
ascenty-hortolandia,2020,28.712
ascenty-hortolandia,2020,29.119
ascenty-hortolandia,2020,32.037
ascenty-hortolandia,2020,26.842
ascenty-hortolandia,2020,31.968
ascenty-hortolandia,2020,34.701
ascenty-hortolandia,2020,35.215
ascenty-hortolandia,2020,34.034
ascenty-hortolandia,2020,38.888
ascenty-hortolandia,2020,39.038
ascenty-hortolandia,2020,33.85
ascenty-hortolandia,2020,36.762
ascenty-hortolandia,2020,35.063
ascenty-hortolandia,2020,39.526
ascenty-hortolandia,2020,34.264
ascenty-hortolandia,2020,38.503
ascenty-hortolandia,2020,35.446
ascenty-hortolandia,2020,33.437
ascenty-hortolandia,2020,36.12
ascenty-hortolandia,2020,33.527
ascenty-hortolandia,2021,36.308
ascenty-hortolandia,2021,33.527
ascenty-hortolandia,2021,33.976
ascenty-hortolandia,2021,35.112
ascenty-hortolandia,2021,32.91
ascenty-hortolandia,2021,32.771
ascenty-hortolandia,2021,35.412
ascenty-hortolandia,2021,32.757
ascenty-hortolandia,2021,32.044
ascenty-hortolandia,2021,34.281
ascenty-hortolandia,2021,33.629
ascenty-hortolandia,2021,31.614
ascenty-hortolandia,2021,31.203
ascenty-hortolandia,2021,29.287
ascenty-hortolandia,2021,29.882
ascenty-hortolandia,2021,30.06
ascenty-hortolandia,2021,27.433
ascenty-hortolandia,2021,26.564
ascenty-hortolandia,2021,23.035
ascenty-hortolandia,2021,28.094
ascenty-hortolandia,2021,24.546
ascenty-hortolandia,2021,23.995
ascenty-hortolandia,2021,23.717
ascenty-hortolandia,2021,25.127
ascenty-hortolandia,2021,26.218
ascenty-hortolandia,2021,27.296
ascenty-hortolandia,2021,23.736
ascenty-hortolandia,2021,27.491
ascenty-hortolandia,2021,31.076
ascenty-hortolandia,2021,33.494
ascenty-hortolandia,2021,31.149
ascenty-hortolandia,2021,34.532
ascenty-hortolandia,2021,35.661
ascenty-hortolandia,2021,37.262
ascenty-hortolandia,2021,37.509
ascenty-hortolandia,2021,35.649
ascenty-hortolandia,2021,34.427
ascenty-hortolandia,2021,34.445
ascenty-hortolandia,2021,37.747
ascenty-hortolandia,2021,39.726
ascenty-hortolandia,2021,36.229
ascenty-hortolandia,2021,35.702
ascenty-hortolandia,2021,37.179
ascenty-hortolandia,2021,39.412
ascenty-hortolandia,2021,35.989
ascenty-hortolandia,2021,36.547
ascenty-hortolandia,2022,32.386
ascenty-hortolandia,2022,35.309
ascenty-hortolandia,2022,34.245
ascenty-hortolandia,2022,32.689
ascenty-hortolandia,2022,33.278
ascenty-hortolandia,2022,33.693
ascenty-hortolandia,2022,35.349
ascenty-hortolandia,2022,32.617
ascenty-hortolandia,2022,30.773
ascenty-hortolandia,2022,32.14
ascenty-hortolandia,2022,32.83
ascenty-hortolandia,2022,31.006
ascenty-hortolandia,2022,29.008
ascenty-hortolandia,2022,31.127
ascenty-hortolandia,2022,28.666
ascenty-hortolandia,2022,28.705
ascenty-hortolandia,2022,23.978
ascenty-hortolandia,2022,27.5
ascenty-hortolandia,2022,25.161
ascenty-hortolandia,2022,22.885
ascenty-hortolandia,2022,25.455
ascenty-hortolandia,2022,25.562
ascenty-hortolandia,2022,24.687
ascenty-hortolandia,2022,22.389
ascenty-hortolandia,2022,28.313
ascenty-hortolandia,2022,26.03
ascenty-hortolandia,2022,26.361
ascenty-hortolandia,2022,27.55
ascenty-hortolandia,2022,30.548
ascenty-hortolandia,2022,29.96
ascenty-hortolandia,2022,31.318
ascenty-hortolandia,2022,28.198
ascenty-hortolandia,2022,29.822
ascenty-hortolandia,2022,31.604
ascenty-hortolandia,2022,34.341
ascenty-hortolandia,2022,32.441
ascenty-hortolandia,2022,34.187
ascenty-hortolandia,2022,36.269
ascenty-hortolandia,2022,34.69
ascenty-hortolandia,2022,35.206
ascenty-hortolandia,2022,34.661
ascenty-hortolandia,2022,34.3
ascenty-hortolandia,2023,32.42
ascenty-hortolandia,2023,32.744
ascenty-hortolandia,2023,33.075
ascenty-hortolandia,2023,33.978
ascenty-hortolandia,2023,29.617
ascenty-hortolandia,2023,30.3
ascenty-hortolandia,2023,32.398
ascenty-hortolandia,2023,33.073
ascenty-hortolandia,2023,31.51
ascenty-hortolandia,2023,31.692
ascenty-hortolandia,2023,31.825
ascenty-hortolandia,2023,29.195
ascenty-hortolandia,2023,27.135
ascenty-hortolandia,2023,27.866
ascenty-hortolandia,2023,27.679
ascenty-hortolandia,2023,24.816
ascenty-hortolandia,2023,25.303
ascenty-hortolandia,2023,26.601
ascenty-hortolandia,2023,24.132
ascenty-hortolandia,2023,26.025
ascenty-hortolandia,2023,21.06
ascenty-hortolandia,2023,23.962
ascenty-hortolandia,2023,22.465
ascenty-hortolandia,2023,24.156
ascenty-hortolandia,2023,26.862
ascenty-hortolandia,2023,26.79
ascenty-hortolandia,2023,27.607
ascenty-hortolandia,2023,27.846
ascenty-hortolandia,2023,30.545
ascenty-hortolandia,2023,27.567
ascenty-hortolandia,2023,31.41
ascenty-hortolandia,2023,31.747
ascenty-hortolandia,2023,35.631
ascenty-hortolandia,2023,31.554
ascenty-hortolandia,2023,31.956
ascenty-hortolandia,2023,32.892
ascenty-hortolandia,2023,32.878
ascenty-hortolandia,2023,34.372
ascenty-hortolandia,2023,38.254
ascenty-hortolandia,2023,33.338
ascenty-hortolandia,2023,37.232
ascenty-hortolandia,2023,35.062
ascenty-hortolandia,2023,35.39
ascenty-hortolandia,2023,36.204
ascenty-hortolandia,2023,33.719
ascenty-hortolandia,2024,35.124
ascenty-hortolandia,2024,34.734
ascenty-hortolandia,2024,31.804
ascenty-hortolandia,2024,30.958
ascenty-hortolandia,2024,30.734
ascenty-hortolandia,2024,31.121
ascenty-hortolandia,2024,31.226
ascenty-hortolandia,2024,32.255
ascenty-hortolandia,2024,32.654
ascenty-hortolandia,2024,33.587
ascenty-hortolandia,2024,27.897
ascenty-hortolandia,2024,30.965
ascenty-hortolandia,2024,30.705
ascenty-hortolandia,2024,28.722
ascenty-hortolandia,2024,30.69
ascenty-hortolandia,2024,31.196
ascenty-hortolandia,2024,29.043
ascenty-hortolandia,2024,28.678
ascenty-hortolandia,2024,23.915
ascenty-hortolandia,2024,24.457
ascenty-hortolandia,2024,25.911
ascenty-hortolandia,2024,25.382
ascenty-hortolandia,2024,24.55
ascenty-hortolandia,2024,22.393
ascenty-hortolandia,2024,23.474
ascenty-hortolandia,2024,24.346
ascenty-hortolandia,2024,25.173
ascenty-hortolandia,2024,28.201
ascenty-hortolandia,2024,26.1
ascenty-hortolandia,2024,27.919
ascenty-hortolandia,2024,30.839
ascenty-hortolandia,2024,31.055
ascenty-hortolandia,2024,30.578
ascenty-hortolandia,2024,33.592
ascenty-hortolandia,2024,33.523
ascenty-hortolandia,2024,32.413
ascenty-hortolandia,2024,34.655
ascenty-hortolandia,2024,33.301
ascenty-hortolandia,2024,32.629
ascenty-hortolandia,2024,32.934
ascenty-hortolandia,2024,34.235
ascenty-hortolandia,2024,34.305
ascenty-hortolandia,2024,33.684
ascenty-hortolandia,2024,35.04
ascenty-hortolandia,2024,32.576
ascenty-hortolandia,2024,29.851
ascenty-hortolandia,2025,32.964
ascenty-hortolandia,2025,32.975
ascenty-hortolandia,2025,32.876
ascenty-hortolandia,2025,32.613
ascenty-hortolandia,2025,31.769
ascenty-hortolandia,2025,32.208
ascenty-hortolandia,2025,31.786
ascenty-hortolandia,2025,32.402
ascenty-hortolandia,2025,31.024
ascenty-hortolandia,2025,30.824
ascenty-hortolandia,2025,23.294
ascenty-hortolandia,2025,26.964
ascenty-hortolandia,2025,26.084
ascenty-hortolandia,2025,24.172
ascenty-hortolandia,2025,25.264
ascenty-hortolandia,2025,23.578
ascenty-hortolandia,2025,23.934
ascenty-hortolandia,2025,21.09
ascenty-hortolandia,2025,22.936
ascenty-hortolandia,2025,19.825
ascenty-hortolandia,2025,22.418
ascenty-hortolandia,2025,20.3
ascenty-hortolandia,2025,19.607
ascenty-hortolandia,2025,20.697
ascenty-hortolandia,2025,21.051
ascenty-hortolandia,2025,19.112
ascenty-hortolandia,2025,20.552
ascenty-hortolandia,2025,23.903
ascenty-hortolandia,2025,25.915
ascenty-hortolandia,2025,26.469
ascenty-hortolandia,2025,28.038
ascenty-hortolandia,2025,29.617
ascenty-hortolandia,2025,28.265
ascenty-hortolandia,2025,31.755
ascenty-hortolandia,2025,24.394
ascenty-hortolandia,2025,30.365
ascenty-hortolandia,2025,31.179
ascenty-hortolandia,2025,29.527
ascenty-hortolandia,2025,29.777
ascenty-hortolandia,2025,32.338
ascenty-hortolandia,2025,30.879
ascenty-hortolandia,2025,32.537
ascenty-hortolandia,2025,28.888
ascenty-hortolandia,2025,33.713
ascenty-hortolandia,2025,33.693
ascenty-maracanau,2016,27.43
ascenty-maracanau,2016,35.031
ascenty-maracanau,2016,27.454
ascenty-maracanau,2016,28.044
ascenty-maracanau,2016,30.71
ascenty-maracanau,2016,29.523
ascenty-maracanau,2016,30.461
ascenty-maracanau,2016,31.708
ascenty-maracanau,2016,32.521
ascenty-maracanau,2016,31.284
ascenty-maracanau,2016,31.506
ascenty-maracanau,2016,31.613
ascenty-maracanau,2016,32.024
ascenty-maracanau,2016,31.98
ascenty-maracanau,2016,32.561
ascenty-maracanau,2016,34.501
ascenty-maracanau,2016,33.977
ascenty-maracanau,2016,34.001
ascenty-maracanau,2016,34.963
ascenty-maracanau,2016,34.84
ascenty-maracanau,2016,35.995
ascenty-maracanau,2016,34.259
ascenty-maracanau,2016,36.907
ascenty-maracanau,2016,36.068
ascenty-maracanau,2016,37.102
ascenty-maracanau,2016,36.661
ascenty-maracanau,2016,35.384
ascenty-maracanau,2016,37.319
ascenty-maracanau,2016,36.558
ascenty-maracanau,2016,38.925
ascenty-maracanau,2016,37.91
ascenty-maracanau,2016,38.164
ascenty-maracanau,2016,35.386
ascenty-maracanau,2016,35.087
ascenty-maracanau,2016,35.76
ascenty-maracanau,2016,33.102
ascenty-maracanau,2016,36.475
ascenty-maracanau,2016,33.701
ascenty-maracanau,2017,33.94
ascenty-maracanau,2017,24.952
ascenty-maracanau,2017,32.128
ascenty-maracanau,2017,35.53
ascenty-maracanau,2017,27.59
ascenty-maracanau,2017,27.542
ascenty-maracanau,2017,27.717
ascenty-maracanau,2017,28.318
ascenty-maracanau,2017,30.473
ascenty-maracanau,2017,32.631
ascenty-maracanau,2017,30.571
ascenty-maracanau,2017,31.789
ascenty-maracanau,2017,31.394
ascenty-maracanau,2017,29.156
ascenty-maracanau,2017,31.057
ascenty-maracanau,2017,30.613
ascenty-maracanau,2017,31.857
ascenty-maracanau,2017,24.921
ascenty-maracanau,2017,31.045
ascenty-maracanau,2017,29.696
ascenty-maracanau,2017,32.598
ascenty-maracanau,2017,32.003
ascenty-maracanau,2017,32.839
ascenty-maracanau,2017,33.394
ascenty-maracanau,2017,34.64
ascenty-maracanau,2017,35.653
ascenty-maracanau,2017,35.183
ascenty-maracanau,2017,38.259
ascenty-maracanau,2017,37.246
ascenty-maracanau,2017,38.404
ascenty-maracanau,2017,39.748
ascenty-maracanau,2017,34.571
ascenty-maracanau,2017,37.149
ascenty-maracanau,2017,34.609
ascenty-maracanau,2017,35.101
ascenty-maracanau,2017,33.457
ascenty-maracanau,2017,33.268
ascenty-maracanau,2017,35.641
ascenty-maracanau,2017,36.602
ascenty-maracanau,2017,26.053
ascenty-maracanau,2017,32.551
ascenty-maracanau,2018,35.172
ascenty-maracanau,2018,32.57
ascenty-maracanau,2018,35.144
ascenty-maracanau,2018,26.203
ascenty-maracanau,2018,29.399
ascenty-maracanau,2018,26.61
ascenty-maracanau,2018,30.775
ascenty-maracanau,2018,33.901
ascenty-maracanau,2018,31.514
ascenty-maracanau,2018,26.018
ascenty-maracanau,2018,27.555
ascenty-maracanau,2018,32.268
ascenty-maracanau,2018,29.12
ascenty-maracanau,2018,32.039
ascenty-maracanau,2018,30.375
ascenty-maracanau,2018,32.687
ascenty-maracanau,2018,32.874
ascenty-maracanau,2018,32.188
ascenty-maracanau,2018,32.655
ascenty-maracanau,2018,29.979
ascenty-maracanau,2018,31.857
ascenty-maracanau,2018,33.062
ascenty-maracanau,2018,35.825
ascenty-maracanau,2018,35.373
ascenty-maracanau,2018,36.023
ascenty-maracanau,2018,35.261
ascenty-maracanau,2018,34.228
ascenty-maracanau,2018,37.059
ascenty-maracanau,2018,38.61
ascenty-maracanau,2018,37.404
ascenty-maracanau,2018,37.375
ascenty-maracanau,2018,35.308
ascenty-maracanau,2018,32.115
ascenty-maracanau,2018,39.463
ascenty-maracanau,2018,40.159
ascenty-maracanau,2018,35.365
ascenty-maracanau,2018,33.503
ascenty-maracanau,2018,33.214
ascenty-maracanau,2019,33.927
ascenty-maracanau,2019,32.134
ascenty-maracanau,2019,33.604
ascenty-maracanau,2019,33.895
ascenty-maracanau,2019,31.17
ascenty-maracanau,2019,26.866
ascenty-maracanau,2019,30.286
ascenty-maracanau,2019,29.11
ascenty-maracanau,2019,31.951
ascenty-maracanau,2019,28.65
ascenty-maracanau,2019,30.137
ascenty-maracanau,2019,29.103
ascenty-maracanau,2019,31.551
ascenty-maracanau,2019,32.152
ascenty-maracanau,2019,30.694
ascenty-maracanau,2019,31.948
ascenty-maracanau,2019,32.163
ascenty-maracanau,2019,33.944
ascenty-maracanau,2019,31.635
ascenty-maracanau,2019,32.18
ascenty-maracanau,2019,33.116
ascenty-maracanau,2019,34.755
ascenty-maracanau,2019,33.375
ascenty-maracanau,2019,35.245
ascenty-maracanau,2019,35.075
ascenty-maracanau,2019,34.115
ascenty-maracanau,2019,35.752
ascenty-maracanau,2019,37.922
ascenty-maracanau,2019,34.474
ascenty-maracanau,2019,37.122
ascenty-maracanau,2019,37.028
ascenty-maracanau,2019,39.005
ascenty-maracanau,2019,35.249
ascenty-maracanau,2019,37.122
ascenty-maracanau,2019,35.207
ascenty-maracanau,2019,36.187
ascenty-maracanau,2019,24.89
ascenty-maracanau,2019,34.729
ascenty-maracanau,2020,31.546
ascenty-maracanau,2020,18.632
ascenty-maracanau,2020,28.078
ascenty-maracanau,2020,34.552
ascenty-maracanau,2020,33.158
ascenty-maracanau,2020,34.08
ascenty-maracanau,2020,26.21
ascenty-maracanau,2020,31.404
ascenty-maracanau,2020,27.316
ascenty-maracanau,2020,31.861
ascenty-maracanau,2020,31.054
ascenty-maracanau,2020,26.665
ascenty-maracanau,2020,31.69
ascenty-maracanau,2020,28.94
ascenty-maracanau,2020,31.033
ascenty-maracanau,2020,30.744
ascenty-maracanau,2020,33.651
ascenty-maracanau,2020,31.911
ascenty-maracanau,2020,32.522
ascenty-maracanau,2020,31.528
ascenty-maracanau,2020,32.594
ascenty-maracanau,2020,33.876
ascenty-maracanau,2020,33.312
ascenty-maracanau,2020,34.274
ascenty-maracanau,2020,35.421
ascenty-maracanau,2020,37.52
ascenty-maracanau,2020,35.809
ascenty-maracanau,2020,37.061
ascenty-maracanau,2020,35.325
ascenty-maracanau,2020,36.854
ascenty-maracanau,2020,37.726
ascenty-maracanau,2020,35.153
ascenty-maracanau,2020,37.129
ascenty-maracanau,2020,36.372
ascenty-maracanau,2020,35.413
ascenty-maracanau,2020,37.203
ascenty-maracanau,2020,33.752
ascenty-maracanau,2020,33.614
ascenty-maracanau,2020,33.243
ascenty-maracanau,2020,36.344
ascenty-maracanau,2021,31.604
ascenty-maracanau,2021,37.836
ascenty-maracanau,2021,33.83
ascenty-maracanau,2021,35.744
ascenty-maracanau,2021,29.491
ascenty-maracanau,2021,32.67
ascenty-maracanau,2021,29.065
ascenty-maracanau,2021,22.35
ascenty-maracanau,2021,30.387
ascenty-maracanau,2021,31.609
ascenty-maracanau,2021,30.648
ascenty-maracanau,2021,30.393
ascenty-maracanau,2021,31.034
ascenty-maracanau,2021,32.156
ascenty-maracanau,2021,32.988
ascenty-maracanau,2021,31.238
ascenty-maracanau,2021,32.266
ascenty-maracanau,2021,32.936
ascenty-maracanau,2021,31.8
ascenty-maracanau,2021,31.719
ascenty-maracanau,2021,32.516
ascenty-maracanau,2021,34.659
ascenty-maracanau,2021,34.865
ascenty-maracanau,2021,35.599
ascenty-maracanau,2021,34.885
ascenty-maracanau,2021,36.473
ascenty-maracanau,2021,34.87
ascenty-maracanau,2021,36.825
ascenty-maracanau,2021,35.844
ascenty-maracanau,2021,36.198
ascenty-maracanau,2021,39.104
ascenty-maracanau,2021,35.948
ascenty-maracanau,2021,37.939
ascenty-maracanau,2021,37.095
ascenty-maracanau,2021,35.326
ascenty-maracanau,2021,35.279
ascenty-maracanau,2021,35.623
ascenty-maracanau,2021,31.797
ascenty-maracanau,2021,35.006
ascenty-maracanau,2021,34.791
ascenty-maracanau,2021,35.293
ascenty-maracanau,2022,32.888
ascenty-maracanau,2022,27.796
ascenty-maracanau,2022,33.15
ascenty-maracanau,2022,30.723
ascenty-maracanau,2022,33.837
ascenty-maracanau,2022,32.449
ascenty-maracanau,2022,33.515
ascenty-maracanau,2022,29.838
ascenty-maracanau,2022,33.911
ascenty-maracanau,2022,25.455
ascenty-maracanau,2022,29.884
ascenty-maracanau,2022,26.84
ascenty-maracanau,2022,27.494
ascenty-maracanau,2022,27.523
ascenty-maracanau,2022,27.294
ascenty-maracanau,2022,30.067
ascenty-maracanau,2022,30.701
ascenty-maracanau,2022,30.631
ascenty-maracanau,2022,28.289
ascenty-maracanau,2022,30.855
ascenty-maracanau,2022,32.116
ascenty-maracanau,2022,31.221
ascenty-maracanau,2022,31.624
ascenty-maracanau,2022,32.62
ascenty-maracanau,2022,34.888
ascenty-maracanau,2022,34.244
ascenty-maracanau,2022,34.444
ascenty-maracanau,2022,35.636
ascenty-maracanau,2022,34.067
ascenty-maracanau,2022,33.45
ascenty-maracanau,2022,33.887
ascenty-maracanau,2022,36.442
ascenty-maracanau,2022,34.958
ascenty-maracanau,2022,33.989
ascenty-maracanau,2022,34.29
ascenty-maracanau,2022,33.251
ascenty-maracanau,2022,35.577
ascenty-maracanau,2022,34.26
ascenty-maracanau,2022,34.983
ascenty-maracanau,2023,31.608
ascenty-maracanau,2023,33.239
ascenty-maracanau,2023,30.936
ascenty-maracanau,2023,26.11
ascenty-maracanau,2023,30.555
ascenty-maracanau,2023,28.928
ascenty-maracanau,2023,28.85
ascenty-maracanau,2023,32.676
ascenty-maracanau,2023,30.603
ascenty-maracanau,2023,31.562
ascenty-maracanau,2023,30.334
ascenty-maracanau,2023,28.273
ascenty-maracanau,2023,25.298
ascenty-maracanau,2023,27.053
ascenty-maracanau,2023,29.073
ascenty-maracanau,2023,31.165
ascenty-maracanau,2023,30.464
ascenty-maracanau,2023,28.382
ascenty-maracanau,2023,30.4
ascenty-maracanau,2023,31.439
ascenty-maracanau,2023,31.988
ascenty-maracanau,2023,32.181
ascenty-maracanau,2023,33.969
ascenty-maracanau,2023,33.387
ascenty-maracanau,2023,32.411
ascenty-maracanau,2023,32.986
ascenty-maracanau,2023,34.494
ascenty-maracanau,2023,34.445
ascenty-maracanau,2023,34.806
ascenty-maracanau,2023,33.246
ascenty-maracanau,2023,33.485
ascenty-maracanau,2023,36.533
ascenty-maracanau,2023,35.928
ascenty-maracanau,2023,33.424
ascenty-maracanau,2023,34.681
ascenty-maracanau,2023,35.978
ascenty-maracanau,2023,34.108
ascenty-maracanau,2023,32.647
ascenty-maracanau,2023,32.514
ascenty-maracanau,2023,33.588
ascenty-maracanau,2024,32.774
ascenty-maracanau,2024,34.738
ascenty-maracanau,2024,35.569
ascenty-maracanau,2024,33.64
ascenty-maracanau,2024,30.563
ascenty-maracanau,2024,30.033
ascenty-maracanau,2024,32.633
ascenty-maracanau,2024,28.324
ascenty-maracanau,2024,31.785
ascenty-maracanau,2024,30.149
ascenty-maracanau,2024,28.492
ascenty-maracanau,2024,25.004
ascenty-maracanau,2024,29.739
ascenty-maracanau,2024,29.231
ascenty-maracanau,2024,26.546
ascenty-maracanau,2024,26.416
ascenty-maracanau,2024,29.429
ascenty-maracanau,2024,29.322
ascenty-maracanau,2024,28.691
ascenty-maracanau,2024,28.37
ascenty-maracanau,2024,29.684
ascenty-maracanau,2024,30.529
ascenty-maracanau,2024,31.629
ascenty-maracanau,2024,31.061
ascenty-maracanau,2024,31.306
ascenty-maracanau,2024,32.046
ascenty-maracanau,2024,33.304
ascenty-maracanau,2024,32.978
ascenty-maracanau,2024,32.091
ascenty-maracanau,2024,34.129
ascenty-maracanau,2024,33.323
ascenty-maracanau,2024,34.77
ascenty-maracanau,2024,31.826
ascenty-maracanau,2024,31.959
ascenty-maracanau,2024,33.141
ascenty-maracanau,2024,33.635
ascenty-maracanau,2024,32.187
ascenty-maracanau,2024,31.465
ascenty-maracanau,2024,24.908
ascenty-maracanau,2025,30.555
ascenty-maracanau,2025,29.49
ascenty-maracanau,2025,26.919
ascenty-maracanau,2025,29.25
ascenty-maracanau,2025,23.405
ascenty-maracanau,2025,31.204
ascenty-maracanau,2025,25.034
ascenty-maracanau,2025,29.38
ascenty-maracanau,2025,29.836
ascenty-maracanau,2025,28.911
ascenty-maracanau,2025,26.666
ascenty-maracanau,2025,28.773
ascenty-maracanau,2025,30.612
ascenty-maracanau,2025,25.26
ascenty-maracanau,2025,26.926
ascenty-maracanau,2025,27.417
ascenty-maracanau,2025,25.998
ascenty-maracanau,2025,28.485
ascenty-maracanau,2025,27.928
ascenty-maracanau,2025,29.678
ascenty-maracanau,2025,28.338
ascenty-maracanau,2025,29.574
ascenty-maracanau,2025,30.619
ascenty-maracanau,2025,30.613
ascenty-maracanau,2025,30.489
ascenty-maracanau,2025,31.077
ascenty-maracanau,2025,31.201
ascenty-maracanau,2025,33.225
ascenty-maracanau,2025,33.643
ascenty-maracanau,2025,28.055
ascenty-maracanau,2025,34.239
ascenty-maracanau,2025,32.776
ascenty-maracanau,2025,30.946
ascenty-maracanau,2025,30.808
ascenty-maracanau,2025,29.302
ascenty-maracanau,2025,31.268
ascenty-maracanau,2025,28.474
ascenty-maracanau,2025,31.93
ascenty-maracanau,2025,29.248
ascenty-osasco,2016,34.732
ascenty-osasco,2016,31.199
ascenty-osasco,2016,33.529
ascenty-osasco,2016,33.306
ascenty-osasco,2016,32.556
ascenty-osasco,2016,27.779
ascenty-osasco,2016,30.288
ascenty-osasco,2016,32.227
ascenty-osasco,2016,30.271
ascenty-osasco,2016,30.768
ascenty-osasco,2016,31.754
ascenty-osasco,2016,31.923
ascenty-osasco,2016,30.652
ascenty-osasco,2016,25.002
ascenty-osasco,2016,25.228
ascenty-osasco,2016,23.871
ascenty-osasco,2016,21.754
ascenty-osasco,2016,18.787
ascenty-osasco,2016,17.564
ascenty-osasco,2016,21.241
ascenty-osasco,2016,20.594
ascenty-osasco,2016,22.451
ascenty-osasco,2016,23.536
ascenty-osasco,2016,23.756
ascenty-osasco,2016,23.776
ascenty-osasco,2016,24.221
ascenty-osasco,2016,25.53
ascenty-osasco,2016,26.199
ascenty-osasco,2016,28.511
ascenty-osasco,2016,29.78
ascenty-osasco,2016,30.547
ascenty-osasco,2016,28.532
ascenty-osasco,2016,31.042
ascenty-osasco,2016,32.746
ascenty-osasco,2016,37.379
ascenty-osasco,2016,30.815
ascenty-osasco,2016,32.19
ascenty-osasco,2016,32.942
ascenty-osasco,2016,32.473
ascenty-osasco,2016,35.261
ascenty-osasco,2016,33.729
ascenty-osasco,2016,33.764
ascenty-osasco,2016,33.892
ascenty-osasco,2016,36.217
ascenty-osasco,2017,32.73
ascenty-osasco,2017,30.017
ascenty-osasco,2017,32.33
ascenty-osasco,2017,32.507
ascenty-osasco,2017,34.262
ascenty-osasco,2017,32.907
ascenty-osasco,2017,31.707
ascenty-osasco,2017,31.902
ascenty-osasco,2017,31.473
ascenty-osasco,2017,29.456
ascenty-osasco,2017,28.154
ascenty-osasco,2017,27.645
ascenty-osasco,2017,26.876
ascenty-osasco,2017,21.879
ascenty-osasco,2017,24.565
ascenty-osasco,2017,24.52
ascenty-osasco,2017,23.266
ascenty-osasco,2017,23.581
ascenty-osasco,2017,22.588
ascenty-osasco,2017,20.217
ascenty-osasco,2017,22.712
ascenty-osasco,2017,22.909
ascenty-osasco,2017,20.129
ascenty-osasco,2017,22.444
ascenty-osasco,2017,23.662
ascenty-osasco,2017,23.792
ascenty-osasco,2017,23.03
ascenty-osasco,2017,24.494
ascenty-osasco,2017,25.928
ascenty-osasco,2017,28.326
ascenty-osasco,2017,30.945
ascenty-osasco,2017,32.107
ascenty-osasco,2017,31.831
ascenty-osasco,2017,30.604
ascenty-osasco,2017,35.183
ascenty-osasco,2017,32.734
ascenty-osasco,2017,32.364
ascenty-osasco,2017,33.737
ascenty-osasco,2017,34.083
ascenty-osasco,2017,31.285
ascenty-osasco,2017,32.902
ascenty-osasco,2017,35.292
ascenty-osasco,2017,36.35
ascenty-osasco,2017,31.373
ascenty-osasco,2017,33.715
ascenty-osasco,2018,31.424
ascenty-osasco,2018,25.427
ascenty-osasco,2018,34.292
ascenty-osasco,2018,31.23
ascenty-osasco,2018,33.642
ascenty-osasco,2018,33.548
ascenty-osasco,2018,31.243
ascenty-osasco,2018,32.813
ascenty-osasco,2018,32.027
ascenty-osasco,2018,30.291
ascenty-osasco,2018,31.288
ascenty-osasco,2018,28.42
ascenty-osasco,2018,29.541
ascenty-osasco,2018,27.319
ascenty-osasco,2018,28.561
ascenty-osasco,2018,28.177
ascenty-osasco,2018,25.179
ascenty-osasco,2018,21.105
ascenty-osasco,2018,23.831
ascenty-osasco,2018,17.622
ascenty-osasco,2018,25.172
ascenty-osasco,2018,23.586
ascenty-osasco,2018,24.387
ascenty-osasco,2018,23.905
ascenty-osasco,2018,24.715
ascenty-osasco,2018,24.237
ascenty-osasco,2018,25.266
ascenty-osasco,2018,21.761
ascenty-osasco,2018,25.735
ascenty-osasco,2018,25.732
ascenty-osasco,2018,30.023
ascenty-osasco,2018,26.543
ascenty-osasco,2018,25.893
ascenty-osasco,2018,33.105
ascenty-osasco,2018,33.408
ascenty-osasco,2018,25.35
ascenty-osasco,2018,32.424
ascenty-osasco,2018,31.87
ascenty-osasco,2018,33.769
ascenty-osasco,2018,33.315
ascenty-osasco,2018,22.424
ascenty-osasco,2018,34.758
ascenty-osasco,2018,33.4
ascenty-osasco,2018,36.634
ascenty-osasco,2018,33.795
ascenty-osasco,2019,34.673
ascenty-osasco,2019,35.279
ascenty-osasco,2019,34.876
ascenty-osasco,2019,34.59
ascenty-osasco,2019,35.398
ascenty-osasco,2019,28.664
ascenty-osasco,2019,32.159
ascenty-osasco,2019,31.184
ascenty-osasco,2019,32.394
ascenty-osasco,2019,29.392
ascenty-osasco,2019,30.094
ascenty-osasco,2019,29.418
ascenty-osasco,2019,29.016
ascenty-osasco,2019,28.41
ascenty-osasco,2019,27.741
ascenty-osasco,2019,25.278
ascenty-osasco,2019,27.404
ascenty-osasco,2019,22.916
ascenty-osasco,2019,22.53
ascenty-osasco,2019,21.501
ascenty-osasco,2019,24.19
ascenty-osasco,2019,23.436
ascenty-osasco,2019,24.532
ascenty-osasco,2019,18.953
ascenty-osasco,2019,21.074
ascenty-osasco,2019,23.423
ascenty-osasco,2019,24.733
ascenty-osasco,2019,25.621
ascenty-osasco,2019,23.176
ascenty-osasco,2019,25.213
ascenty-osasco,2019,27.161
ascenty-osasco,2019,29.368
ascenty-osasco,2019,31.862
ascenty-osasco,2019,29.415
ascenty-osasco,2019,34.021
ascenty-osasco,2019,35.376
ascenty-osasco,2019,32.609
ascenty-osasco,2019,34.255
ascenty-osasco,2019,36.008
ascenty-osasco,2019,34.287
ascenty-osasco,2019,35.341
ascenty-osasco,2019,30.096
ascenty-osasco,2019,32.209
ascenty-osasco,2019,36.07
ascenty-osasco,2019,34.354
ascenty-osasco,2019,33.373
ascenty-osasco,2020,32.161
ascenty-osasco,2020,34.355
ascenty-osasco,2020,32.308
ascenty-osasco,2020,35.55
ascenty-osasco,2020,32.19
ascenty-osasco,2020,32.638
ascenty-osasco,2020,36.992
ascenty-osasco,2020,25.071
ascenty-osasco,2020,29.7
ascenty-osasco,2020,32.269
ascenty-osasco,2020,28.231
ascenty-osasco,2020,28.989
ascenty-osasco,2020,27.525
ascenty-osasco,2020,28.256
ascenty-osasco,2020,27.911
ascenty-osasco,2020,26.253
ascenty-osasco,2020,24.633
ascenty-osasco,2020,25.523
ascenty-osasco,2020,20.188
ascenty-osasco,2020,24.722
ascenty-osasco,2020,24.32
ascenty-osasco,2020,24.957
ascenty-osasco,2020,8.995
ascenty-osasco,2020,21.932
ascenty-osasco,2020,25.107
ascenty-osasco,2020,25.211
ascenty-osasco,2020,25.768
ascenty-osasco,2020,24.553
ascenty-osasco,2020,27.341
ascenty-osasco,2020,22.634
ascenty-osasco,2020,30.214
ascenty-osasco,2020,30.782
ascenty-osasco,2020,32.299
ascenty-osasco,2020,31.216
ascenty-osasco,2020,35.634
ascenty-osasco,2020,33.313
ascenty-osasco,2020,30.829
ascenty-osasco,2020,34.922
ascenty-osasco,2020,29.306
ascenty-osasco,2020,33.942
ascenty-osasco,2020,31.288
ascenty-osasco,2020,36.481
ascenty-osasco,2020,34.84
ascenty-osasco,2020,32.148
ascenty-osasco,2020,34.347
ascenty-osasco,2020,31.392
ascenty-osasco,2021,30.592
ascenty-osasco,2021,32.425
ascenty-osasco,2021,30.834
ascenty-osasco,2021,34.971
ascenty-osasco,2021,33.781
ascenty-osasco,2021,30.744
ascenty-osasco,2021,32.51
ascenty-osasco,2021,29.863
ascenty-osasco,2021,31.305
ascenty-osasco,2021,34.04
ascenty-osasco,2021,32.241
ascenty-osasco,2021,29.187
ascenty-osasco,2021,29.804
ascenty-osasco,2021,22.89
ascenty-osasco,2021,26.523
ascenty-osasco,2021,27.007
ascenty-osasco,2021,22.939
ascenty-osasco,2021,24.667
ascenty-osasco,2021,22.403
ascenty-osasco,2021,25.25
ascenty-osasco,2021,20.151
ascenty-osasco,2021,20.705
ascenty-osasco,2021,20.208
ascenty-osasco,2021,21.027
ascenty-osasco,2021,20.287
ascenty-osasco,2021,22.33
ascenty-osasco,2021,15.298
ascenty-osasco,2021,24.636
ascenty-osasco,2021,28.497
ascenty-osasco,2021,29.878
ascenty-osasco,2021,28.021
ascenty-osasco,2021,28.911
ascenty-osasco,2021,30.479
ascenty-osasco,2021,31.114
ascenty-osasco,2021,31.281
ascenty-osasco,2021,27.631
ascenty-osasco,2021,29.789
ascenty-osasco,2021,31.738
ascenty-osasco,2021,34.101
ascenty-osasco,2021,32.791
ascenty-osasco,2021,33.432
ascenty-osasco,2021,34.067
ascenty-osasco,2021,32.378
ascenty-osasco,2021,37.277
ascenty-osasco,2021,33.592
ascenty-osasco,2021,32.97
ascenty-osasco,2022,31.047
ascenty-osasco,2022,32.261
ascenty-osasco,2022,33.331
ascenty-osasco,2022,33.059
ascenty-osasco,2022,29.436
ascenty-osasco,2022,30.63
ascenty-osasco,2022,31.841
ascenty-osasco,2022,33.047
ascenty-osasco,2022,32.006
ascenty-osasco,2022,29.289
ascenty-osasco,2022,28.988
ascenty-osasco,2022,30.396
ascenty-osasco,2022,28.389
ascenty-osasco,2022,25.539
ascenty-osasco,2022,27.995
ascenty-osasco,2022,27.589
ascenty-osasco,2022,24.374
ascenty-osasco,2022,20.797
ascenty-osasco,2022,24.212
ascenty-osasco,2022,21.674
ascenty-osasco,2022,19.032
ascenty-osasco,2022,23.178
ascenty-osasco,2022,22.767
ascenty-osasco,2022,22.111
ascenty-osasco,2022,22.132
ascenty-osasco,2022,24.442
ascenty-osasco,2022,21.563
ascenty-osasco,2022,19.245
ascenty-osasco,2022,23.9
ascenty-osasco,2022,25.867
ascenty-osasco,2022,24.902
ascenty-osasco,2022,30.487
ascenty-osasco,2022,24.502
ascenty-osasco,2022,25.033
ascenty-osasco,2022,26.908
ascenty-osasco,2022,32.372
ascenty-osasco,2022,32.104
ascenty-osasco,2022,31.123
ascenty-osasco,2022,32.915
ascenty-osasco,2022,34.771
ascenty-osasco,2022,36.224
ascenty-osasco,2022,31.631
ascenty-osasco,2022,31.503
ascenty-osasco,2022,24.979
ascenty-osasco,2023,31.042
ascenty-osasco,2023,33.737
ascenty-osasco,2023,31.186
ascenty-osasco,2023,31.967
ascenty-osasco,2023,33.713
ascenty-osasco,2023,29.795
ascenty-osasco,2023,30.885
ascenty-osasco,2023,31.469
ascenty-osasco,2023,30.199
ascenty-osasco,2023,30.575
ascenty-osasco,2023,28.137
ascenty-osasco,2023,25.639
ascenty-osasco,2023,23.305
ascenty-osasco,2023,24.949
ascenty-osasco,2023,26.375
ascenty-osasco,2023,22.471
ascenty-osasco,2023,21.948
ascenty-osasco,2023,23.503
ascenty-osasco,2023,21.73
ascenty-osasco,2023,23.901
ascenty-osasco,2023,19.701
ascenty-osasco,2023,21.433
ascenty-osasco,2023,19.869
ascenty-osasco,2023,20.947
ascenty-osasco,2023,23.383
ascenty-osasco,2023,22.545
ascenty-osasco,2023,24.717
ascenty-osasco,2023,27.14
ascenty-osasco,2023,28.113
ascenty-osasco,2023,24.069
ascenty-osasco,2023,30.489
ascenty-osasco,2023,30.243
ascenty-osasco,2023,33.286
ascenty-osasco,2023,28.408
ascenty-osasco,2023,31.068
ascenty-osasco,2023,30.801
ascenty-osasco,2023,32.452
ascenty-osasco,2023,31.402
ascenty-osasco,2023,37.025
ascenty-osasco,2023,33.937
ascenty-osasco,2023,32.026
ascenty-osasco,2023,35.866
ascenty-osasco,2023,35.505
ascenty-osasco,2023,33.377
ascenty-osasco,2023,32.701
ascenty-osasco,2024,33.971
ascenty-osasco,2024,32.943
ascenty-osasco,2024,33.138
ascenty-osasco,2024,31.879
ascenty-osasco,2024,30.729
ascenty-osasco,2024,29.94
ascenty-osasco,2024,28.775
ascenty-osasco,2024,30.294
ascenty-osasco,2024,29.486
ascenty-osasco,2024,31.554
ascenty-osasco,2024,28.853
ascenty-osasco,2024,27.704
ascenty-osasco,2024,28.535
ascenty-osasco,2024,24.54
ascenty-osasco,2024,27.613
ascenty-osasco,2024,28.895
ascenty-osasco,2024,25.893
ascenty-osasco,2024,26.943
ascenty-osasco,2024,20.918
ascenty-osasco,2024,21.751
ascenty-osasco,2024,22.972
ascenty-osasco,2024,23.133
ascenty-osasco,2024,20.694
ascenty-osasco,2024,20.732
ascenty-osasco,2024,20.697
ascenty-osasco,2024,20.635
ascenty-osasco,2024,22.128
ascenty-osasco,2024,25.022
ascenty-osasco,2024,22.754
ascenty-osasco,2024,23.535
ascenty-osasco,2024,26.218
ascenty-osasco,2024,28.22
ascenty-osasco,2024,28.396
ascenty-osasco,2024,30.895
ascenty-osasco,2024,30.362
ascenty-osasco,2024,26.657
ascenty-osasco,2024,30.503
ascenty-osasco,2024,27.978
ascenty-osasco,2024,29.044
ascenty-osasco,2024,31.77
ascenty-osasco,2024,31.161
ascenty-osasco,2024,33.572
ascenty-osasco,2024,25.101
ascenty-osasco,2024,32.538
ascenty-osasco,2024,30.635
ascenty-osasco,2024,31.298
ascenty-osasco,2025,30.815
ascenty-osasco,2025,30.267
ascenty-osasco,2025,32.486
ascenty-osasco,2025,32.112
ascenty-osasco,2025,31.103
ascenty-osasco,2025,29.821
ascenty-osasco,2025,30.436
ascenty-osasco,2025,28.831
ascenty-osasco,2025,25.515
ascenty-osasco,2025,27.422
ascenty-osasco,2025,26.063
ascenty-osasco,2025,24.44
ascenty-osasco,2025,23.284
ascenty-osasco,2025,21.433
ascenty-osasco,2025,22.086
ascenty-osasco,2025,20.114
ascenty-osasco,2025,21.227
ascenty-osasco,2025,18.27
ascenty-osasco,2025,21.03
ascenty-osasco,2025,16.697
ascenty-osasco,2025,18.867
ascenty-osasco,2025,18.097
ascenty-osasco,2025,16.042
ascenty-osasco,2025,17.074
ascenty-osasco,2025,18.801
ascenty-osasco,2025,16.159
ascenty-osasco,2025,16.829
ascenty-osasco,2025,18.671
ascenty-osasco,2025,22.56
ascenty-osasco,2025,22.933
ascenty-osasco,2025,23.113
ascenty-osasco,2025,25.924
ascenty-osasco,2025,24.078
ascenty-osasco,2025,27.15
ascenty-osasco,2025,23.414
ascenty-osasco,2025,25.753
ascenty-osasco,2025,27.347
ascenty-osasco,2025,25.56
ascenty-osasco,2025,25.441
ascenty-osasco,2025,28.048
ascenty-osasco,2025,29.449
ascenty-osasco,2025,28.847
ascenty-osasco,2025,27.608
ascenty-osasco,2025,31.344
ascenty-osasco,2025,31.815
ascenty-sumare,2016,34.478
ascenty-sumare,2016,32.271
ascenty-sumare,2016,33.579
ascenty-sumare,2016,35.324
ascenty-sumare,2016,34.218
ascenty-sumare,2016,30.322
ascenty-sumare,2016,30.44
ascenty-sumare,2016,32.819
ascenty-sumare,2016,30.055
ascenty-sumare,2016,32.807
ascenty-sumare,2016,33.357
ascenty-sumare,2016,33.104
ascenty-sumare,2016,33.791
ascenty-sumare,2016,28.551
ascenty-sumare,2016,27.85
ascenty-sumare,2016,24.7
ascenty-sumare,2016,24.574
ascenty-sumare,2016,23.355
ascenty-sumare,2016,21.686
ascenty-sumare,2016,24.254
ascenty-sumare,2016,25.177
ascenty-sumare,2016,25.646
ascenty-sumare,2016,25.972
ascenty-sumare,2016,25.907
ascenty-sumare,2016,27.351
ascenty-sumare,2016,27.568
ascenty-sumare,2016,29.564
ascenty-sumare,2016,29.633
ascenty-sumare,2016,30.998
ascenty-sumare,2016,31.465
ascenty-sumare,2016,33.21
ascenty-sumare,2016,34.12
ascenty-sumare,2016,33.04
ascenty-sumare,2016,33.468
ascenty-sumare,2016,38.263
ascenty-sumare,2016,35.177
ascenty-sumare,2016,34.927
ascenty-sumare,2016,33.316
ascenty-sumare,2016,34.948
ascenty-sumare,2016,37.92
ascenty-sumare,2016,37.565
ascenty-sumare,2016,32.035
ascenty-sumare,2016,36.403
ascenty-sumare,2016,36.903
ascenty-sumare,2017,36.514
ascenty-sumare,2017,32.158
ascenty-sumare,2017,30.506
ascenty-sumare,2017,33.383
ascenty-sumare,2017,34.373
ascenty-sumare,2017,34.912
ascenty-sumare,2017,31.967
ascenty-sumare,2017,32.968
ascenty-sumare,2017,31.25
ascenty-sumare,2017,31.915
ascenty-sumare,2017,31.129
ascenty-sumare,2017,29.672
ascenty-sumare,2017,30.265
ascenty-sumare,2017,27.303
ascenty-sumare,2017,26.725
ascenty-sumare,2017,27.236
ascenty-sumare,2017,24.911
ascenty-sumare,2017,26.527
ascenty-sumare,2017,24.86
ascenty-sumare,2017,22.68
ascenty-sumare,2017,25.897
ascenty-sumare,2017,22.458
ascenty-sumare,2017,23.688
ascenty-sumare,2017,24.004
ascenty-sumare,2017,27.045
ascenty-sumare,2017,27.423
ascenty-sumare,2017,28.503
ascenty-sumare,2017,29.62
ascenty-sumare,2017,29.776
ascenty-sumare,2017,31.683
ascenty-sumare,2017,35.887
ascenty-sumare,2017,37.051
ascenty-sumare,2017,36.198
ascenty-sumare,2017,32.636
ascenty-sumare,2017,36.362
ascenty-sumare,2017,36.16
ascenty-sumare,2017,35.707
ascenty-sumare,2017,37.325
ascenty-sumare,2017,36.213
ascenty-sumare,2017,31.669
ascenty-sumare,2017,34.997
ascenty-sumare,2017,35.155
ascenty-sumare,2017,36.053
ascenty-sumare,2017,31.368
ascenty-sumare,2017,36.241
ascenty-sumare,2018,32.787
ascenty-sumare,2018,29.041
ascenty-sumare,2018,32.316
ascenty-sumare,2018,32.624
ascenty-sumare,2018,34.674
ascenty-sumare,2018,33.743
ascenty-sumare,2018,32.949
ascenty-sumare,2018,34.174
ascenty-sumare,2018,33.998
ascenty-sumare,2018,34.019
ascenty-sumare,2018,32.234
ascenty-sumare,2018,30.01
ascenty-sumare,2018,31.0
ascenty-sumare,2018,30.918
ascenty-sumare,2018,31.738
ascenty-sumare,2018,30.964
ascenty-sumare,2018,30.526
ascenty-sumare,2018,23.592
ascenty-sumare,2018,26.911
ascenty-sumare,2018,19.53
ascenty-sumare,2018,26.413
ascenty-sumare,2018,26.929
ascenty-sumare,2018,28.289
ascenty-sumare,2018,28.252
ascenty-sumare,2018,28.812
ascenty-sumare,2018,27.575
ascenty-sumare,2018,29.126
ascenty-sumare,2018,23.698
ascenty-sumare,2018,27.869
ascenty-sumare,2018,29.106
ascenty-sumare,2018,31.794
ascenty-sumare,2018,31.526
ascenty-sumare,2018,26.388
ascenty-sumare,2018,36.45
ascenty-sumare,2018,35.411
ascenty-sumare,2018,31.044
ascenty-sumare,2018,34.131
ascenty-sumare,2018,33.013
ascenty-sumare,2018,35.27
ascenty-sumare,2018,36.156
ascenty-sumare,2018,29.549
ascenty-sumare,2018,37.094
ascenty-sumare,2018,35.297
ascenty-sumare,2018,38.503
ascenty-sumare,2018,35.673
ascenty-sumare,2019,35.695
ascenty-sumare,2019,34.644
ascenty-sumare,2019,36.752
ascenty-sumare,2019,35.396
ascenty-sumare,2019,36.004
ascenty-sumare,2019,33.401
ascenty-sumare,2019,33.337
ascenty-sumare,2019,31.652
ascenty-sumare,2019,32.289
ascenty-sumare,2019,33.209
ascenty-sumare,2019,29.294
ascenty-sumare,2019,29.888
ascenty-sumare,2019,30.264
ascenty-sumare,2019,29.546
ascenty-sumare,2019,26.357
ascenty-sumare,2019,24.07
ascenty-sumare,2019,24.549
ascenty-sumare,2019,23.168
ascenty-sumare,2019,26.814
ascenty-sumare,2019,26.66
ascenty-sumare,2019,26.597
ascenty-sumare,2019,21.039
ascenty-sumare,2019,23.204
ascenty-sumare,2019,27.0
ascenty-sumare,2019,27.168
ascenty-sumare,2019,28.987
ascenty-sumare,2019,27.411
ascenty-sumare,2019,28.938
ascenty-sumare,2019,29.492
ascenty-sumare,2019,32.716
ascenty-sumare,2019,36.331
ascenty-sumare,2019,30.789
ascenty-sumare,2019,38.407
ascenty-sumare,2019,38.401
ascenty-sumare,2019,38.282
ascenty-sumare,2019,38.345
ascenty-sumare,2019,38.606
ascenty-sumare,2019,31.879
ascenty-sumare,2019,37.578
ascenty-sumare,2019,33.823
ascenty-sumare,2019,35.51
ascenty-sumare,2019,35.07
ascenty-sumare,2019,35.982
ascenty-sumare,2019,35.552
ascenty-sumare,2020,35.351
ascenty-sumare,2020,34.901
ascenty-sumare,2020,34.712
ascenty-sumare,2020,35.701
ascenty-sumare,2020,33.587
ascenty-sumare,2020,33.963
ascenty-sumare,2020,34.552
ascenty-sumare,2020,32.294
ascenty-sumare,2020,32.613
ascenty-sumare,2020,34.717
ascenty-sumare,2020,31.997
ascenty-sumare,2020,31.365
ascenty-sumare,2020,31.179
ascenty-sumare,2020,31.216
ascenty-sumare,2020,31.581
ascenty-sumare,2020,29.631
ascenty-sumare,2020,28.659
ascenty-sumare,2020,29.21
ascenty-sumare,2020,24.865
ascenty-sumare,2020,26.768
ascenty-sumare,2020,27.658
ascenty-sumare,2020,27.484
ascenty-sumare,2020,19.859
ascenty-sumare,2020,24.215
ascenty-sumare,2020,26.655
ascenty-sumare,2020,28.165
ascenty-sumare,2020,29.085
ascenty-sumare,2020,29.111
ascenty-sumare,2020,32.317
ascenty-sumare,2020,27.054
ascenty-sumare,2020,32.855
ascenty-sumare,2020,34.605
ascenty-sumare,2020,36.051
ascenty-sumare,2020,34.922
ascenty-sumare,2020,39.327
ascenty-sumare,2020,39.597
ascenty-sumare,2020,35.38
ascenty-sumare,2020,38.07
ascenty-sumare,2020,36.614
ascenty-sumare,2020,40.487
ascenty-sumare,2020,34.817
ascenty-sumare,2020,38.741
ascenty-sumare,2020,27.458
ascenty-sumare,2020,33.283
ascenty-sumare,2020,35.409
ascenty-sumare,2020,33.071
ascenty-sumare,2021,36.304
ascenty-sumare,2021,31.95
ascenty-sumare,2021,33.521
ascenty-sumare,2021,33.892
ascenty-sumare,2021,32.672
ascenty-sumare,2021,32.692
ascenty-sumare,2021,35.072
ascenty-sumare,2021,31.062
ascenty-sumare,2021,31.898
ascenty-sumare,2021,34.701
ascenty-sumare,2021,33.957
ascenty-sumare,2021,32.442
ascenty-sumare,2021,31.449
ascenty-sumare,2021,29.311
ascenty-sumare,2021,30.483
ascenty-sumare,2021,30.399
ascenty-sumare,2021,26.75
ascenty-sumare,2021,27.066
ascenty-sumare,2021,23.978
ascenty-sumare,2021,28.369
ascenty-sumare,2021,24.589
ascenty-sumare,2021,24.213
ascenty-sumare,2021,23.786
ascenty-sumare,2021,25.488
ascenty-sumare,2021,25.608
ascenty-sumare,2021,26.773
ascenty-sumare,2021,23.214
ascenty-sumare,2021,27.29
ascenty-sumare,2021,30.745
ascenty-sumare,2021,33.745
ascenty-sumare,2021,32.729
ascenty-sumare,2021,35.211
ascenty-sumare,2021,36.634
ascenty-sumare,2021,38.321
ascenty-sumare,2021,38.796
ascenty-sumare,2021,37.091
ascenty-sumare,2021,35.648
ascenty-sumare,2021,35.302
ascenty-sumare,2021,38.404
ascenty-sumare,2021,39.825
ascenty-sumare,2021,36.665
ascenty-sumare,2021,36.745
ascenty-sumare,2021,37.937
ascenty-sumare,2021,41.153
ascenty-sumare,2021,34.94
ascenty-sumare,2021,37.426
ascenty-sumare,2022,30.075
ascenty-sumare,2022,33.676
ascenty-sumare,2022,34.669
ascenty-sumare,2022,33.881
ascenty-sumare,2022,32.213
ascenty-sumare,2022,32.409
ascenty-sumare,2022,32.311
ascenty-sumare,2022,34.142
ascenty-sumare,2022,32.606
ascenty-sumare,2022,29.722
ascenty-sumare,2022,31.786
ascenty-sumare,2022,31.91
ascenty-sumare,2022,30.751
ascenty-sumare,2022,28.839
ascenty-sumare,2022,31.356
ascenty-sumare,2022,29.121
ascenty-sumare,2022,28.064
ascenty-sumare,2022,23.738
ascenty-sumare,2022,27.117
ascenty-sumare,2022,24.486
ascenty-sumare,2022,22.544
ascenty-sumare,2022,25.827
ascenty-sumare,2022,25.807
ascenty-sumare,2022,24.985
ascenty-sumare,2022,24.248
ascenty-sumare,2022,28.483
ascenty-sumare,2022,25.542
ascenty-sumare,2022,27.087
ascenty-sumare,2022,26.936
ascenty-sumare,2022,31.294
ascenty-sumare,2022,30.375
ascenty-sumare,2022,31.515
ascenty-sumare,2022,32.965
ascenty-sumare,2022,30.496
ascenty-sumare,2022,31.82
ascenty-sumare,2022,34.924
ascenty-sumare,2022,33.048
ascenty-sumare,2022,34.825
ascenty-sumare,2022,35.81
ascenty-sumare,2022,35.253
ascenty-sumare,2022,36.379
ascenty-sumare,2022,34.381
ascenty-sumare,2022,34.404
ascenty-sumare,2022,32.847
ascenty-sumare,2023,32.146
ascenty-sumare,2023,33.264
ascenty-sumare,2023,32.071
ascenty-sumare,2023,31.82
ascenty-sumare,2023,33.644
ascenty-sumare,2023,33.941
ascenty-sumare,2023,29.545
ascenty-sumare,2023,32.741
ascenty-sumare,2023,31.909
ascenty-sumare,2023,31.356
ascenty-sumare,2023,31.843
ascenty-sumare,2023,31.713
ascenty-sumare,2023,29.765
ascenty-sumare,2023,26.375
ascenty-sumare,2023,27.519
ascenty-sumare,2023,27.445
ascenty-sumare,2023,24.421
ascenty-sumare,2023,24.965
ascenty-sumare,2023,25.239
ascenty-sumare,2023,24.022
ascenty-sumare,2023,25.801
ascenty-sumare,2023,20.974
ascenty-sumare,2023,23.495
ascenty-sumare,2023,22.092
ascenty-sumare,2023,23.605
ascenty-sumare,2023,26.64
ascenty-sumare,2023,27.152
ascenty-sumare,2023,27.806
ascenty-sumare,2023,29.672
ascenty-sumare,2023,30.642
ascenty-sumare,2023,28.246
ascenty-sumare,2023,30.685
ascenty-sumare,2023,31.589
ascenty-sumare,2023,36.168
ascenty-sumare,2023,31.685
ascenty-sumare,2023,32.197
ascenty-sumare,2023,33.018
ascenty-sumare,2023,31.406
ascenty-sumare,2023,34.474
ascenty-sumare,2023,38.019
ascenty-sumare,2023,32.634
ascenty-sumare,2023,37.187
ascenty-sumare,2023,35.36
ascenty-sumare,2023,35.551
ascenty-sumare,2023,36.471
ascenty-sumare,2023,33.407
ascenty-sumare,2024,35.51
ascenty-sumare,2024,34.738
ascenty-sumare,2024,31.026
ascenty-sumare,2024,30.64
ascenty-sumare,2024,31.106
ascenty-sumare,2024,31.115
ascenty-sumare,2024,31.179
ascenty-sumare,2024,32.209
ascenty-sumare,2024,31.461
ascenty-sumare,2024,33.307
ascenty-sumare,2024,28.647
ascenty-sumare,2024,30.265
ascenty-sumare,2024,30.128
ascenty-sumare,2024,28.066
ascenty-sumare,2024,30.466
ascenty-sumare,2024,30.879
ascenty-sumare,2024,29.074
ascenty-sumare,2024,28.62
ascenty-sumare,2024,23.423
ascenty-sumare,2024,24.48
ascenty-sumare,2024,24.995
ascenty-sumare,2024,24.757
ascenty-sumare,2024,23.825
ascenty-sumare,2024,20.409
ascenty-sumare,2024,23.097
ascenty-sumare,2024,23.976
ascenty-sumare,2024,24.667
ascenty-sumare,2024,28.114
ascenty-sumare,2024,26.524
ascenty-sumare,2024,28.337
ascenty-sumare,2024,30.474
ascenty-sumare,2024,30.821
ascenty-sumare,2024,31.152
ascenty-sumare,2024,34.155
ascenty-sumare,2024,33.966
ascenty-sumare,2024,33.676
ascenty-sumare,2024,36.714
ascenty-sumare,2024,33.843
ascenty-sumare,2024,32.968
ascenty-sumare,2024,33.132
ascenty-sumare,2024,34.151
ascenty-sumare,2024,34.517
ascenty-sumare,2024,32.601
ascenty-sumare,2024,34.268
ascenty-sumare,2024,32.339
ascenty-sumare,2024,29.859
ascenty-sumare,2025,32.96
ascenty-sumare,2025,33.045
ascenty-sumare,2025,31.499
ascenty-sumare,2025,34.154
ascenty-sumare,2025,31.791
ascenty-sumare,2025,30.655
ascenty-sumare,2025,31.172
ascenty-sumare,2025,31.7
ascenty-sumare,2025,32.582
ascenty-sumare,2025,30.665
ascenty-sumare,2025,31.063
ascenty-sumare,2025,26.314
ascenty-sumare,2025,26.999
ascenty-sumare,2025,26.307
ascenty-sumare,2025,24.127
ascenty-sumare,2025,25.047
ascenty-sumare,2025,24.596
ascenty-sumare,2025,23.756
ascenty-sumare,2025,21.24
ascenty-sumare,2025,21.514
ascenty-sumare,2025,19.698
ascenty-sumare,2025,21.591
ascenty-sumare,2025,21.004
ascenty-sumare,2025,19.457
ascenty-sumare,2025,20.165
ascenty-sumare,2025,21.365
ascenty-sumare,2025,19.166
ascenty-sumare,2025,20.767
ascenty-sumare,2025,23.983
ascenty-sumare,2025,25.669
ascenty-sumare,2025,27.169
ascenty-sumare,2025,28.086
ascenty-sumare,2025,28.856
ascenty-sumare,2025,28.337
ascenty-sumare,2025,32.103
ascenty-sumare,2025,22.495
ascenty-sumare,2025,30.466
ascenty-sumare,2025,31.756
ascenty-sumare,2025,29.439
ascenty-sumare,2025,29.645
ascenty-sumare,2025,31.614
ascenty-sumare,2025,31.687
ascenty-sumare,2025,32.357
ascenty-sumare,2025,27.688
ascenty-sumare,2025,33.593
ascenty-sumare,2025,34.546
ascenty-vinhedo,2016,31.51
ascenty-vinhedo,2016,29.235
ascenty-vinhedo,2016,30.947
ascenty-vinhedo,2016,31.576
ascenty-vinhedo,2016,30.435
ascenty-vinhedo,2016,28.894
ascenty-vinhedo,2016,30.373
ascenty-vinhedo,2016,29.144
ascenty-vinhedo,2016,29.404
ascenty-vinhedo,2016,30.394
ascenty-vinhedo,2016,30.935
ascenty-vinhedo,2016,30.948
ascenty-vinhedo,2016,25.203
ascenty-vinhedo,2016,25.435
ascenty-vinhedo,2016,24.518
ascenty-vinhedo,2016,22.269
ascenty-vinhedo,2016,19.389
ascenty-vinhedo,2016,20.456
ascenty-vinhedo,2016,22.083
ascenty-vinhedo,2016,22.163
ascenty-vinhedo,2016,23.429
ascenty-vinhedo,2016,23.354
ascenty-vinhedo,2016,23.614
ascenty-vinhedo,2016,24.363
ascenty-vinhedo,2016,26.025
ascenty-vinhedo,2016,26.527
ascenty-vinhedo,2016,27.638
ascenty-vinhedo,2016,28.73
ascenty-vinhedo,2016,29.083
ascenty-vinhedo,2016,30.507
ascenty-vinhedo,2016,29.975
ascenty-vinhedo,2016,28.979
ascenty-vinhedo,2016,31.267
ascenty-vinhedo,2016,34.25
ascenty-vinhedo,2016,30.656
ascenty-vinhedo,2016,30.645
ascenty-vinhedo,2016,31.513
ascenty-vinhedo,2016,30.511
ascenty-vinhedo,2016,30.462
ascenty-vinhedo,2016,31.932
ascenty-vinhedo,2016,31.153
ascenty-vinhedo,2016,33.42
ascenty-vinhedo,2016,32.939
ascenty-vinhedo,2017,31.345
ascenty-vinhedo,2017,28.375
ascenty-vinhedo,2017,29.982
ascenty-vinhedo,2017,29.836
ascenty-vinhedo,2017,32.535
ascenty-vinhedo,2017,32.469
ascenty-vinhedo,2017,29.757
ascenty-vinhedo,2017,28.683
ascenty-vinhedo,2017,27.922
ascenty-vinhedo,2017,27.675
ascenty-vinhedo,2017,26.526
ascenty-vinhedo,2017,28.322
ascenty-vinhedo,2017,23.995
ascenty-vinhedo,2017,24.164
ascenty-vinhedo,2017,24.436
ascenty-vinhedo,2017,21.554
ascenty-vinhedo,2017,25.212
ascenty-vinhedo,2017,22.156
ascenty-vinhedo,2017,20.269
ascenty-vinhedo,2017,22.927
ascenty-vinhedo,2017,22.311
ascenty-vinhedo,2017,21.22
ascenty-vinhedo,2017,22.109
ascenty-vinhedo,2017,24.157
ascenty-vinhedo,2017,25.04
ascenty-vinhedo,2017,24.949
ascenty-vinhedo,2017,27.368
ascenty-vinhedo,2017,25.986
ascenty-vinhedo,2017,28.89
ascenty-vinhedo,2017,32.175
ascenty-vinhedo,2017,33.505
ascenty-vinhedo,2017,32.892
ascenty-vinhedo,2017,30.197
ascenty-vinhedo,2017,33.455
ascenty-vinhedo,2017,32.445
ascenty-vinhedo,2017,32.465
ascenty-vinhedo,2017,33.486
ascenty-vinhedo,2017,32.229
ascenty-vinhedo,2017,29.51
ascenty-vinhedo,2017,30.51
ascenty-vinhedo,2017,32.836
ascenty-vinhedo,2017,32.782
ascenty-vinhedo,2017,30.321
ascenty-vinhedo,2017,32.188
ascenty-vinhedo,2018,28.935
ascenty-vinhedo,2018,32.251
ascenty-vinhedo,2018,28.174
ascenty-vinhedo,2018,31.881
ascenty-vinhedo,2018,29.916
ascenty-vinhedo,2018,28.79
ascenty-vinhedo,2018,31.446
ascenty-vinhedo,2018,30.055
ascenty-vinhedo,2018,30.895
ascenty-vinhedo,2018,29.835
ascenty-vinhedo,2018,27.702
ascenty-vinhedo,2018,28.608
ascenty-vinhedo,2018,26.496
ascenty-vinhedo,2018,28.922
ascenty-vinhedo,2018,28.34
ascenty-vinhedo,2018,27.078
ascenty-vinhedo,2018,21.944
ascenty-vinhedo,2018,25.031
ascenty-vinhedo,2018,22.016
ascenty-vinhedo,2018,24.871
ascenty-vinhedo,2018,26.302
ascenty-vinhedo,2018,25.173
ascenty-vinhedo,2018,26.768
ascenty-vinhedo,2018,25.364
ascenty-vinhedo,2018,25.07
ascenty-vinhedo,2018,20.59
ascenty-vinhedo,2018,25.098
ascenty-vinhedo,2018,26.868
ascenty-vinhedo,2018,29.602
ascenty-vinhedo,2018,27.799
ascenty-vinhedo,2018,22.466
ascenty-vinhedo,2018,32.831
ascenty-vinhedo,2018,32.009
ascenty-vinhedo,2018,26.024
ascenty-vinhedo,2018,29.909
ascenty-vinhedo,2018,30.29
ascenty-vinhedo,2018,32.444
ascenty-vinhedo,2018,31.664
ascenty-vinhedo,2018,27.188
ascenty-vinhedo,2018,32.521
ascenty-vinhedo,2018,31.279
ascenty-vinhedo,2018,34.828
ascenty-vinhedo,2018,31.839
ascenty-vinhedo,2019,33.212
ascenty-vinhedo,2019,31.879
ascenty-vinhedo,2019,33.185
ascenty-vinhedo,2019,33.218
ascenty-vinhedo,2019,33.06
ascenty-vinhedo,2019,30.423
ascenty-vinhedo,2019,30.533
ascenty-vinhedo,2019,31.527
ascenty-vinhedo,2019,28.15
ascenty-vinhedo,2019,28.806
ascenty-vinhedo,2019,29.482
ascenty-vinhedo,2019,24.998
ascenty-vinhedo,2019,26.494
ascenty-vinhedo,2019,27.454
ascenty-vinhedo,2019,23.831
ascenty-vinhedo,2019,25.13
ascenty-vinhedo,2019,22.758
ascenty-vinhedo,2019,22.767
ascenty-vinhedo,2019,22.023
ascenty-vinhedo,2019,24.538
ascenty-vinhedo,2019,23.774
ascenty-vinhedo,2019,24.682
ascenty-vinhedo,2019,19.734
ascenty-vinhedo,2019,21.521
ascenty-vinhedo,2019,23.994
ascenty-vinhedo,2019,24.662
ascenty-vinhedo,2019,26.47
ascenty-vinhedo,2019,25.737
ascenty-vinhedo,2019,26.862
ascenty-vinhedo,2019,28.419
ascenty-vinhedo,2019,29.74
ascenty-vinhedo,2019,32.906
ascenty-vinhedo,2019,27.545
ascenty-vinhedo,2019,35.277
ascenty-vinhedo,2019,35.605
ascenty-vinhedo,2019,34.029
ascenty-vinhedo,2019,36.254
ascenty-vinhedo,2019,36.882
ascenty-vinhedo,2019,27.746
ascenty-vinhedo,2019,33.353
ascenty-vinhedo,2019,30.097
ascenty-vinhedo,2019,31.935
ascenty-vinhedo,2019,28.908
ascenty-vinhedo,2019,31.423
ascenty-vinhedo,2019,31.891
ascenty-vinhedo,2020,31.194
ascenty-vinhedo,2020,32.533
ascenty-vinhedo,2020,30.923
ascenty-vinhedo,2020,31.401
ascenty-vinhedo,2020,29.166
ascenty-vinhedo,2020,30.613
ascenty-vinhedo,2020,29.049
ascenty-vinhedo,2020,28.154
ascenty-vinhedo,2020,28.292
ascenty-vinhedo,2020,30.651
ascenty-vinhedo,2020,28.783
ascenty-vinhedo,2020,27.953
ascenty-vinhedo,2020,27.189
ascenty-vinhedo,2020,28.099
ascenty-vinhedo,2020,28.449
ascenty-vinhedo,2020,26.594
ascenty-vinhedo,2020,25.989
ascenty-vinhedo,2020,27.267
ascenty-vinhedo,2020,21.807
ascenty-vinhedo,2020,24.794
ascenty-vinhedo,2020,25.217
ascenty-vinhedo,2020,24.953
ascenty-vinhedo,2020,22.555
ascenty-vinhedo,2020,24.213
ascenty-vinhedo,2020,26.176
ascenty-vinhedo,2020,26.189
ascenty-vinhedo,2020,26.959
ascenty-vinhedo,2020,30.422
ascenty-vinhedo,2020,25.005
ascenty-vinhedo,2020,29.728
ascenty-vinhedo,2020,31.749
ascenty-vinhedo,2020,33.169
ascenty-vinhedo,2020,33.013
ascenty-vinhedo,2020,36.835
ascenty-vinhedo,2020,34.819
ascenty-vinhedo,2020,32.012
ascenty-vinhedo,2020,36.506
ascenty-vinhedo,2020,33.453
ascenty-vinhedo,2020,38.837
ascenty-vinhedo,2020,31.827
ascenty-vinhedo,2020,35.035
ascenty-vinhedo,2020,33.704
ascenty-vinhedo,2020,30.602
ascenty-vinhedo,2020,31.618
ascenty-vinhedo,2020,29.899
ascenty-vinhedo,2021,29.958
ascenty-vinhedo,2021,28.409
ascenty-vinhedo,2021,29.004
ascenty-vinhedo,2021,31.58
ascenty-vinhedo,2021,29.554
ascenty-vinhedo,2021,29.176
ascenty-vinhedo,2021,31.026
ascenty-vinhedo,2021,30.167
ascenty-vinhedo,2021,29.067
ascenty-vinhedo,2021,31.379
ascenty-vinhedo,2021,30.767
ascenty-vinhedo,2021,28.571
ascenty-vinhedo,2021,27.921
ascenty-vinhedo,2021,23.962
ascenty-vinhedo,2021,25.474
ascenty-vinhedo,2021,26.343
ascenty-vinhedo,2021,22.641
ascenty-vinhedo,2021,23.494
ascenty-vinhedo,2021,23.082
ascenty-vinhedo,2021,25.429
ascenty-vinhedo,2021,21.598
ascenty-vinhedo,2021,22.441
ascenty-vinhedo,2021,22.174
ascenty-vinhedo,2021,22.518
ascenty-vinhedo,2021,23.62
ascenty-vinhedo,2021,24.273
ascenty-vinhedo,2021,20.256
ascenty-vinhedo,2021,25.868
ascenty-vinhedo,2021,29.218
ascenty-vinhedo,2021,31.681
ascenty-vinhedo,2021,28.935
ascenty-vinhedo,2021,30.78
ascenty-vinhedo,2021,32.594
ascenty-vinhedo,2021,34.29
ascenty-vinhedo,2021,35.382
ascenty-vinhedo,2021,30.794
ascenty-vinhedo,2021,31.597
ascenty-vinhedo,2021,31.864
ascenty-vinhedo,2021,33.512
ascenty-vinhedo,2021,31.634
ascenty-vinhedo,2021,34.06
ascenty-vinhedo,2021,32.546
ascenty-vinhedo,2021,32.254
ascenty-vinhedo,2021,34.356
ascenty-vinhedo,2021,33.216
ascenty-vinhedo,2021,32.819
ascenty-vinhedo,2022,32.508
ascenty-vinhedo,2022,29.861
ascenty-vinhedo,2022,29.025
ascenty-vinhedo,2022,29.297
ascenty-vinhedo,2022,30.366
ascenty-vinhedo,2022,32.03
ascenty-vinhedo,2022,29.861
ascenty-vinhedo,2022,28.025
ascenty-vinhedo,2022,28.832
ascenty-vinhedo,2022,29.007
ascenty-vinhedo,2022,27.628
ascenty-vinhedo,2022,25.69
ascenty-vinhedo,2022,28.134
ascenty-vinhedo,2022,25.764
ascenty-vinhedo,2022,24.864
ascenty-vinhedo,2022,20.889
ascenty-vinhedo,2022,25.371
ascenty-vinhedo,2022,22.747
ascenty-vinhedo,2022,20.06
ascenty-vinhedo,2022,23.373
ascenty-vinhedo,2022,23.885
ascenty-vinhedo,2022,22.77
ascenty-vinhedo,2022,22.716
ascenty-vinhedo,2022,25.691
ascenty-vinhedo,2022,23.706
ascenty-vinhedo,2022,21.539
ascenty-vinhedo,2022,25.487
ascenty-vinhedo,2022,27.896
ascenty-vinhedo,2022,26.96
ascenty-vinhedo,2022,28.61
ascenty-vinhedo,2022,26.966
ascenty-vinhedo,2022,26.485
ascenty-vinhedo,2022,28.576
ascenty-vinhedo,2022,31.43
ascenty-vinhedo,2022,28.543
ascenty-vinhedo,2022,30.455
ascenty-vinhedo,2022,32.231
ascenty-vinhedo,2022,31.834
ascenty-vinhedo,2022,34.05
ascenty-vinhedo,2022,30.283
ascenty-vinhedo,2022,29.672
ascenty-vinhedo,2023,28.765
ascenty-vinhedo,2023,29.347
ascenty-vinhedo,2023,29.376
ascenty-vinhedo,2023,30.91
ascenty-vinhedo,2023,25.045
ascenty-vinhedo,2023,29.325
ascenty-vinhedo,2023,27.16
ascenty-vinhedo,2023,28.146
ascenty-vinhedo,2023,28.529
ascenty-vinhedo,2023,27.194
ascenty-vinhedo,2023,25.743
ascenty-vinhedo,2023,24.308
ascenty-vinhedo,2023,24.964
ascenty-vinhedo,2023,24.84
ascenty-vinhedo,2023,22.189
ascenty-vinhedo,2023,22.73
ascenty-vinhedo,2023,24.353
ascenty-vinhedo,2023,22.203
ascenty-vinhedo,2023,24.403
ascenty-vinhedo,2023,19.591
ascenty-vinhedo,2023,21.766
ascenty-vinhedo,2023,20.987
ascenty-vinhedo,2023,21.826
ascenty-vinhedo,2023,24.474
ascenty-vinhedo,2023,23.748
ascenty-vinhedo,2023,26.256
ascenty-vinhedo,2023,25.825
ascenty-vinhedo,2023,28.053
ascenty-vinhedo,2023,25.202
ascenty-vinhedo,2023,30.002
ascenty-vinhedo,2023,29.082
ascenty-vinhedo,2023,33.112
ascenty-vinhedo,2023,30.197
ascenty-vinhedo,2023,28.788
ascenty-vinhedo,2023,28.938
ascenty-vinhedo,2023,32.439
ascenty-vinhedo,2023,30.268
ascenty-vinhedo,2023,34.425
ascenty-vinhedo,2023,31.107
ascenty-vinhedo,2023,33.361
ascenty-vinhedo,2023,31.536
ascenty-vinhedo,2023,32.276
ascenty-vinhedo,2023,32.287
ascenty-vinhedo,2023,32.466
ascenty-vinhedo,2024,31.012
ascenty-vinhedo,2024,30.463
ascenty-vinhedo,2024,28.996
ascenty-vinhedo,2024,29.389
ascenty-vinhedo,2024,28.742
ascenty-vinhedo,2024,29.492
ascenty-vinhedo,2024,28.578
ascenty-vinhedo,2024,28.898
ascenty-vinhedo,2024,28.937
ascenty-vinhedo,2024,30.779
ascenty-vinhedo,2024,25.577
ascenty-vinhedo,2024,26.517
ascenty-vinhedo,2024,27.079
ascenty-vinhedo,2024,25.109
ascenty-vinhedo,2024,27.416
ascenty-vinhedo,2024,28.223
ascenty-vinhedo,2024,25.732
ascenty-vinhedo,2024,25.924
ascenty-vinhedo,2024,20.233
ascenty-vinhedo,2024,22.545
ascenty-vinhedo,2024,23.886
ascenty-vinhedo,2024,23.564
ascenty-vinhedo,2024,21.654
ascenty-vinhedo,2024,22.511
ascenty-vinhedo,2024,20.52
ascenty-vinhedo,2024,21.794
ascenty-vinhedo,2024,23.296
ascenty-vinhedo,2024,26.392
ascenty-vinhedo,2024,22.465
ascenty-vinhedo,2024,25.393
ascenty-vinhedo,2024,28.345
ascenty-vinhedo,2024,29.584
ascenty-vinhedo,2024,30.121
ascenty-vinhedo,2024,31.645
ascenty-vinhedo,2024,30.585
ascenty-vinhedo,2024,29.319
ascenty-vinhedo,2024,31.082
ascenty-vinhedo,2024,29.158
ascenty-vinhedo,2024,29.823
ascenty-vinhedo,2024,29.315
ascenty-vinhedo,2024,30.629
ascenty-vinhedo,2024,31.013
ascenty-vinhedo,2024,30.638
ascenty-vinhedo,2024,30.57
ascenty-vinhedo,2024,28.89
ascenty-vinhedo,2024,27.464
ascenty-vinhedo,2025,29.77
ascenty-vinhedo,2025,28.183
ascenty-vinhedo,2025,29.37
ascenty-vinhedo,2025,28.95
ascenty-vinhedo,2025,29.238
ascenty-vinhedo,2025,28.481
ascenty-vinhedo,2025,28.604
ascenty-vinhedo,2025,28.725
ascenty-vinhedo,2025,26.775
ascenty-vinhedo,2025,27.781
ascenty-vinhedo,2025,21.98
ascenty-vinhedo,2025,23.947
ascenty-vinhedo,2025,22.789
ascenty-vinhedo,2025,21.432
ascenty-vinhedo,2025,22.325
ascenty-vinhedo,2025,21.58
ascenty-vinhedo,2025,21.315
ascenty-vinhedo,2025,18.336
ascenty-vinhedo,2025,21.062
ascenty-vinhedo,2025,17.673
ascenty-vinhedo,2025,19.214
ascenty-vinhedo,2025,19.243
ascenty-vinhedo,2025,16.686
ascenty-vinhedo,2025,17.787
ascenty-vinhedo,2025,19.235
ascenty-vinhedo,2025,18.116
ascenty-vinhedo,2025,17.424
ascenty-vinhedo,2025,21.062
ascenty-vinhedo,2025,25.487
ascenty-vinhedo,2025,23.485
ascenty-vinhedo,2025,24.763
ascenty-vinhedo,2025,26.875
ascenty-vinhedo,2025,25.581
ascenty-vinhedo,2025,27.623
ascenty-vinhedo,2025,23.999
ascenty-vinhedo,2025,27.907
ascenty-vinhedo,2025,27.48
ascenty-vinhedo,2025,25.97
ascenty-vinhedo,2025,26.323
ascenty-vinhedo,2025,27.94
ascenty-vinhedo,2025,28.952
ascenty-vinhedo,2025,29.341
ascenty-vinhedo,2025,25.014
ascenty-vinhedo,2025,30.865
ascenty-vinhedo,2025,30.329
clickip-manaus,2016,36.198
clickip-manaus,2016,38.024
clickip-manaus,2016,36.638
clickip-manaus,2016,29.384
clickip-manaus,2016,28.943
clickip-manaus,2016,34.994
clickip-manaus,2016,34.709
clickip-manaus,2016,32.658
clickip-manaus,2016,33.763
clickip-manaus,2016,35.262
clickip-manaus,2016,35.678
clickip-manaus,2016,34.098
clickip-manaus,2016,34.847
clickip-manaus,2016,36.028
clickip-manaus,2016,36.324
clickip-manaus,2016,36.947
clickip-manaus,2016,34.93
clickip-manaus,2016,36.246
clickip-manaus,2016,37.351
clickip-manaus,2016,38.499
clickip-manaus,2016,38.261
clickip-manaus,2016,37.821
clickip-manaus,2016,37.098
clickip-manaus,2016,35.845
clickip-manaus,2016,34.956
clickip-manaus,2017,31.95
clickip-manaus,2017,33.73
clickip-manaus,2017,37.073
clickip-manaus,2017,32.646
clickip-manaus,2017,33.09
clickip-manaus,2017,28.75
clickip-manaus,2017,36.426
clickip-manaus,2017,34.105
clickip-manaus,2017,33.635
clickip-manaus,2017,35.767
clickip-manaus,2017,28.609
clickip-manaus,2017,35.205
clickip-manaus,2017,34.446
clickip-manaus,2017,34.701
clickip-manaus,2017,36.402
clickip-manaus,2017,35.853
clickip-manaus,2017,37.42
clickip-manaus,2017,36.2
clickip-manaus,2017,38.132
clickip-manaus,2017,35.035
clickip-manaus,2017,38.345
clickip-manaus,2017,37.361
clickip-manaus,2017,39.208
clickip-manaus,2017,38.286
clickip-manaus,2017,35.425
clickip-manaus,2017,33.839
clickip-manaus,2017,35.523
clickip-manaus,2018,30.323
clickip-manaus,2018,37.627
clickip-manaus,2018,36.92
clickip-manaus,2018,29.458
clickip-manaus,2018,34.902
clickip-manaus,2018,34.811
clickip-manaus,2018,32.017
clickip-manaus,2018,34.244
clickip-manaus,2018,34.835
clickip-manaus,2018,35.216
clickip-manaus,2018,35.419
clickip-manaus,2018,34.857
clickip-manaus,2018,35.58
clickip-manaus,2018,36.244
clickip-manaus,2018,35.489
clickip-manaus,2018,35.83
clickip-manaus,2018,38.492
clickip-manaus,2018,37.971
clickip-manaus,2018,39.997
clickip-manaus,2018,40.401
clickip-manaus,2018,38.594
clickip-manaus,2018,37.225
clickip-manaus,2018,38.87
clickip-manaus,2018,38.69
clickip-manaus,2018,32.81
clickip-manaus,2018,33.725
clickip-manaus,2019,27.05
clickip-manaus,2019,29.97
clickip-manaus,2019,34.049
clickip-manaus,2019,30.09
clickip-manaus,2019,32.53
clickip-manaus,2019,35.296
clickip-manaus,2019,29.91
clickip-manaus,2019,36.71
clickip-manaus,2019,31.47
clickip-manaus,2019,34.58
clickip-manaus,2019,35.066
clickip-manaus,2019,34.24
clickip-manaus,2019,33.978
clickip-manaus,2019,35.598
clickip-manaus,2019,35.491
clickip-manaus,2019,34.796
clickip-manaus,2019,33.935
clickip-manaus,2019,38.907
clickip-manaus,2019,36.982
clickip-manaus,2019,38.69
clickip-manaus,2019,37.763
clickip-manaus,2019,40.412
clickip-manaus,2019,35.31
clickip-manaus,2019,36.921
clickip-manaus,2019,37.928
clickip-manaus,2019,28.23
clickip-manaus,2019,36.363
clickip-manaus,2019,36.044
clickip-manaus,2020,38.125
clickip-manaus,2020,31.27
clickip-manaus,2020,35.835
clickip-manaus,2020,37.4
clickip-manaus,2020,32.221
clickip-manaus,2020,33.27
clickip-manaus,2020,30.649
clickip-manaus,2020,34.305
clickip-manaus,2020,34.49
clickip-manaus,2020,23.687
clickip-manaus,2020,34.832
clickip-manaus,2020,32.163
clickip-manaus,2020,35.292
clickip-manaus,2020,35.898
clickip-manaus,2020,37.0
clickip-manaus,2020,37.372
clickip-manaus,2020,36.386
clickip-manaus,2020,35.257
clickip-manaus,2020,36.278
clickip-manaus,2020,37.888
clickip-manaus,2020,37.349
clickip-manaus,2020,38.354
clickip-manaus,2020,36.683
clickip-manaus,2020,38.783
clickip-manaus,2020,37.133
clickip-manaus,2020,38.197
clickip-manaus,2020,38.573
clickip-manaus,2020,34.871
clickip-manaus,2020,36.88
clickip-manaus,2020,35.781
clickip-manaus,2021,35.156
clickip-manaus,2021,20.703
clickip-manaus,2021,34.733
clickip-manaus,2021,31.55
clickip-manaus,2021,40.621
clickip-manaus,2021,28.92
clickip-manaus,2021,32.846
clickip-manaus,2021,29.212
clickip-manaus,2021,34.323
clickip-manaus,2021,32.377
clickip-manaus,2021,29.255
clickip-manaus,2021,30.549
clickip-manaus,2021,34.118
clickip-manaus,2021,35.895
clickip-manaus,2021,30.313
clickip-manaus,2021,36.775
clickip-manaus,2021,36.297
clickip-manaus,2021,35.644
clickip-manaus,2021,37.517
clickip-manaus,2021,34.836
clickip-manaus,2021,37.025
clickip-manaus,2021,38.168
clickip-manaus,2021,38.374
clickip-manaus,2021,40.035
clickip-manaus,2021,37.014
clickip-manaus,2021,35.271
clickip-manaus,2021,30.75
clickip-manaus,2021,35.902
clickip-manaus,2021,35.828
clickip-manaus,2022,31.199
clickip-manaus,2022,35.626
clickip-manaus,2022,31.768
clickip-manaus,2022,33.99
clickip-manaus,2022,32.91
clickip-manaus,2022,34.788
clickip-manaus,2022,33.77
clickip-manaus,2022,35.133
clickip-manaus,2022,28.71
clickip-manaus,2022,30.685
clickip-manaus,2022,35.093
clickip-manaus,2022,34.363
clickip-manaus,2022,30.188
clickip-manaus,2022,35.354
clickip-manaus,2022,34.842
clickip-manaus,2022,29.364
clickip-manaus,2022,36.186
clickip-manaus,2022,34.125
clickip-manaus,2022,34.992
clickip-manaus,2022,36.471
clickip-manaus,2022,37.84
clickip-manaus,2022,37.946
clickip-manaus,2022,37.862
clickip-manaus,2022,36.549
clickip-manaus,2022,36.258
clickip-manaus,2022,28.47
clickip-manaus,2022,30.34
clickip-manaus,2022,36.466
clickip-manaus,2022,28.65
clickip-manaus,2023,29.05
clickip-manaus,2023,31.457
clickip-manaus,2023,30.41
clickip-manaus,2023,26.352
clickip-manaus,2023,29.436
clickip-manaus,2023,35.085
clickip-manaus,2023,33.759
clickip-manaus,2023,29.632
clickip-manaus,2023,34.481
clickip-manaus,2023,34.943
clickip-manaus,2023,35.994
clickip-manaus,2023,36.156
clickip-manaus,2023,36.034
clickip-manaus,2023,35.883
clickip-manaus,2023,37.604
clickip-manaus,2023,36.564
clickip-manaus,2023,36.12
clickip-manaus,2023,37.711
clickip-manaus,2023,37.395
clickip-manaus,2023,37.485
clickip-manaus,2023,37.594
clickip-manaus,2023,38.613
clickip-manaus,2023,35.788
clickip-manaus,2023,36.63
clickip-manaus,2023,37.243
clickip-manaus,2023,32.85
clickip-manaus,2023,35.257
clickip-manaus,2024,35.202
clickip-manaus,2024,35.116
clickip-manaus,2024,35.207
clickip-manaus,2024,34.615
clickip-manaus,2024,30.684
clickip-manaus,2024,34.31
clickip-manaus,2024,34.228
clickip-manaus,2024,30.375
clickip-manaus,2024,29.43
clickip-manaus,2024,29.221
clickip-manaus,2024,32.802
clickip-manaus,2024,33.617
clickip-manaus,2024,34.15
clickip-manaus,2024,34.444
clickip-manaus,2024,31.751
clickip-manaus,2024,33.612
clickip-manaus,2024,34.527
clickip-manaus,2024,35.837
clickip-manaus,2024,34.541
clickip-manaus,2024,35.344
clickip-manaus,2024,35.873
clickip-manaus,2024,36.16
clickip-manaus,2024,34.998
clickip-manaus,2024,36.326
clickip-manaus,2024,37.378
clickip-manaus,2024,37.044
clickip-manaus,2024,35.304
clickip-manaus,2024,35.589
clickip-manaus,2024,35.711
clickip-manaus,2024,35.175
clickip-manaus,2024,35.358
clickip-manaus,2024,30.89
clickip-manaus,2025,30.437
clickip-manaus,2025,16.07
clickip-manaus,2025,30.276
clickip-manaus,2025,27.299
clickip-manaus,2025,29.278
clickip-manaus,2025,32.384
clickip-manaus,2025,31.7
clickip-manaus,2025,29.431
clickip-manaus,2025,29.78
clickip-manaus,2025,29.229
clickip-manaus,2025,27.617
clickip-manaus,2025,26.737
clickip-manaus,2025,31.956
clickip-manaus,2025,26.932
clickip-manaus,2025,30.291
clickip-manaus,2025,30.47
clickip-manaus,2025,33.351
clickip-manaus,2025,32.973
clickip-manaus,2025,31.577
clickip-manaus,2025,33.128
clickip-manaus,2025,33.028
clickip-manaus,2025,32.507
clickip-manaus,2025,28.539
clickip-manaus,2025,31.851
clickip-manaus,2025,33.129
clickip-manaus,2025,29.333
clickip-manaus,2025,29.368
clickip-manaus,2025,35.205
clickip-manaus,2025,34.376
clickip-manaus,2025,24.325
clickip-manaus,2025,27.63
clickip-manaus,2025,31.561
clickip-manaus,2025,32.738
clickip-manaus,2025,29.724
clickip-manaus,2025,29.967
equinix-santana-parnaiba,2016,31.928
equinix-santana-parnaiba,2016,28.654
equinix-santana-parnaiba,2016,30.647
equinix-santana-parnaiba,2016,30.145
equinix-santana-parnaiba,2016,30.394
equinix-santana-parnaiba,2016,28.97
equinix-santana-parnaiba,2016,29.163
equinix-santana-parnaiba,2016,29.829
equinix-santana-parnaiba,2016,28.085
equinix-santana-parnaiba,2016,28.694
equinix-santana-parnaiba,2016,29.043
equinix-santana-parnaiba,2016,29.587
equinix-santana-parnaiba,2016,28.573
equinix-santana-parnaiba,2016,23.028
equinix-santana-parnaiba,2016,23.742
equinix-santana-parnaiba,2016,23.108
equinix-santana-parnaiba,2016,20.777
equinix-santana-parnaiba,2016,17.212
equinix-santana-parnaiba,2016,17.565
equinix-santana-parnaiba,2016,19.718
equinix-santana-parnaiba,2016,19.458
equinix-santana-parnaiba,2016,20.527
equinix-santana-parnaiba,2016,21.965
equinix-santana-parnaiba,2016,21.705
equinix-santana-parnaiba,2016,22.556
equinix-santana-parnaiba,2016,22.689
equinix-santana-parnaiba,2016,23.582
equinix-santana-parnaiba,2016,24.384
equinix-santana-parnaiba,2016,26.627
equinix-santana-parnaiba,2016,27.634
equinix-santana-parnaiba,2016,28.592
equinix-santana-parnaiba,2016,26.648
equinix-santana-parnaiba,2016,30.037
equinix-santana-parnaiba,2016,30.533
equinix-santana-parnaiba,2016,34.725
equinix-santana-parnaiba,2016,28.508
equinix-santana-parnaiba,2016,29.641
equinix-santana-parnaiba,2016,31.087
equinix-santana-parnaiba,2016,29.764
equinix-santana-parnaiba,2016,32.432
equinix-santana-parnaiba,2016,31.058
equinix-santana-parnaiba,2016,30.626
equinix-santana-parnaiba,2016,31.177
equinix-santana-parnaiba,2016,33.667
equinix-santana-parnaiba,2017,29.565
equinix-santana-parnaiba,2017,29.596
equinix-santana-parnaiba,2017,29.81
equinix-santana-parnaiba,2017,29.61
equinix-santana-parnaiba,2017,31.448
equinix-santana-parnaiba,2017,30.765
equinix-santana-parnaiba,2017,26.906
equinix-santana-parnaiba,2017,29.727
equinix-santana-parnaiba,2017,29.098
equinix-santana-parnaiba,2017,27.603
equinix-santana-parnaiba,2017,26.1
equinix-santana-parnaiba,2017,25.338
equinix-santana-parnaiba,2017,24.593
equinix-santana-parnaiba,2017,21.6
equinix-santana-parnaiba,2017,22.847
equinix-santana-parnaiba,2017,22.991
equinix-santana-parnaiba,2017,21.431
equinix-santana-parnaiba,2017,21.893
equinix-santana-parnaiba,2017,21.505
equinix-santana-parnaiba,2017,18.931
equinix-santana-parnaiba,2017,21.365
equinix-santana-parnaiba,2017,19.977
equinix-santana-parnaiba,2017,18.24
equinix-santana-parnaiba,2017,21.003
equinix-santana-parnaiba,2017,22.148
equinix-santana-parnaiba,2017,22.044
equinix-santana-parnaiba,2017,21.497
equinix-santana-parnaiba,2017,26.063
equinix-santana-parnaiba,2017,24.058
equinix-santana-parnaiba,2017,26.503
equinix-santana-parnaiba,2017,29.086
equinix-santana-parnaiba,2017,30.203
equinix-santana-parnaiba,2017,29.692
equinix-santana-parnaiba,2017,29.595
equinix-santana-parnaiba,2017,32.95
equinix-santana-parnaiba,2017,30.144
equinix-santana-parnaiba,2017,30.687
equinix-santana-parnaiba,2017,31.018
equinix-santana-parnaiba,2017,31.116
equinix-santana-parnaiba,2017,27.448
equinix-santana-parnaiba,2017,30.329
equinix-santana-parnaiba,2017,32.513
equinix-santana-parnaiba,2017,33.567
equinix-santana-parnaiba,2017,28.904
equinix-santana-parnaiba,2017,29.555
equinix-santana-parnaiba,2018,28.845
equinix-santana-parnaiba,2018,25.141
equinix-santana-parnaiba,2018,31.513
equinix-santana-parnaiba,2018,29.313
equinix-santana-parnaiba,2018,30.8
equinix-santana-parnaiba,2018,31.972
equinix-santana-parnaiba,2018,28.931
equinix-santana-parnaiba,2018,29.993
equinix-santana-parnaiba,2018,30.186
equinix-santana-parnaiba,2018,29.046
equinix-santana-parnaiba,2018,28.951
equinix-santana-parnaiba,2018,26.759
equinix-santana-parnaiba,2018,27.811
equinix-santana-parnaiba,2018,25.364
equinix-santana-parnaiba,2018,26.947
equinix-santana-parnaiba,2018,26.309
equinix-santana-parnaiba,2018,24.371
equinix-santana-parnaiba,2018,18.971
equinix-santana-parnaiba,2018,22.508
equinix-santana-parnaiba,2018,18.939
equinix-santana-parnaiba,2018,25.652
equinix-santana-parnaiba,2018,22.608
equinix-santana-parnaiba,2018,22.138
equinix-santana-parnaiba,2018,23.096
equinix-santana-parnaiba,2018,23.328
equinix-santana-parnaiba,2018,23.018
equinix-santana-parnaiba,2018,23.623
equinix-santana-parnaiba,2018,20.37
equinix-santana-parnaiba,2018,24.16
equinix-santana-parnaiba,2018,24.419
equinix-santana-parnaiba,2018,28.239
equinix-santana-parnaiba,2018,25.228
equinix-santana-parnaiba,2018,21.721
equinix-santana-parnaiba,2018,31.009
equinix-santana-parnaiba,2018,30.345
equinix-santana-parnaiba,2018,24.569
equinix-santana-parnaiba,2018,28.623
equinix-santana-parnaiba,2018,28.714
equinix-santana-parnaiba,2018,31.504
equinix-santana-parnaiba,2018,30.563
equinix-santana-parnaiba,2018,25.148
equinix-santana-parnaiba,2018,31.338
equinix-santana-parnaiba,2018,30.528
equinix-santana-parnaiba,2018,33.562
equinix-santana-parnaiba,2018,31.172
equinix-santana-parnaiba,2019,32.739
equinix-santana-parnaiba,2019,31.94
equinix-santana-parnaiba,2019,32.278
equinix-santana-parnaiba,2019,31.676
equinix-santana-parnaiba,2019,32.115
equinix-santana-parnaiba,2019,28.51
equinix-santana-parnaiba,2019,30.774
equinix-santana-parnaiba,2019,28.907
equinix-santana-parnaiba,2019,29.963
equinix-santana-parnaiba,2019,26.464
equinix-santana-parnaiba,2019,27.852
equinix-santana-parnaiba,2019,27.151
equinix-santana-parnaiba,2019,26.23
equinix-santana-parnaiba,2019,26.321
equinix-santana-parnaiba,2019,26.354
equinix-santana-parnaiba,2019,24.991
equinix-santana-parnaiba,2019,26.523
equinix-santana-parnaiba,2019,21.482
equinix-santana-parnaiba,2019,21.351
equinix-santana-parnaiba,2019,19.918
equinix-santana-parnaiba,2019,22.565
equinix-santana-parnaiba,2019,22.468
equinix-santana-parnaiba,2019,22.709
equinix-santana-parnaiba,2019,17.836
equinix-santana-parnaiba,2019,19.847
equinix-santana-parnaiba,2019,22.122
equinix-santana-parnaiba,2019,23.383
equinix-santana-parnaiba,2019,23.773
equinix-santana-parnaiba,2019,22.188
equinix-santana-parnaiba,2019,23.544
equinix-santana-parnaiba,2019,26.065
equinix-santana-parnaiba,2019,27.115
equinix-santana-parnaiba,2019,29.76
equinix-santana-parnaiba,2019,26.361
equinix-santana-parnaiba,2019,31.597
equinix-santana-parnaiba,2019,32.674
equinix-santana-parnaiba,2019,30.471
equinix-santana-parnaiba,2019,32.397
equinix-santana-parnaiba,2019,33.716
equinix-santana-parnaiba,2019,31.405
equinix-santana-parnaiba,2019,32.645
equinix-santana-parnaiba,2019,28.438
equinix-santana-parnaiba,2019,30.087
equinix-santana-parnaiba,2019,33.437
equinix-santana-parnaiba,2019,31.225
equinix-santana-parnaiba,2019,31.149
equinix-santana-parnaiba,2020,31.399
equinix-santana-parnaiba,2020,32.231
equinix-santana-parnaiba,2020,29.512
equinix-santana-parnaiba,2020,32.904
equinix-santana-parnaiba,2020,29.581
equinix-santana-parnaiba,2020,30.37
equinix-santana-parnaiba,2020,33.215
equinix-santana-parnaiba,2020,24.87
equinix-santana-parnaiba,2020,27.493
equinix-santana-parnaiba,2020,29.899
equinix-santana-parnaiba,2020,26.622
equinix-santana-parnaiba,2020,27.208
equinix-santana-parnaiba,2020,25.353
equinix-santana-parnaiba,2020,25.993
equinix-santana-parnaiba,2020,26.334
equinix-santana-parnaiba,2020,24.374
equinix-santana-parnaiba,2020,22.89
equinix-santana-parnaiba,2020,23.907
equinix-santana-parnaiba,2020,19.281
equinix-santana-parnaiba,2020,23.051
equinix-santana-parnaiba,2020,21.451
equinix-santana-parnaiba,2020,23.647
equinix-santana-parnaiba,2020,8.296
equinix-santana-parnaiba,2020,21.304
equinix-santana-parnaiba,2020,23.679
equinix-santana-parnaiba,2020,23.682
equinix-santana-parnaiba,2020,24.661
equinix-santana-parnaiba,2020,23.09
equinix-santana-parnaiba,2020,24.879
equinix-santana-parnaiba,2020,20.86
equinix-santana-parnaiba,2020,28.751
equinix-santana-parnaiba,2020,29.203
equinix-santana-parnaiba,2020,30.331
equinix-santana-parnaiba,2020,29.962
equinix-santana-parnaiba,2020,32.657
equinix-santana-parnaiba,2020,30.846
equinix-santana-parnaiba,2020,22.335
equinix-santana-parnaiba,2020,32.667
equinix-santana-parnaiba,2020,27.425
equinix-santana-parnaiba,2020,32.163
equinix-santana-parnaiba,2020,28.612
equinix-santana-parnaiba,2020,33.12
equinix-santana-parnaiba,2020,31.24
equinix-santana-parnaiba,2020,28.162
equinix-santana-parnaiba,2020,30.277
equinix-santana-parnaiba,2020,29.429
equinix-santana-parnaiba,2021,30.067
equinix-santana-parnaiba,2021,27.273
equinix-santana-parnaiba,2021,27.131
equinix-santana-parnaiba,2021,31.462
equinix-santana-parnaiba,2021,31.04
equinix-santana-parnaiba,2021,28.688
equinix-santana-parnaiba,2021,29.796
equinix-santana-parnaiba,2021,27.132
equinix-santana-parnaiba,2021,28.718
equinix-santana-parnaiba,2021,31.296
equinix-santana-parnaiba,2021,29.824
equinix-santana-parnaiba,2021,27.67
equinix-santana-parnaiba,2021,27.72
equinix-santana-parnaiba,2021,20.326
equinix-santana-parnaiba,2021,24.682
equinix-santana-parnaiba,2021,24.454
equinix-santana-parnaiba,2021,21.978
equinix-santana-parnaiba,2021,22.647
equinix-santana-parnaiba,2021,21.342
equinix-santana-parnaiba,2021,23.797
equinix-santana-parnaiba,2021,19.512
equinix-santana-parnaiba,2021,20.448
equinix-santana-parnaiba,2021,18.048
equinix-santana-parnaiba,2021,19.824
equinix-santana-parnaiba,2021,18.655
equinix-santana-parnaiba,2021,21.051
equinix-santana-parnaiba,2021,15.429
equinix-santana-parnaiba,2021,22.448
equinix-santana-parnaiba,2021,26.852
equinix-santana-parnaiba,2021,27.898
equinix-santana-parnaiba,2021,26.758
equinix-santana-parnaiba,2021,27.677
equinix-santana-parnaiba,2021,28.626
equinix-santana-parnaiba,2021,29.025
equinix-santana-parnaiba,2021,29.308
equinix-santana-parnaiba,2021,26.564
equinix-santana-parnaiba,2021,26.597
equinix-santana-parnaiba,2021,29.419
equinix-santana-parnaiba,2021,31.28
equinix-santana-parnaiba,2021,30.134
equinix-santana-parnaiba,2021,30.725
equinix-santana-parnaiba,2021,32.353
equinix-santana-parnaiba,2021,28.522
equinix-santana-parnaiba,2021,34.314
equinix-santana-parnaiba,2021,31.344
equinix-santana-parnaiba,2021,27.786
equinix-santana-parnaiba,2022,29.612
equinix-santana-parnaiba,2022,28.838
equinix-santana-parnaiba,2022,30.457
equinix-santana-parnaiba,2022,30.336
equinix-santana-parnaiba,2022,27.808
equinix-santana-parnaiba,2022,28.551
equinix-santana-parnaiba,2022,29.459
equinix-santana-parnaiba,2022,30.877
equinix-santana-parnaiba,2022,29.511
equinix-santana-parnaiba,2022,27.436
equinix-santana-parnaiba,2022,27.144
equinix-santana-parnaiba,2022,28.284
equinix-santana-parnaiba,2022,26.27
equinix-santana-parnaiba,2022,23.663
equinix-santana-parnaiba,2022,26.444
equinix-santana-parnaiba,2022,25.592
equinix-santana-parnaiba,2022,23.077
equinix-santana-parnaiba,2022,18.981
equinix-santana-parnaiba,2022,22.657
equinix-santana-parnaiba,2022,20.622
equinix-santana-parnaiba,2022,19.095
equinix-santana-parnaiba,2022,21.745
equinix-santana-parnaiba,2022,21.242
equinix-santana-parnaiba,2022,20.557
equinix-santana-parnaiba,2022,21.351
equinix-santana-parnaiba,2022,22.778
equinix-santana-parnaiba,2022,19.951
equinix-santana-parnaiba,2022,20.731
equinix-santana-parnaiba,2022,22.531
equinix-santana-parnaiba,2022,23.795
equinix-santana-parnaiba,2022,23.006
equinix-santana-parnaiba,2022,29.537
equinix-santana-parnaiba,2022,21.3
equinix-santana-parnaiba,2022,23.032
equinix-santana-parnaiba,2022,24.627
equinix-santana-parnaiba,2022,30.412
equinix-santana-parnaiba,2022,28.637
equinix-santana-parnaiba,2022,29.107
equinix-santana-parnaiba,2022,30.138
equinix-santana-parnaiba,2022,30.268
equinix-santana-parnaiba,2022,32.939
equinix-santana-parnaiba,2022,28.836
equinix-santana-parnaiba,2022,28.634
equinix-santana-parnaiba,2023,27.122
equinix-santana-parnaiba,2023,27.055
equinix-santana-parnaiba,2023,28.014
equinix-santana-parnaiba,2023,29.03
equinix-santana-parnaiba,2023,31.364
equinix-santana-parnaiba,2023,28.29
equinix-santana-parnaiba,2023,24.806
equinix-santana-parnaiba,2023,28.67
equinix-santana-parnaiba,2023,27.693
equinix-santana-parnaiba,2023,28.129
equinix-santana-parnaiba,2023,28.332
equinix-santana-parnaiba,2023,26.245
equinix-santana-parnaiba,2023,23.805
equinix-santana-parnaiba,2023,22.273
equinix-santana-parnaiba,2023,22.678
equinix-santana-parnaiba,2023,24.904
equinix-santana-parnaiba,2023,20.858
equinix-santana-parnaiba,2023,20.166
equinix-santana-parnaiba,2023,21.596
equinix-santana-parnaiba,2023,20.272
equinix-santana-parnaiba,2023,22.307
equinix-santana-parnaiba,2023,18.763
equinix-santana-parnaiba,2023,20.334
equinix-santana-parnaiba,2023,18.08
equinix-santana-parnaiba,2023,19.532
equinix-santana-parnaiba,2023,22.184
equinix-santana-parnaiba,2023,22.451
equinix-santana-parnaiba,2023,22.9
equinix-santana-parnaiba,2023,25.683
equinix-santana-parnaiba,2023,26.598
equinix-santana-parnaiba,2023,23.03
equinix-santana-parnaiba,2023,28.446
equinix-santana-parnaiba,2023,28.381
equinix-santana-parnaiba,2023,30.848
equinix-santana-parnaiba,2023,26.956
equinix-santana-parnaiba,2023,28.117
equinix-santana-parnaiba,2023,28.181
equinix-santana-parnaiba,2023,30.345
equinix-santana-parnaiba,2023,28.613
equinix-santana-parnaiba,2023,33.734
equinix-santana-parnaiba,2023,31.04
equinix-santana-parnaiba,2023,30.791
equinix-santana-parnaiba,2023,32.648
equinix-santana-parnaiba,2023,32.153
equinix-santana-parnaiba,2023,30.352
equinix-santana-parnaiba,2023,31.247
equinix-santana-parnaiba,2024,31.04
equinix-santana-parnaiba,2024,30.729
equinix-santana-parnaiba,2024,29.948
equinix-santana-parnaiba,2024,29.294
equinix-santana-parnaiba,2024,28.213
equinix-santana-parnaiba,2024,28.412
equinix-santana-parnaiba,2024,27.428
equinix-santana-parnaiba,2024,28.886
equinix-santana-parnaiba,2024,27.617
equinix-santana-parnaiba,2024,29.118
equinix-santana-parnaiba,2024,28.015
equinix-santana-parnaiba,2024,25.307
equinix-santana-parnaiba,2024,26.823
equinix-santana-parnaiba,2024,23.276
equinix-santana-parnaiba,2024,25.884
equinix-santana-parnaiba,2024,27.033
equinix-santana-parnaiba,2024,23.686
equinix-santana-parnaiba,2024,25.598
equinix-santana-parnaiba,2024,19.527
equinix-santana-parnaiba,2024,20.422
equinix-santana-parnaiba,2024,21.792
equinix-santana-parnaiba,2024,21.555
equinix-santana-parnaiba,2024,19.181
equinix-santana-parnaiba,2024,19.808
equinix-santana-parnaiba,2024,19.414
equinix-santana-parnaiba,2024,19.335
equinix-santana-parnaiba,2024,20.883
equinix-santana-parnaiba,2024,23.441
equinix-santana-parnaiba,2024,21.753
equinix-santana-parnaiba,2024,21.475
equinix-santana-parnaiba,2024,24.714
equinix-santana-parnaiba,2024,26.942
equinix-santana-parnaiba,2024,26.458
equinix-santana-parnaiba,2024,28.962
equinix-santana-parnaiba,2024,27.772
equinix-santana-parnaiba,2024,25.713
equinix-santana-parnaiba,2024,27.699
equinix-santana-parnaiba,2024,28.543
equinix-santana-parnaiba,2024,27.44
equinix-santana-parnaiba,2024,29.359
equinix-santana-parnaiba,2024,29.632
equinix-santana-parnaiba,2024,31.225
equinix-santana-parnaiba,2024,25.091
equinix-santana-parnaiba,2024,30.608
equinix-santana-parnaiba,2024,28.634
equinix-santana-parnaiba,2024,28.039
equinix-santana-parnaiba,2025,28.562
equinix-santana-parnaiba,2025,28.027
equinix-santana-parnaiba,2025,29.91
equinix-santana-parnaiba,2025,30.094
equinix-santana-parnaiba,2025,27.938
equinix-santana-parnaiba,2025,28.316
equinix-santana-parnaiba,2025,28.465
equinix-santana-parnaiba,2025,27.142
equinix-santana-parnaiba,2025,23.989
equinix-santana-parnaiba,2025,25.876
equinix-santana-parnaiba,2025,25.535
equinix-santana-parnaiba,2025,23.492
equinix-santana-parnaiba,2025,22.313
equinix-santana-parnaiba,2025,20.542
equinix-santana-parnaiba,2025,20.906
equinix-santana-parnaiba,2025,19.655
equinix-santana-parnaiba,2025,20.033
equinix-santana-parnaiba,2025,17.068
equinix-santana-parnaiba,2025,19.744
equinix-santana-parnaiba,2025,16.537
equinix-santana-parnaiba,2025,17.292
equinix-santana-parnaiba,2025,17.949
equinix-santana-parnaiba,2025,15.747
equinix-santana-parnaiba,2025,16.119
equinix-santana-parnaiba,2025,17.335
equinix-santana-parnaiba,2025,15.626
equinix-santana-parnaiba,2025,16.968
equinix-santana-parnaiba,2025,17.972
equinix-santana-parnaiba,2025,21.949
equinix-santana-parnaiba,2025,21.394
equinix-santana-parnaiba,2025,21.423
equinix-santana-parnaiba,2025,24.354
equinix-santana-parnaiba,2025,22.583
equinix-santana-parnaiba,2025,26.443
equinix-santana-parnaiba,2025,23.258
equinix-santana-parnaiba,2025,24.712
equinix-santana-parnaiba,2025,25.431
equinix-santana-parnaiba,2025,24.257
equinix-santana-parnaiba,2025,23.876
equinix-santana-parnaiba,2025,26.278
equinix-santana-parnaiba,2025,27.576
equinix-santana-parnaiba,2025,27.462
equinix-santana-parnaiba,2025,25.753
equinix-santana-parnaiba,2025,29.495
equinix-santana-parnaiba,2025,28.832
everest-goiania,2016,39.001
everest-goiania,2016,27.47
everest-goiania,2016,35.685
everest-goiania,2016,38.352
everest-goiania,2016,35.319
everest-goiania,2016,39.656
everest-goiania,2016,37.044
everest-goiania,2016,36.713
everest-goiania,2016,36.854
everest-goiania,2016,35.443
everest-goiania,2016,37.185
everest-goiania,2016,35.953
everest-goiania,2016,35.689
everest-goiania,2016,34.756
everest-goiania,2016,33.927
everest-goiania,2016,31.933
everest-goiania,2016,31.419
everest-goiania,2016,30.324
everest-goiania,2016,29.585
everest-goiania,2016,30.917
everest-goiania,2016,28.888
everest-goiania,2016,31.007
everest-goiania,2016,32.977
everest-goiania,2016,32.054
everest-goiania,2016,34.072
everest-goiania,2016,34.703
everest-goiania,2016,35.046
everest-goiania,2016,34.826
everest-goiania,2016,38.101
everest-goiania,2016,37.724
everest-goiania,2016,39.48
everest-goiania,2016,38.277
everest-goiania,2016,40.899
everest-goiania,2016,38.838
everest-goiania,2016,40.229
everest-goiania,2016,39.945
everest-goiania,2016,34.197
everest-goiania,2016,37.695
everest-goiania,2016,38.157
everest-goiania,2016,39.588
everest-goiania,2016,37.183
everest-goiania,2016,33.358
everest-goiania,2016,38.778
everest-goiania,2016,37.331
everest-goiania,2017,38.388
everest-goiania,2017,35.932
everest-goiania,2017,35.51
everest-goiania,2017,38.995
everest-goiania,2017,36.788
everest-goiania,2017,38.14
everest-goiania,2017,35.171
everest-goiania,2017,35.637
everest-goiania,2017,38.144
everest-goiania,2017,36.342
everest-goiania,2017,34.939
everest-goiania,2017,33.989
everest-goiania,2017,35.44
everest-goiania,2017,35.236
everest-goiania,2017,32.245
everest-goiania,2017,32.521
everest-goiania,2017,33.781
everest-goiania,2017,31.728
everest-goiania,2017,31.069
everest-goiania,2017,31.847
everest-goiania,2017,30.423
everest-goiania,2017,29.003
everest-goiania,2017,29.396
everest-goiania,2017,28.114
everest-goiania,2017,29.221
everest-goiania,2017,29.952
everest-goiania,2017,30.561
everest-goiania,2017,34.308
everest-goiania,2017,36.68
everest-goiania,2017,38.237
everest-goiania,2017,38.056
everest-goiania,2017,38.417
everest-goiania,2017,40.708
everest-goiania,2017,39.447
everest-goiania,2017,37.982
everest-goiania,2017,44.093
everest-goiania,2017,43.284
everest-goiania,2017,42.155
everest-goiania,2017,37.237
everest-goiania,2017,39.795
everest-goiania,2017,39.515
everest-goiania,2017,35.372
everest-goiania,2017,34.148
everest-goiania,2017,33.9
everest-goiania,2017,36.622
everest-goiania,2018,36.616
everest-goiania,2018,36.326
everest-goiania,2018,38.282
everest-goiania,2018,33.562
everest-goiania,2018,37.185
everest-goiania,2018,37.117
everest-goiania,2018,36.518
everest-goiania,2018,37.03
everest-goiania,2018,33.894
everest-goiania,2018,35.699
everest-goiania,2018,32.998
everest-goiania,2018,31.401
everest-goiania,2018,34.748
everest-goiania,2018,33.534
everest-goiania,2018,32.882
everest-goiania,2018,33.039
everest-goiania,2018,28.748
everest-goiania,2018,30.743
everest-goiania,2018,29.635
everest-goiania,2018,32.304
everest-goiania,2018,30.097
everest-goiania,2018,31.76
everest-goiania,2018,31.059
everest-goiania,2018,31.244
everest-goiania,2018,31.59
everest-goiania,2018,34.827
everest-goiania,2018,30.851
everest-goiania,2018,34.793
everest-goiania,2018,35.617
everest-goiania,2018,36.439
everest-goiania,2018,39.859
everest-goiania,2018,37.452
everest-goiania,2018,38.996
everest-goiania,2018,39.557
everest-goiania,2018,38.861
everest-goiania,2018,37.374
everest-goiania,2018,37.407
everest-goiania,2018,29.703
everest-goiania,2018,32.422
everest-goiania,2018,33.035
everest-goiania,2018,34.747
everest-goiania,2018,33.245
everest-goiania,2018,37.367
everest-goiania,2018,39.454
everest-goiania,2018,37.897
everest-goiania,2019,36.268
everest-goiania,2019,35.406
everest-goiania,2019,38.37
everest-goiania,2019,39.965
everest-goiania,2019,40.694
everest-goiania,2019,36.564
everest-goiania,2019,35.641
everest-goiania,2019,37.604
everest-goiania,2019,36.808
everest-goiania,2019,32.183
everest-goiania,2019,36.611
everest-goiania,2019,33.443
everest-goiania,2019,34.581
everest-goiania,2019,33.204
everest-goiania,2019,34.547
everest-goiania,2019,33.114
everest-goiania,2019,31.234
everest-goiania,2019,32.346
everest-goiania,2019,30.699
everest-goiania,2019,30.208
everest-goiania,2019,30.849
everest-goiania,2019,31.449
everest-goiania,2019,28.73
everest-goiania,2019,31.152
everest-goiania,2019,31.339
everest-goiania,2019,32.635
everest-goiania,2019,33.766
everest-goiania,2019,34.324
everest-goiania,2019,35.529
everest-goiania,2019,40.716
everest-goiania,2019,40.578
everest-goiania,2019,40.946
everest-goiania,2019,40.592
everest-goiania,2019,39.249
everest-goiania,2019,41.261
everest-goiania,2019,43.515
everest-goiania,2019,39.192
everest-goiania,2019,40.898
everest-goiania,2019,42.62
everest-goiania,2019,38.587
everest-goiania,2019,37.388
everest-goiania,2019,36.726
everest-goiania,2019,37.9
everest-goiania,2019,38.498
everest-goiania,2019,39.083
everest-goiania,2020,37.984
everest-goiania,2020,36.413
everest-goiania,2020,33.632
everest-goiania,2020,37.628
everest-goiania,2020,36.184
everest-goiania,2020,26.545
everest-goiania,2020,34.036
everest-goiania,2020,34.291
everest-goiania,2020,35.991
everest-goiania,2020,35.907
everest-goiania,2020,34.805
everest-goiania,2020,31.219
everest-goiania,2020,33.87
everest-goiania,2020,31.275
everest-goiania,2020,30.773
everest-goiania,2020,29.205
everest-goiania,2020,31.948
everest-goiania,2020,30.947
everest-goiania,2020,30.19
everest-goiania,2020,30.18
everest-goiania,2020,31.754
everest-goiania,2020,32.427
everest-goiania,2020,31.585
everest-goiania,2020,31.572
everest-goiania,2020,31.878
everest-goiania,2020,36.99
everest-goiania,2020,35.234
everest-goiania,2020,38.592
everest-goiania,2020,41.041
everest-goiania,2020,40.592
everest-goiania,2020,43.393
everest-goiania,2020,45.13
everest-goiania,2020,42.274
everest-goiania,2020,38.739
everest-goiania,2020,37.486
everest-goiania,2020,40.749
everest-goiania,2020,41.005
everest-goiania,2020,33.289
everest-goiania,2020,38.395
everest-goiania,2020,39.225
everest-goiania,2020,37.723
everest-goiania,2020,35.344
everest-goiania,2020,35.936
everest-goiania,2021,38.388
everest-goiania,2021,38.873
everest-goiania,2021,37.461
everest-goiania,2021,36.054
everest-goiania,2021,34.6
everest-goiania,2021,33.608
everest-goiania,2021,36.633
everest-goiania,2021,34.233
everest-goiania,2021,33.98
everest-goiania,2021,33.519
everest-goiania,2021,35.904
everest-goiania,2021,35.83
everest-goiania,2021,33.399
everest-goiania,2021,34.939
everest-goiania,2021,33.254
everest-goiania,2021,32.577
everest-goiania,2021,32.352
everest-goiania,2021,32.921
everest-goiania,2021,32.792
everest-goiania,2021,31.02
everest-goiania,2021,30.678
everest-goiania,2021,30.835
everest-goiania,2021,29.21
everest-goiania,2021,30.01
everest-goiania,2021,31.828
everest-goiania,2021,31.474
everest-goiania,2021,30.143
everest-goiania,2021,33.784
everest-goiania,2021,35.837
everest-goiania,2021,37.793
everest-goiania,2021,35.887
everest-goiania,2021,38.79
everest-goiania,2021,40.047
everest-goiania,2021,38.369
everest-goiania,2021,40.362
everest-goiania,2021,37.846
everest-goiania,2021,39.635
everest-goiania,2021,37.238
everest-goiania,2021,37.903
everest-goiania,2021,39.588
everest-goiania,2021,32.115
everest-goiania,2021,31.828
everest-goiania,2021,38.767
everest-goiania,2022,36.59
everest-goiania,2022,36.923
everest-goiania,2022,31.953
everest-goiania,2022,39.227
everest-goiania,2022,34.268
everest-goiania,2022,35.428
everest-goiania,2022,35.564
everest-goiania,2022,35.117
everest-goiania,2022,34.062
everest-goiania,2022,34.96
everest-goiania,2022,35.21
everest-goiania,2022,34.512
everest-goiania,2022,33.931
everest-goiania,2022,34.701
everest-goiania,2022,32.38
everest-goiania,2022,31.63
everest-goiania,2022,29.119
everest-goiania,2022,31.721
everest-goiania,2022,30.817
everest-goiania,2022,29.888
everest-goiania,2022,30.001
everest-goiania,2022,30.208
everest-goiania,2022,29.662
everest-goiania,2022,31.289
everest-goiania,2022,31.316
everest-goiania,2022,33.351
everest-goiania,2022,32.367
everest-goiania,2022,34.04
everest-goiania,2022,34.878
everest-goiania,2022,36.73
everest-goiania,2022,39.135
everest-goiania,2022,38.457
everest-goiania,2022,36.783
everest-goiania,2022,35.319
everest-goiania,2022,37.137
everest-goiania,2022,38.17
everest-goiania,2022,35.348
everest-goiania,2022,40.846
everest-goiania,2022,39.248
everest-goiania,2022,29.352
everest-goiania,2022,29.971
everest-goiania,2022,35.231
everest-goiania,2023,33.921
everest-goiania,2023,35.429
everest-goiania,2023,33.617
everest-goiania,2023,35.912
everest-goiania,2023,36.567
everest-goiania,2023,33.273
everest-goiania,2023,35.775
everest-goiania,2023,26.789
everest-goiania,2023,34.832
everest-goiania,2023,34.719
everest-goiania,2023,34.689
everest-goiania,2023,32.743
everest-goiania,2023,32.397
everest-goiania,2023,32.507
everest-goiania,2023,32.371
everest-goiania,2023,30.131
everest-goiania,2023,29.861
everest-goiania,2023,29.834
everest-goiania,2023,29.919
everest-goiania,2023,29.414
everest-goiania,2023,28.98
everest-goiania,2023,29.011
everest-goiania,2023,29.518
everest-goiania,2023,29.537
everest-goiania,2023,29.768
everest-goiania,2023,32.609
everest-goiania,2023,32.389
everest-goiania,2023,32.892
everest-goiania,2023,32.492
everest-goiania,2023,32.097
everest-goiania,2023,35.792
everest-goiania,2023,37.086
everest-goiania,2023,38.112
everest-goiania,2023,38.75
everest-goiania,2023,36.523
everest-goiania,2023,40.157
everest-goiania,2023,40.548
everest-goiania,2023,37.123
everest-goiania,2023,41.357
everest-goiania,2023,39.744
everest-goiania,2023,40.93
everest-goiania,2023,35.834
everest-goiania,2023,37.425
everest-goiania,2023,35.238
everest-goiania,2023,36.937
everest-goiania,2024,30.105
everest-goiania,2024,35.615
everest-goiania,2024,36.504
everest-goiania,2024,33.372
everest-goiania,2024,34.541
everest-goiania,2024,33.471
everest-goiania,2024,35.533
everest-goiania,2024,33.854
everest-goiania,2024,34.378
everest-goiania,2024,33.162
everest-goiania,2024,32.396
everest-goiania,2024,32.881
everest-goiania,2024,32.049
everest-goiania,2024,33.336
everest-goiania,2024,31.557
everest-goiania,2024,31.154
everest-goiania,2024,29.571
everest-goiania,2024,28.519
everest-goiania,2024,29.059
everest-goiania,2024,28.879
everest-goiania,2024,28.661
everest-goiania,2024,28.828
everest-goiania,2024,28.773
everest-goiania,2024,29.299
everest-goiania,2024,30.252
everest-goiania,2024,30.142
everest-goiania,2024,31.516
everest-goiania,2024,33.345
everest-goiania,2024,35.646
everest-goiania,2024,35.96
everest-goiania,2024,37.511
everest-goiania,2024,38.602
everest-goiania,2024,38.78
everest-goiania,2024,37.176
everest-goiania,2024,34.792
everest-goiania,2024,34.5
everest-goiania,2024,35.293
everest-goiania,2024,30.228
everest-goiania,2024,34.133
everest-goiania,2024,33.292
everest-goiania,2024,35.477
everest-goiania,2024,33.337
everest-goiania,2024,33.434
everest-goiania,2025,34.86
everest-goiania,2025,33.65
everest-goiania,2025,32.871
everest-goiania,2025,32.196
everest-goiania,2025,26.87
everest-goiania,2025,34.078
everest-goiania,2025,30.776
everest-goiania,2025,33.506
everest-goiania,2025,31.677
everest-goiania,2025,31.95
everest-goiania,2025,30.076
everest-goiania,2025,29.815
everest-goiania,2025,31.302
everest-goiania,2025,29.125
everest-goiania,2025,28.635
everest-goiania,2025,28.594
everest-goiania,2025,25.84
everest-goiania,2025,26.676
everest-goiania,2025,25.746
everest-goiania,2025,24.682
everest-goiania,2025,25.473
everest-goiania,2025,26.495
everest-goiania,2025,25.075
everest-goiania,2025,25.184
everest-goiania,2025,27.685
everest-goiania,2025,26.849
everest-goiania,2025,26.259
everest-goiania,2025,28.862
everest-goiania,2025,30.796
everest-goiania,2025,30.92
everest-goiania,2025,33.357
everest-goiania,2025,34.725
everest-goiania,2025,31.632
everest-goiania,2025,34.261
everest-goiania,2025,33.598
everest-goiania,2025,30.77
everest-goiania,2025,34.507
everest-goiania,2025,31.211
everest-goiania,2025,35.875
everest-goiania,2025,33.918
everest-goiania,2025,33.906
everest-goiania,2025,32.559
everest-goiania,2025,31.18
everest-goiania,2025,33.925
odata-hortolandia,2016,35.356
odata-hortolandia,2016,25.334
odata-hortolandia,2016,33.069
odata-hortolandia,2016,33.658
odata-hortolandia,2016,35.214
odata-hortolandia,2016,33.021
odata-hortolandia,2016,31.318
odata-hortolandia,2016,33.76
odata-hortolandia,2016,29.498
odata-hortolandia,2016,32.588
odata-hortolandia,2016,33.513
odata-hortolandia,2016,33.092
odata-hortolandia,2016,33.947
odata-hortolandia,2016,28.283
odata-hortolandia,2016,27.304
odata-hortolandia,2016,24.023
odata-hortolandia,2016,24.327
odata-hortolandia,2016,22.037
odata-hortolandia,2016,22.132
odata-hortolandia,2016,24.148
odata-hortolandia,2016,24.627
odata-hortolandia,2016,25.566
odata-hortolandia,2016,25.238
odata-hortolandia,2016,25.858
odata-hortolandia,2016,27.414
odata-hortolandia,2016,28.029
odata-hortolandia,2016,29.862
odata-hortolandia,2016,29.527
odata-hortolandia,2016,30.647
odata-hortolandia,2016,31.029
odata-hortolandia,2016,32.784
odata-hortolandia,2016,33.483
odata-hortolandia,2016,33.376
odata-hortolandia,2016,33.076
odata-hortolandia,2016,37.438
odata-hortolandia,2016,35.019
odata-hortolandia,2016,35.053
odata-hortolandia,2016,34.106
odata-hortolandia,2016,35.114
odata-hortolandia,2016,39.228
odata-hortolandia,2016,38.696
odata-hortolandia,2016,33.922
odata-hortolandia,2016,37.56
odata-hortolandia,2016,37.665
odata-hortolandia,2017,35.208
odata-hortolandia,2017,32.057
odata-hortolandia,2017,33.575
odata-hortolandia,2017,33.7
odata-hortolandia,2017,34.897
odata-hortolandia,2017,34.689
odata-hortolandia,2017,32.3
odata-hortolandia,2017,30.871
odata-hortolandia,2017,31.572
odata-hortolandia,2017,31.069
odata-hortolandia,2017,29.556
odata-hortolandia,2017,30.754
odata-hortolandia,2017,27.8
odata-hortolandia,2017,26.63
odata-hortolandia,2017,27.233
odata-hortolandia,2017,25.218
odata-hortolandia,2017,26.381
odata-hortolandia,2017,24.731
odata-hortolandia,2017,22.282
odata-hortolandia,2017,25.797
odata-hortolandia,2017,23.044
odata-hortolandia,2017,22.989
odata-hortolandia,2017,24.255
odata-hortolandia,2017,26.923
odata-hortolandia,2017,27.51
odata-hortolandia,2017,28.064
odata-hortolandia,2017,29.092
odata-hortolandia,2017,29.085
odata-hortolandia,2017,31.384
odata-hortolandia,2017,35.414
odata-hortolandia,2017,36.247
odata-hortolandia,2017,35.72
odata-hortolandia,2017,31.766
odata-hortolandia,2017,35.285
odata-hortolandia,2017,35.278
odata-hortolandia,2017,35.153
odata-hortolandia,2017,36.732
odata-hortolandia,2017,35.486
odata-hortolandia,2017,32.915
odata-hortolandia,2017,33.915
odata-hortolandia,2017,35.463
odata-hortolandia,2017,36.482
odata-hortolandia,2017,32.425
odata-hortolandia,2017,33.02
odata-hortolandia,2018,32.018
odata-hortolandia,2018,29.793
odata-hortolandia,2018,34.63
odata-hortolandia,2018,32.171
odata-hortolandia,2018,34.693
odata-hortolandia,2018,32.804
odata-hortolandia,2018,32.801
odata-hortolandia,2018,35.147
odata-hortolandia,2018,34.748
odata-hortolandia,2018,34.324
odata-hortolandia,2018,32.424
odata-hortolandia,2018,30.824
odata-hortolandia,2018,31.156
odata-hortolandia,2018,31.197
odata-hortolandia,2018,32.118
odata-hortolandia,2018,31.293
odata-hortolandia,2018,29.917
odata-hortolandia,2018,24.957
odata-hortolandia,2018,27.537
odata-hortolandia,2018,23.302
odata-hortolandia,2018,26.283
odata-hortolandia,2018,27.199
odata-hortolandia,2018,27.835
odata-hortolandia,2018,28.262
odata-hortolandia,2018,28.903
odata-hortolandia,2018,27.936
odata-hortolandia,2018,28.787
odata-hortolandia,2018,23.717
odata-hortolandia,2018,26.977
odata-hortolandia,2018,28.907
odata-hortolandia,2018,31.215
odata-hortolandia,2018,31.272
odata-hortolandia,2018,26.192
odata-hortolandia,2018,35.95
odata-hortolandia,2018,34.254
odata-hortolandia,2018,29.354
odata-hortolandia,2018,34.064
odata-hortolandia,2018,32.378
odata-hortolandia,2018,35.503
odata-hortolandia,2018,36.653
odata-hortolandia,2018,36.395
odata-hortolandia,2018,34.802
odata-hortolandia,2018,38.2
odata-hortolandia,2018,36.506
odata-hortolandia,2019,35.417
odata-hortolandia,2019,35.333
odata-hortolandia,2019,36.427
odata-hortolandia,2019,35.942
odata-hortolandia,2019,36.2
odata-hortolandia,2019,33.941
odata-hortolandia,2019,34.154
odata-hortolandia,2019,32.513
odata-hortolandia,2019,32.098
odata-hortolandia,2019,32.765
odata-hortolandia,2019,29.819
odata-hortolandia,2019,29.44
odata-hortolandia,2019,30.848
odata-hortolandia,2019,28.33
odata-hortolandia,2019,24.416
odata-hortolandia,2019,25.038
odata-hortolandia,2019,22.539
odata-hortolandia,2019,23.155
odata-hortolandia,2019,27.177
odata-hortolandia,2019,26.655
odata-hortolandia,2019,26.541
odata-hortolandia,2019,21.212
odata-hortolandia,2019,24.33
odata-hortolandia,2019,26.781
odata-hortolandia,2019,26.777
odata-hortolandia,2019,29.278
odata-hortolandia,2019,28.092
odata-hortolandia,2019,28.388
odata-hortolandia,2019,29.861
odata-hortolandia,2019,32.736
odata-hortolandia,2019,36.175
odata-hortolandia,2019,31.103
odata-hortolandia,2019,37.893
odata-hortolandia,2019,37.376
odata-hortolandia,2019,38.046
odata-hortolandia,2019,39.403
odata-hortolandia,2019,40.429
odata-hortolandia,2019,32.14
odata-hortolandia,2019,38.418
odata-hortolandia,2019,34.022
odata-hortolandia,2019,36.514
odata-hortolandia,2019,29.064
odata-hortolandia,2019,35.759
odata-hortolandia,2019,36.988
odata-hortolandia,2020,35.46
odata-hortolandia,2020,34.467
odata-hortolandia,2020,34.274
odata-hortolandia,2020,35.435
odata-hortolandia,2020,33.242
odata-hortolandia,2020,34.347
odata-hortolandia,2020,35.495
odata-hortolandia,2020,31.939
odata-hortolandia,2020,32.027
odata-hortolandia,2020,34.277
odata-hortolandia,2020,31.804
odata-hortolandia,2020,31.292
odata-hortolandia,2020,30.684
odata-hortolandia,2020,31.546
odata-hortolandia,2020,31.392
odata-hortolandia,2020,28.532
odata-hortolandia,2020,28.356
odata-hortolandia,2020,29.153
odata-hortolandia,2020,24.296
odata-hortolandia,2020,26.548
odata-hortolandia,2020,27.472
odata-hortolandia,2020,27.09
odata-hortolandia,2020,20.958
odata-hortolandia,2020,24.217
odata-hortolandia,2020,26.183
odata-hortolandia,2020,27.869
odata-hortolandia,2020,28.901
odata-hortolandia,2020,29.017
odata-hortolandia,2020,31.941
odata-hortolandia,2020,26.702
odata-hortolandia,2020,31.952
odata-hortolandia,2020,34.583
odata-hortolandia,2020,35.233
odata-hortolandia,2020,34.081
odata-hortolandia,2020,38.873
odata-hortolandia,2020,38.815
odata-hortolandia,2020,33.604
odata-hortolandia,2020,36.393
odata-hortolandia,2020,35.087
odata-hortolandia,2020,39.212
odata-hortolandia,2020,34.138
odata-hortolandia,2020,38.39
odata-hortolandia,2020,32.759
odata-hortolandia,2020,33.918
odata-hortolandia,2020,36.12
odata-hortolandia,2020,33.428
odata-hortolandia,2021,35.79
odata-hortolandia,2021,33.485
odata-hortolandia,2021,33.9
odata-hortolandia,2021,34.937
odata-hortolandia,2021,32.815
odata-hortolandia,2021,32.689
odata-hortolandia,2021,35.307
odata-hortolandia,2021,32.66
odata-hortolandia,2021,31.75
odata-hortolandia,2021,34.3
odata-hortolandia,2021,33.666
odata-hortolandia,2021,31.598
odata-hortolandia,2021,31.21
odata-hortolandia,2021,29.388
odata-hortolandia,2021,29.711
odata-hortolandia,2021,30.021
odata-hortolandia,2021,27.539
odata-hortolandia,2021,26.48
odata-hortolandia,2021,22.714
odata-hortolandia,2021,28.016
odata-hortolandia,2021,24.463
odata-hortolandia,2021,24.03
odata-hortolandia,2021,23.887
odata-hortolandia,2021,25.079
odata-hortolandia,2021,26.451
odata-hortolandia,2021,27.219
odata-hortolandia,2021,23.811
odata-hortolandia,2021,27.553
odata-hortolandia,2021,31.097
odata-hortolandia,2021,33.495
odata-hortolandia,2021,31.114
odata-hortolandia,2021,34.049
odata-hortolandia,2021,35.802
odata-hortolandia,2021,37.402
odata-hortolandia,2021,37.79
odata-hortolandia,2021,35.901
odata-hortolandia,2021,34.11
odata-hortolandia,2021,34.497
odata-hortolandia,2021,37.735
odata-hortolandia,2021,39.88
odata-hortolandia,2021,36.051
odata-hortolandia,2021,35.523
odata-hortolandia,2021,37.143
odata-hortolandia,2021,39.387
odata-hortolandia,2021,35.982
odata-hortolandia,2021,36.341
odata-hortolandia,2022,31.828
odata-hortolandia,2022,23.83
odata-hortolandia,2022,35.174
odata-hortolandia,2022,33.36
odata-hortolandia,2022,32.48
odata-hortolandia,2022,33.074
odata-hortolandia,2022,33.655
odata-hortolandia,2022,35.157
odata-hortolandia,2022,32.378
odata-hortolandia,2022,30.968
odata-hortolandia,2022,32.01
odata-hortolandia,2022,32.572
odata-hortolandia,2022,31.221
odata-hortolandia,2022,28.984
odata-hortolandia,2022,31.045
odata-hortolandia,2022,28.574
odata-hortolandia,2022,28.532
odata-hortolandia,2022,24.032
odata-hortolandia,2022,27.404
odata-hortolandia,2022,24.875
odata-hortolandia,2022,22.545
odata-hortolandia,2022,25.3
odata-hortolandia,2022,25.394
odata-hortolandia,2022,24.693
odata-hortolandia,2022,21.74
odata-hortolandia,2022,28.261
odata-hortolandia,2022,26.109
odata-hortolandia,2022,26.189
odata-hortolandia,2022,27.105
odata-hortolandia,2022,30.439
odata-hortolandia,2022,29.615
odata-hortolandia,2022,31.253
odata-hortolandia,2022,28.657
odata-hortolandia,2022,29.607
odata-hortolandia,2022,31.591
odata-hortolandia,2022,34.292
odata-hortolandia,2022,32.468
odata-hortolandia,2022,34.415
odata-hortolandia,2022,36.531
odata-hortolandia,2022,35.194
odata-hortolandia,2022,35.021
odata-hortolandia,2022,34.755
odata-hortolandia,2022,34.099
odata-hortolandia,2023,32.081
odata-hortolandia,2023,32.469
odata-hortolandia,2023,32.773
odata-hortolandia,2023,33.792
odata-hortolandia,2023,29.347
odata-hortolandia,2023,30.464
odata-hortolandia,2023,32.426
odata-hortolandia,2023,32.519
odata-hortolandia,2023,31.377
odata-hortolandia,2023,31.621
odata-hortolandia,2023,31.684
odata-hortolandia,2023,29.18
odata-hortolandia,2023,27.19
odata-hortolandia,2023,27.776
odata-hortolandia,2023,27.588
odata-hortolandia,2023,24.659
odata-hortolandia,2023,25.26
odata-hortolandia,2023,26.576
odata-hortolandia,2023,24.04
odata-hortolandia,2023,25.916
odata-hortolandia,2023,20.956
odata-hortolandia,2023,23.826
odata-hortolandia,2023,22.422
odata-hortolandia,2023,23.952
odata-hortolandia,2023,26.73
odata-hortolandia,2023,26.753
odata-hortolandia,2023,27.547
odata-hortolandia,2023,27.618
odata-hortolandia,2023,30.535
odata-hortolandia,2023,27.435
odata-hortolandia,2023,31.061
odata-hortolandia,2023,31.598
odata-hortolandia,2023,35.701
odata-hortolandia,2023,31.761
odata-hortolandia,2023,31.842
odata-hortolandia,2023,32.728
odata-hortolandia,2023,32.654
odata-hortolandia,2023,34.345
odata-hortolandia,2023,38.313
odata-hortolandia,2023,33.578
odata-hortolandia,2023,37.141
odata-hortolandia,2023,35.133
odata-hortolandia,2023,35.409
odata-hortolandia,2023,36.216
odata-hortolandia,2023,33.89
odata-hortolandia,2024,34.949
odata-hortolandia,2024,34.692
odata-hortolandia,2024,31.62
odata-hortolandia,2024,30.787
odata-hortolandia,2024,30.261
odata-hortolandia,2024,31.215
odata-hortolandia,2024,31.038
odata-hortolandia,2024,32.084
odata-hortolandia,2024,32.447
odata-hortolandia,2024,33.467
odata-hortolandia,2024,27.807
odata-hortolandia,2024,30.965
odata-hortolandia,2024,30.714
odata-hortolandia,2024,28.815
odata-hortolandia,2024,30.498
odata-hortolandia,2024,30.99
odata-hortolandia,2024,28.967
odata-hortolandia,2024,28.556
odata-hortolandia,2024,23.568
odata-hortolandia,2024,24.294
odata-hortolandia,2024,25.807
odata-hortolandia,2024,25.332
odata-hortolandia,2024,24.431
odata-hortolandia,2024,21.941
odata-hortolandia,2024,23.227
odata-hortolandia,2024,24.119
odata-hortolandia,2024,24.801
odata-hortolandia,2024,28.175
odata-hortolandia,2024,26.03
odata-hortolandia,2024,27.983
odata-hortolandia,2024,30.677
odata-hortolandia,2024,30.945
odata-hortolandia,2024,30.575
odata-hortolandia,2024,33.512
odata-hortolandia,2024,33.419
odata-hortolandia,2024,32.164
odata-hortolandia,2024,34.751
odata-hortolandia,2024,33.197
odata-hortolandia,2024,32.401
odata-hortolandia,2024,32.723
odata-hortolandia,2024,34.112
odata-hortolandia,2024,34.414
odata-hortolandia,2024,33.036
odata-hortolandia,2024,35.039
odata-hortolandia,2024,32.311
odata-hortolandia,2024,29.573
odata-hortolandia,2025,32.769
odata-hortolandia,2025,32.807
odata-hortolandia,2025,32.806
odata-hortolandia,2025,32.454
odata-hortolandia,2025,31.943
odata-hortolandia,2025,32.135
odata-hortolandia,2025,31.59
odata-hortolandia,2025,32.269
odata-hortolandia,2025,31.039
odata-hortolandia,2025,30.804
odata-hortolandia,2025,23.197
odata-hortolandia,2025,26.861
odata-hortolandia,2025,26.003
odata-hortolandia,2025,24.104
odata-hortolandia,2025,25.002
odata-hortolandia,2025,23.375
odata-hortolandia,2025,23.789
odata-hortolandia,2025,20.837
odata-hortolandia,2025,22.659
odata-hortolandia,2025,19.782
odata-hortolandia,2025,22.43
odata-hortolandia,2025,20.18
odata-hortolandia,2025,19.445
odata-hortolandia,2025,20.576
odata-hortolandia,2025,20.954
odata-hortolandia,2025,19.12
odata-hortolandia,2025,20.397
odata-hortolandia,2025,23.707
odata-hortolandia,2025,25.961
odata-hortolandia,2025,26.424
odata-hortolandia,2025,27.903
odata-hortolandia,2025,29.546
odata-hortolandia,2025,28.23
odata-hortolandia,2025,31.693
odata-hortolandia,2025,24.891
odata-hortolandia,2025,30.356
odata-hortolandia,2025,31.247
odata-hortolandia,2025,29.501
odata-hortolandia,2025,29.93
odata-hortolandia,2025,32.329
odata-hortolandia,2025,30.841
odata-hortolandia,2025,32.519
odata-hortolandia,2025,28.741
odata-hortolandia,2025,33.672
odata-hortolandia,2025,33.393
scala-sgigsm01,2016,38.541
scala-sgigsm01,2016,30.652
scala-sgigsm01,2016,39.886
scala-sgigsm01,2016,38.731
scala-sgigsm01,2016,41.623
scala-sgigsm01,2016,32.904
scala-sgigsm01,2016,38.02
scala-sgigsm01,2016,34.7
scala-sgigsm01,2016,37.253
scala-sgigsm01,2016,35.933
scala-sgigsm01,2016,35.399
scala-sgigsm01,2016,37.159
scala-sgigsm01,2016,37.008
scala-sgigsm01,2016,30.762
scala-sgigsm01,2016,30.081
scala-sgigsm01,2016,28.859
scala-sgigsm01,2016,27.663
scala-sgigsm01,2016,23.55
scala-sgigsm01,2016,23.801
scala-sgigsm01,2016,24.854
scala-sgigsm01,2016,26.675
scala-sgigsm01,2016,28.701
scala-sgigsm01,2016,30.55
scala-sgigsm01,2016,30.141
scala-sgigsm01,2016,30.878
scala-sgigsm01,2016,30.515
scala-sgigsm01,2016,30.588
scala-sgigsm01,2016,31.198
scala-sgigsm01,2016,34.271
scala-sgigsm01,2016,35.073
scala-sgigsm01,2016,35.516
scala-sgigsm01,2016,32.159
scala-sgigsm01,2016,32.171
scala-sgigsm01,2016,33.436
scala-sgigsm01,2016,38.721
scala-sgigsm01,2016,34.684
scala-sgigsm01,2016,40.278
scala-sgigsm01,2016,39.579
scala-sgigsm01,2016,31.697
scala-sgigsm01,2016,37.382
scala-sgigsm01,2016,38.721
scala-sgigsm01,2016,40.615
scala-sgigsm01,2016,40.721
scala-sgigsm01,2017,39.984
scala-sgigsm01,2017,41.553
scala-sgigsm01,2017,41.355
scala-sgigsm01,2017,38.756
scala-sgigsm01,2017,37.317
scala-sgigsm01,2017,40.216
scala-sgigsm01,2017,38.875
scala-sgigsm01,2017,39.674
scala-sgigsm01,2017,37.474
scala-sgigsm01,2017,37.505
scala-sgigsm01,2017,34.771
scala-sgigsm01,2017,33.956
scala-sgigsm01,2017,32.966
scala-sgigsm01,2017,32.075
scala-sgigsm01,2017,29.74
scala-sgigsm01,2017,30.521
scala-sgigsm01,2017,29.232
scala-sgigsm01,2017,25.465
scala-sgigsm01,2017,28.82
scala-sgigsm01,2017,28.96
scala-sgigsm01,2017,26.46
scala-sgigsm01,2017,27.87
scala-sgigsm01,2017,26.979
scala-sgigsm01,2017,25.432
scala-sgigsm01,2017,27.182
scala-sgigsm01,2017,27.683
scala-sgigsm01,2017,29.138
scala-sgigsm01,2017,29.28
scala-sgigsm01,2017,29.864
scala-sgigsm01,2017,32.368
scala-sgigsm01,2017,34.79
scala-sgigsm01,2017,36.058
scala-sgigsm01,2017,36.444
scala-sgigsm01,2017,36.999
scala-sgigsm01,2017,39.217
scala-sgigsm01,2017,38.931
scala-sgigsm01,2017,34.514
scala-sgigsm01,2017,39.149
scala-sgigsm01,2017,32.538
scala-sgigsm01,2017,40.99
scala-sgigsm01,2017,35.612
scala-sgigsm01,2017,39.876
scala-sgigsm01,2017,41.663
scala-sgigsm01,2018,39.003
scala-sgigsm01,2018,37.796
scala-sgigsm01,2018,39.439
scala-sgigsm01,2018,35.64
scala-sgigsm01,2018,37.372
scala-sgigsm01,2018,32.905
scala-sgigsm01,2018,39.381
scala-sgigsm01,2018,37.243
scala-sgigsm01,2018,36.709
scala-sgigsm01,2018,37.116
scala-sgigsm01,2018,34.266
scala-sgigsm01,2018,32.265
scala-sgigsm01,2018,30.893
scala-sgigsm01,2018,32.923
scala-sgigsm01,2018,30.706
scala-sgigsm01,2018,27.327
scala-sgigsm01,2018,29.253
scala-sgigsm01,2018,29.345
scala-sgigsm01,2018,30.466
scala-sgigsm01,2018,28.88
scala-sgigsm01,2018,28.758
scala-sgigsm01,2018,28.531
scala-sgigsm01,2018,28.622
scala-sgigsm01,2018,28.489
scala-sgigsm01,2018,30.906
scala-sgigsm01,2018,26.981
scala-sgigsm01,2018,29.622
scala-sgigsm01,2018,30.346
scala-sgigsm01,2018,32.397
scala-sgigsm01,2018,32.145
scala-sgigsm01,2018,23.953
scala-sgigsm01,2018,35.832
scala-sgigsm01,2018,41.138
scala-sgigsm01,2018,38.537
scala-sgigsm01,2018,36.754
scala-sgigsm01,2018,35.866
scala-sgigsm01,2018,39.503
scala-sgigsm01,2018,40.358
scala-sgigsm01,2018,38.586
scala-sgigsm01,2018,35.812
scala-sgigsm01,2018,38.823
scala-sgigsm01,2018,42.182
scala-sgigsm01,2018,40.371
scala-sgigsm01,2018,39.538
scala-sgigsm01,2019,42.996
scala-sgigsm01,2019,40.752
scala-sgigsm01,2019,42.665
scala-sgigsm01,2019,41.369
scala-sgigsm01,2019,42.462
scala-sgigsm01,2019,38.235
scala-sgigsm01,2019,39.422
scala-sgigsm01,2019,38.078
scala-sgigsm01,2019,39.432
scala-sgigsm01,2019,36.248
scala-sgigsm01,2019,35.019
scala-sgigsm01,2019,33.346
scala-sgigsm01,2019,32.966
scala-sgigsm01,2019,34.579
scala-sgigsm01,2019,31.559
scala-sgigsm01,2019,31.069
scala-sgigsm01,2019,28.221
scala-sgigsm01,2019,29.436
scala-sgigsm01,2019,25.64
scala-sgigsm01,2019,29.494
scala-sgigsm01,2019,29.181
scala-sgigsm01,2019,29.676
scala-sgigsm01,2019,25.644
scala-sgigsm01,2019,27.122
scala-sgigsm01,2019,28.503
scala-sgigsm01,2019,30.66
scala-sgigsm01,2019,29.83
scala-sgigsm01,2019,31.43
scala-sgigsm01,2019,31.012
scala-sgigsm01,2019,33.382
scala-sgigsm01,2019,34.505
scala-sgigsm01,2019,36.495
scala-sgigsm01,2019,36.601
scala-sgigsm01,2019,40.806
scala-sgigsm01,2019,35.732
scala-sgigsm01,2019,36.51
scala-sgigsm01,2019,41.009
scala-sgigsm01,2019,27.467
scala-sgigsm01,2019,40.546
scala-sgigsm01,2019,38.159
scala-sgigsm01,2019,37.897
scala-sgigsm01,2019,41.984
scala-sgigsm01,2019,42.573
scala-sgigsm01,2019,38.956
scala-sgigsm01,2020,40.94
scala-sgigsm01,2020,38.062
scala-sgigsm01,2020,37.47
scala-sgigsm01,2020,40.182
scala-sgigsm01,2020,36.206
scala-sgigsm01,2020,36.097
scala-sgigsm01,2020,40.19
scala-sgigsm01,2020,34.367
scala-sgigsm01,2020,37.578
scala-sgigsm01,2020,32.859
scala-sgigsm01,2020,33.856
scala-sgigsm01,2020,29.773
scala-sgigsm01,2020,33.002
scala-sgigsm01,2020,32.338
scala-sgigsm01,2020,30.874
scala-sgigsm01,2020,29.886
scala-sgigsm01,2020,28.914
scala-sgigsm01,2020,27.073
scala-sgigsm01,2020,28.988
scala-sgigsm01,2020,30.48
scala-sgigsm01,2020,30.334
scala-sgigsm01,2020,26.771
scala-sgigsm01,2020,28.838
scala-sgigsm01,2020,26.351
scala-sgigsm01,2020,30.488
scala-sgigsm01,2020,29.772
scala-sgigsm01,2020,30.864
scala-sgigsm01,2020,33.134
scala-sgigsm01,2020,27.955
scala-sgigsm01,2020,34.801
scala-sgigsm01,2020,33.929
scala-sgigsm01,2020,35.884
scala-sgigsm01,2020,36.273
scala-sgigsm01,2020,38.185
scala-sgigsm01,2020,36.542
scala-sgigsm01,2020,38.322
scala-sgigsm01,2020,39.893
scala-sgigsm01,2020,36.036
scala-sgigsm01,2020,39.295
scala-sgigsm01,2020,35.815
scala-sgigsm01,2020,40.287
scala-sgigsm01,2020,40.014
scala-sgigsm01,2020,38.655
scala-sgigsm01,2020,42.661
scala-sgigsm01,2020,37.133
scala-sgigsm01,2021,36.262
scala-sgigsm01,2021,39.836
scala-sgigsm01,2021,39.819
scala-sgigsm01,2021,44.21
scala-sgigsm01,2021,39.802
scala-sgigsm01,2021,38.195
scala-sgigsm01,2021,39.15
scala-sgigsm01,2021,38.908
scala-sgigsm01,2021,36.648
scala-sgigsm01,2021,37.683
scala-sgigsm01,2021,36.698
scala-sgigsm01,2021,34.76
scala-sgigsm01,2021,35.025
scala-sgigsm01,2021,30.089
scala-sgigsm01,2021,30.423
scala-sgigsm01,2021,31.576
scala-sgigsm01,2021,27.331
scala-sgigsm01,2021,29.731
scala-sgigsm01,2021,29.116
scala-sgigsm01,2021,27.76
scala-sgigsm01,2021,25.869
scala-sgigsm01,2021,26.173
scala-sgigsm01,2021,25.483
scala-sgigsm01,2021,26.569
scala-sgigsm01,2021,27.979
scala-sgigsm01,2021,29.143
scala-sgigsm01,2021,23.924
scala-sgigsm01,2021,30.556
scala-sgigsm01,2021,30.846
scala-sgigsm01,2021,34.548
scala-sgigsm01,2021,31.268
scala-sgigsm01,2021,29.989
scala-sgigsm01,2021,35.192
scala-sgigsm01,2021,35.13
scala-sgigsm01,2021,35.56
scala-sgigsm01,2021,34.618
scala-sgigsm01,2021,35.706
scala-sgigsm01,2021,34.476
scala-sgigsm01,2021,40.173
scala-sgigsm01,2021,41.652
scala-sgigsm01,2021,35.652
scala-sgigsm01,2021,38.426
scala-sgigsm01,2021,38.876
scala-sgigsm01,2021,37.602
scala-sgigsm01,2022,39.318
scala-sgigsm01,2022,39.108
scala-sgigsm01,2022,40.273
scala-sgigsm01,2022,37.245
scala-sgigsm01,2022,33.814
scala-sgigsm01,2022,38.715
scala-sgigsm01,2022,39.692
scala-sgigsm01,2022,37.346
scala-sgigsm01,2022,35.492
scala-sgigsm01,2022,36.214
scala-sgigsm01,2022,34.669
scala-sgigsm01,2022,30.416
scala-sgigsm01,2022,33.424
scala-sgigsm01,2022,29.265
scala-sgigsm01,2022,29.468
scala-sgigsm01,2022,26.01
scala-sgigsm01,2022,28.259
scala-sgigsm01,2022,26.359
scala-sgigsm01,2022,25.029
scala-sgigsm01,2022,26.5
scala-sgigsm01,2022,26.671
scala-sgigsm01,2022,28.657
scala-sgigsm01,2022,25.291
scala-sgigsm01,2022,28.0
scala-sgigsm01,2022,27.393
scala-sgigsm01,2022,30.798
scala-sgigsm01,2022,29.984
scala-sgigsm01,2022,30.593
scala-sgigsm01,2022,29.377
scala-sgigsm01,2022,32.809
scala-sgigsm01,2022,28.666
scala-sgigsm01,2022,31.26
scala-sgigsm01,2022,33.585
scala-sgigsm01,2022,39.54
scala-sgigsm01,2022,29.049
scala-sgigsm01,2022,36.051
scala-sgigsm01,2022,34.607
scala-sgigsm01,2022,34.174
scala-sgigsm01,2022,41.793
scala-sgigsm01,2022,36.739
scala-sgigsm01,2022,37.977
scala-sgigsm01,2022,28.37
scala-sgigsm01,2023,38.36
scala-sgigsm01,2023,41.264
scala-sgigsm01,2023,37.828
scala-sgigsm01,2023,34.126
scala-sgigsm01,2023,32.6
scala-sgigsm01,2023,38.107
scala-sgigsm01,2023,37.237
scala-sgigsm01,2023,37.563
scala-sgigsm01,2023,35.807
scala-sgigsm01,2023,36.56
scala-sgigsm01,2023,32.417
scala-sgigsm01,2023,30.952
scala-sgigsm01,2023,30.942
scala-sgigsm01,2023,30.416
scala-sgigsm01,2023,29.663
scala-sgigsm01,2023,27.508
scala-sgigsm01,2023,26.375
scala-sgigsm01,2023,28.55
scala-sgigsm01,2023,26.601
scala-sgigsm01,2023,28.561
scala-sgigsm01,2023,24.177
scala-sgigsm01,2023,27.016
scala-sgigsm01,2023,25.85
scala-sgigsm01,2023,27.171
scala-sgigsm01,2023,28.546
scala-sgigsm01,2023,27.393
scala-sgigsm01,2023,28.295
scala-sgigsm01,2023,31.572
scala-sgigsm01,2023,33.375
scala-sgigsm01,2023,28.948
scala-sgigsm01,2023,34.642
scala-sgigsm01,2023,34.295
scala-sgigsm01,2023,37.274
scala-sgigsm01,2023,34.962
scala-sgigsm01,2023,35.454
scala-sgigsm01,2023,34.875
scala-sgigsm01,2023,39.704
scala-sgigsm01,2023,34.793
scala-sgigsm01,2023,40.125
scala-sgigsm01,2023,38.656
scala-sgigsm01,2023,41.178
scala-sgigsm01,2023,38.193
scala-sgigsm01,2023,40.503
scala-sgigsm01,2023,35.572
scala-sgigsm01,2024,37.711
scala-sgigsm01,2024,41.381
scala-sgigsm01,2024,35.933
scala-sgigsm01,2024,36.333
scala-sgigsm01,2024,35.517
scala-sgigsm01,2024,36.564
scala-sgigsm01,2024,35.956
scala-sgigsm01,2024,35.959
scala-sgigsm01,2024,29.681
scala-sgigsm01,2024,35.443
scala-sgigsm01,2024,37.987
scala-sgigsm01,2024,33.497
scala-sgigsm01,2024,33.296
scala-sgigsm01,2024,31.609
scala-sgigsm01,2024,32.93
scala-sgigsm01,2024,33.729
scala-sgigsm01,2024,32.595
scala-sgigsm01,2024,30.133
scala-sgigsm01,2024,27.054
scala-sgigsm01,2024,27.042
scala-sgigsm01,2024,27.349
scala-sgigsm01,2024,28.706
scala-sgigsm01,2024,25.414
scala-sgigsm01,2024,26.907
scala-sgigsm01,2024,24.602
scala-sgigsm01,2024,25.749
scala-sgigsm01,2024,26.427
scala-sgigsm01,2024,29.952
scala-sgigsm01,2024,27.985
scala-sgigsm01,2024,29.316
scala-sgigsm01,2024,29.292
scala-sgigsm01,2024,33.515
scala-sgigsm01,2024,31.912
scala-sgigsm01,2024,34.925
scala-sgigsm01,2024,37.198
scala-sgigsm01,2024,34.073
scala-sgigsm01,2024,34.605
scala-sgigsm01,2024,35.302
scala-sgigsm01,2024,34.501
scala-sgigsm01,2024,35.933
scala-sgigsm01,2024,35.927
scala-sgigsm01,2024,37.663
scala-sgigsm01,2024,36.201
scala-sgigsm01,2024,35.481
scala-sgigsm01,2024,23.374
scala-sgigsm01,2025,36.089
scala-sgigsm01,2025,37.741
scala-sgigsm01,2025,36.525
scala-sgigsm01,2025,37.191
scala-sgigsm01,2025,37.334
scala-sgigsm01,2025,36.413
scala-sgigsm01,2025,35.828
scala-sgigsm01,2025,28.414
scala-sgigsm01,2025,31.67
scala-sgigsm01,2025,31.58
scala-sgigsm01,2025,28.4
scala-sgigsm01,2025,28.603
scala-sgigsm01,2025,26.968
scala-sgigsm01,2025,28.255
scala-sgigsm01,2025,26.31
scala-sgigsm01,2025,26.639
scala-sgigsm01,2025,24.295
scala-sgigsm01,2025,25.073
scala-sgigsm01,2025,20.087
scala-sgigsm01,2025,24.944
scala-sgigsm01,2025,23.014
scala-sgigsm01,2025,20.558
scala-sgigsm01,2025,22.725
scala-sgigsm01,2025,22.714
scala-sgigsm01,2025,22.567
scala-sgigsm01,2025,22.882
scala-sgigsm01,2025,23.392
scala-sgigsm01,2025,27.926
scala-sgigsm01,2025,27.363
scala-sgigsm01,2025,30.034
scala-sgigsm01,2025,31.295
scala-sgigsm01,2025,22.89
scala-sgigsm01,2025,32.22
scala-sgigsm01,2025,30.344
scala-sgigsm01,2025,30.952
scala-sgigsm01,2025,32.872
scala-sgigsm01,2025,31.39
scala-sgigsm01,2025,32.614
scala-sgigsm01,2025,35.336
scala-sgigsm01,2025,34.658
scala-sgigsm01,2025,34.719
scala-sgigsm01,2025,37.014
scala-sgigsm01,2025,37.182
scala-sgigsm01,2025,36.715
scala-spoapa01,2016,31.115
scala-spoapa01,2016,32.668
scala-spoapa01,2016,34.236
scala-spoapa01,2016,34.82
scala-spoapa01,2016,30.024
scala-spoapa01,2016,32.038
scala-spoapa01,2016,30.121
scala-spoapa01,2016,29.871
scala-spoapa01,2016,26.951
scala-spoapa01,2016,29.578
scala-spoapa01,2016,22.475
scala-spoapa01,2016,26.66
scala-spoapa01,2016,30.425
scala-spoapa01,2016,27.776
scala-spoapa01,2016,15.902
scala-spoapa01,2016,17.327
scala-spoapa01,2016,20.019
scala-spoapa01,2016,13.42
scala-spoapa01,2016,15.739
scala-spoapa01,2016,14.066
scala-spoapa01,2016,12.466
scala-spoapa01,2016,12.595
scala-spoapa01,2016,11.817
scala-spoapa01,2016,16.536
scala-spoapa01,2016,14.024
scala-spoapa01,2016,14.209
scala-spoapa01,2016,17.025
scala-spoapa01,2016,18.481
scala-spoapa01,2016,18.727
scala-spoapa01,2016,20.446
scala-spoapa01,2016,16.83
scala-spoapa01,2016,23.505
scala-spoapa01,2016,21.011
scala-spoapa01,2016,23.954
scala-spoapa01,2016,24.465
scala-spoapa01,2016,25.544
scala-spoapa01,2016,25.98
scala-spoapa01,2016,23.964
scala-spoapa01,2016,30.331
scala-spoapa01,2016,29.576
scala-spoapa01,2016,29.45
scala-spoapa01,2016,28.73
scala-spoapa01,2016,30.623
scala-spoapa01,2016,30.851
scala-spoapa01,2016,33.427
scala-spoapa01,2016,27.148
scala-spoapa01,2017,29.118
scala-spoapa01,2017,30.767
scala-spoapa01,2017,30.741
scala-spoapa01,2017,30.106
scala-spoapa01,2017,30.981
scala-spoapa01,2017,32.188
scala-spoapa01,2017,29.279
scala-spoapa01,2017,30.878
scala-spoapa01,2017,27.01
scala-spoapa01,2017,27.315
scala-spoapa01,2017,26.487
scala-spoapa01,2017,26.942
scala-spoapa01,2017,23.848
scala-spoapa01,2017,20.174
scala-spoapa01,2017,21.063
scala-spoapa01,2017,20.58
scala-spoapa01,2017,18.939
scala-spoapa01,2017,20.767
scala-spoapa01,2017,16.993
scala-spoapa01,2017,18.065
scala-spoapa01,2017,15.782
scala-spoapa01,2017,18.547
scala-spoapa01,2017,17.09
scala-spoapa01,2017,18.719
scala-spoapa01,2017,16.771
scala-spoapa01,2017,17.571
scala-spoapa01,2017,20.681
scala-spoapa01,2017,18.887
scala-spoapa01,2017,20.488
scala-spoapa01,2017,21.99
scala-spoapa01,2017,25.965
scala-spoapa01,2017,25.635
scala-spoapa01,2017,26.25
scala-spoapa01,2017,23.562
scala-spoapa01,2017,26.71
scala-spoapa01,2017,26.209
scala-spoapa01,2017,25.695
scala-spoapa01,2017,28.982
scala-spoapa01,2017,30.163
scala-spoapa01,2017,29.258
scala-spoapa01,2017,29.767
scala-spoapa01,2017,32.058
scala-spoapa01,2017,31.944
scala-spoapa01,2017,30.432
scala-spoapa01,2017,32.472
scala-spoapa01,2018,32.866
scala-spoapa01,2018,30.251
scala-spoapa01,2018,31.627
scala-spoapa01,2018,27.8
scala-spoapa01,2018,31.629
scala-spoapa01,2018,29.543
scala-spoapa01,2018,29.732
scala-spoapa01,2018,28.173
scala-spoapa01,2018,28.325
scala-spoapa01,2018,29.027
scala-spoapa01,2018,26.677
scala-spoapa01,2018,23.155
scala-spoapa01,2018,27.032
scala-spoapa01,2018,25.897
scala-spoapa01,2018,25.144
scala-spoapa01,2018,22.361
scala-spoapa01,2018,20.095
scala-spoapa01,2018,17.384
scala-spoapa01,2018,19.607
scala-spoapa01,2018,14.538
scala-spoapa01,2018,11.224
scala-spoapa01,2018,15.599
scala-spoapa01,2018,18.067
scala-spoapa01,2018,14.288
scala-spoapa01,2018,18.14
scala-spoapa01,2018,14.486
scala-spoapa01,2018,16.013
scala-spoapa01,2018,16.887
scala-spoapa01,2018,20.102
scala-spoapa01,2018,16.327
scala-spoapa01,2018,21.042
scala-spoapa01,2018,23.278
scala-spoapa01,2018,24.542
scala-spoapa01,2018,27.719
scala-spoapa01,2018,23.358
scala-spoapa01,2018,22.693
scala-spoapa01,2018,28.502
scala-spoapa01,2018,28.605
scala-spoapa01,2018,28.654
scala-spoapa01,2018,31.736
scala-spoapa01,2018,31.837
scala-spoapa01,2018,29.112
scala-spoapa01,2018,29.624
scala-spoapa01,2018,33.824
scala-spoapa01,2018,30.622
scala-spoapa01,2018,33.461
scala-spoapa01,2019,34.504
scala-spoapa01,2019,32.152
scala-spoapa01,2019,33.106
scala-spoapa01,2019,32.87
scala-spoapa01,2019,31.885
scala-spoapa01,2019,31.335
scala-spoapa01,2019,32.085
scala-spoapa01,2019,30.974
scala-spoapa01,2019,20.763
scala-spoapa01,2019,26.539
scala-spoapa01,2019,25.22
scala-spoapa01,2019,28.031
scala-spoapa01,2019,25.796
scala-spoapa01,2019,21.168
scala-spoapa01,2019,24.449
scala-spoapa01,2019,21.726
scala-spoapa01,2019,20.969
scala-spoapa01,2019,22.618
scala-spoapa01,2019,18.558
scala-spoapa01,2019,18.288
scala-spoapa01,2019,19.931
scala-spoapa01,2019,18.401
scala-spoapa01,2019,13.8
scala-spoapa01,2019,12.214
scala-spoapa01,2019,16.064
scala-spoapa01,2019,20.323
scala-spoapa01,2019,15.953
scala-spoapa01,2019,19.436
scala-spoapa01,2019,17.454
scala-spoapa01,2019,20.274
scala-spoapa01,2019,20.677
scala-spoapa01,2019,23.944
scala-spoapa01,2019,24.449
scala-spoapa01,2019,27.947
scala-spoapa01,2019,26.961
scala-spoapa01,2019,26.228
scala-spoapa01,2019,28.585
scala-spoapa01,2019,28.207
scala-spoapa01,2019,26.807
scala-spoapa01,2019,31.264
scala-spoapa01,2019,31.026
scala-spoapa01,2019,33.246
scala-spoapa01,2019,32.718
scala-spoapa01,2019,33.443
scala-spoapa01,2019,35.31
scala-spoapa01,2020,33.938
scala-spoapa01,2020,34.797
scala-spoapa01,2020,30.822
scala-spoapa01,2020,31.885
scala-spoapa01,2020,33.216
scala-spoapa01,2020,30.849
scala-spoapa01,2020,29.436
scala-spoapa01,2020,29.496
scala-spoapa01,2020,30.767
scala-spoapa01,2020,31.353
scala-spoapa01,2020,29.302
scala-spoapa01,2020,27.431
scala-spoapa01,2020,22.927
scala-spoapa01,2020,23.721
scala-spoapa01,2020,25.336
scala-spoapa01,2020,21.403
scala-spoapa01,2020,20.023
scala-spoapa01,2020,20.143
scala-spoapa01,2020,17.175
scala-spoapa01,2020,15.316
scala-spoapa01,2020,15.86
scala-spoapa01,2020,21.166
scala-spoapa01,2020,13.147
scala-spoapa01,2020,12.699
scala-spoapa01,2020,15.189
scala-spoapa01,2020,17.436
scala-spoapa01,2020,17.022
scala-spoapa01,2020,21.07
scala-spoapa01,2020,18.622
scala-spoapa01,2020,19.043
scala-spoapa01,2020,20.549
scala-spoapa01,2020,22.621
scala-spoapa01,2020,20.318
scala-spoapa01,2020,22.753
scala-spoapa01,2020,23.219
scala-spoapa01,2020,24.366
scala-spoapa01,2020,29.598
scala-spoapa01,2020,31.27
scala-spoapa01,2020,26.999
scala-spoapa01,2020,29.771
scala-spoapa01,2020,29.329
scala-spoapa01,2020,34.284
scala-spoapa01,2020,30.059
scala-spoapa01,2020,34.332
scala-spoapa01,2020,31.32
scala-spoapa01,2020,32.072
scala-spoapa01,2021,32.794
scala-spoapa01,2021,35.549
scala-spoapa01,2021,29.349
scala-spoapa01,2021,30.407
scala-spoapa01,2021,29.672
scala-spoapa01,2021,30.728
scala-spoapa01,2021,31.319
scala-spoapa01,2021,30.374
scala-spoapa01,2021,28.262
scala-spoapa01,2021,29.681
scala-spoapa01,2021,26.416
scala-spoapa01,2021,25.599
scala-spoapa01,2021,27.669
scala-spoapa01,2021,25.878
scala-spoapa01,2021,22.755
scala-spoapa01,2021,23.879
scala-spoapa01,2021,18.983
scala-spoapa01,2021,17.786
scala-spoapa01,2021,15.76
scala-spoapa01,2021,18.218
scala-spoapa01,2021,15.855
scala-spoapa01,2021,16.27
scala-spoapa01,2021,14.409
scala-spoapa01,2021,17.219
scala-spoapa01,2021,15.859
scala-spoapa01,2021,16.0
scala-spoapa01,2021,14.146
scala-spoapa01,2021,21.402
scala-spoapa01,2021,22.047
scala-spoapa01,2021,20.375
scala-spoapa01,2021,24.103
scala-spoapa01,2021,21.282
scala-spoapa01,2021,21.848
scala-spoapa01,2021,25.031
scala-spoapa01,2021,24.113
scala-spoapa01,2021,22.263
scala-spoapa01,2021,26.085
scala-spoapa01,2021,30.25
scala-spoapa01,2021,30.422
scala-spoapa01,2021,29.074
scala-spoapa01,2021,32.342
scala-spoapa01,2021,27.604
scala-spoapa01,2021,27.485
scala-spoapa01,2021,31.218
scala-spoapa01,2021,31.305
scala-spoapa01,2021,33.286
scala-spoapa01,2022,33.846
scala-spoapa01,2022,34.207
scala-spoapa01,2022,33.081
scala-spoapa01,2022,32.214
scala-spoapa01,2022,30.096
scala-spoapa01,2022,30.789
scala-spoapa01,2022,31.244
scala-spoapa01,2022,31.434
scala-spoapa01,2022,25.671
scala-spoapa01,2022,30.891
scala-spoapa01,2022,27.529
scala-spoapa01,2022,23.706
scala-spoapa01,2022,22.751
scala-spoapa01,2022,22.798
scala-spoapa01,2022,19.816
scala-spoapa01,2022,19.297
scala-spoapa01,2022,18.246
scala-spoapa01,2022,17.289
scala-spoapa01,2022,17.11
scala-spoapa01,2022,14.474
scala-spoapa01,2022,13.214
scala-spoapa01,2022,11.843
scala-spoapa01,2022,15.596
scala-spoapa01,2022,17.052
scala-spoapa01,2022,12.616
scala-spoapa01,2022,18.667
scala-spoapa01,2022,14.735
scala-spoapa01,2022,15.594
scala-spoapa01,2022,16.388
scala-spoapa01,2022,21.736
scala-spoapa01,2022,19.217
scala-spoapa01,2022,19.724
scala-spoapa01,2022,20.389
scala-spoapa01,2022,20.243
scala-spoapa01,2022,22.457
scala-spoapa01,2022,25.867
scala-spoapa01,2022,29.154
scala-spoapa01,2022,24.833
scala-spoapa01,2022,30.26
scala-spoapa01,2022,31.262
scala-spoapa01,2022,31.14
scala-spoapa01,2022,33.679
scala-spoapa01,2022,31.845
scala-spoapa01,2022,32.038
scala-spoapa01,2022,32.066
scala-spoapa01,2023,31.371
scala-spoapa01,2023,32.828
scala-spoapa01,2023,31.696
scala-spoapa01,2023,32.178
scala-spoapa01,2023,31.831
scala-spoapa01,2023,33.702
scala-spoapa01,2023,28.213
scala-spoapa01,2023,28.475
scala-spoapa01,2023,29.287
scala-spoapa01,2023,30.104
scala-spoapa01,2023,27.695
scala-spoapa01,2023,23.963
scala-spoapa01,2023,26.592
scala-spoapa01,2023,21.121
scala-spoapa01,2023,22.978
scala-spoapa01,2023,20.652
scala-spoapa01,2023,17.742
scala-spoapa01,2023,19.927
scala-spoapa01,2023,18.262
scala-spoapa01,2023,19.698
scala-spoapa01,2023,17.322
scala-spoapa01,2023,13.399
scala-spoapa01,2023,17.202
scala-spoapa01,2023,17.742
scala-spoapa01,2023,12.342
scala-spoapa01,2023,17.66
scala-spoapa01,2023,17.748
scala-spoapa01,2023,18.912
scala-spoapa01,2023,19.165
scala-spoapa01,2023,17.352
scala-spoapa01,2023,20.449
scala-spoapa01,2023,22.555
scala-spoapa01,2023,21.269
scala-spoapa01,2023,20.559
scala-spoapa01,2023,23.014
scala-spoapa01,2023,23.845
scala-spoapa01,2023,21.544
scala-spoapa01,2023,26.834
scala-spoapa01,2023,27.264
scala-spoapa01,2023,28.475
scala-spoapa01,2023,28.515
scala-spoapa01,2023,28.439
scala-spoapa01,2023,26.046
scala-spoapa01,2023,32.573
scala-spoapa01,2023,30.087
scala-spoapa01,2023,28.245
scala-spoapa01,2024,30.371
scala-spoapa01,2024,30.962
scala-spoapa01,2024,28.878
scala-spoapa01,2024,29.171
scala-spoapa01,2024,31.293
scala-spoapa01,2024,33.203
scala-spoapa01,2024,28.939
scala-spoapa01,2024,30.115
scala-spoapa01,2024,27.664
scala-spoapa01,2024,28.611
scala-spoapa01,2024,25.963
scala-spoapa01,2024,27.404
scala-spoapa01,2024,25.709
scala-spoapa01,2024,21.858
scala-spoapa01,2024,21.973
scala-spoapa01,2024,19.931
scala-spoapa01,2024,18.495
scala-spoapa01,2024,17.624
scala-spoapa01,2024,16.705
scala-spoapa01,2024,18.872
scala-spoapa01,2024,19.82
scala-spoapa01,2024,12.939
scala-spoapa01,2024,11.011
scala-spoapa01,2024,12.121
scala-spoapa01,2024,17.282
scala-spoapa01,2024,19.382
scala-spoapa01,2024,14.325
scala-spoapa01,2024,14.492
scala-spoapa01,2024,14.286
scala-spoapa01,2024,16.304
scala-spoapa01,2024,23.218
scala-spoapa01,2024,23.379
scala-spoapa01,2024,23.949
scala-spoapa01,2024,24.966
scala-spoapa01,2024,28.583
scala-spoapa01,2024,27.173
scala-spoapa01,2024,27.818
scala-spoapa01,2024,29.084
scala-spoapa01,2024,31.492
scala-spoapa01,2024,30.032
scala-spoapa01,2024,28.847
scala-spoapa01,2024,27.943
scala-spoapa01,2024,28.556
scala-spoapa01,2024,28.226
scala-spoapa01,2025,27.568
scala-spoapa01,2025,29.936
scala-spoapa01,2025,31.251
scala-spoapa01,2025,28.94
scala-spoapa01,2025,30.985
scala-spoapa01,2025,31.476
scala-spoapa01,2025,29.32
scala-spoapa01,2025,30.248
scala-spoapa01,2025,29.035
scala-spoapa01,2025,26.082
scala-spoapa01,2025,24.12
scala-spoapa01,2025,24.26
scala-spoapa01,2025,21.67
scala-spoapa01,2025,21.65
scala-spoapa01,2025,19.845
scala-spoapa01,2025,21.049
scala-spoapa01,2025,18.606
scala-spoapa01,2025,18.611
scala-spoapa01,2025,14.006
scala-spoapa01,2025,13.257
scala-spoapa01,2025,13.243
scala-spoapa01,2025,12.037
scala-spoapa01,2025,8.866
scala-spoapa01,2025,12.222
scala-spoapa01,2025,12.921
scala-spoapa01,2025,15.368
scala-spoapa01,2025,12.642
scala-spoapa01,2025,13.325
scala-spoapa01,2025,16.062
scala-spoapa01,2025,17.287
scala-spoapa01,2025,20.261
scala-spoapa01,2025,17.985
scala-spoapa01,2025,14.149
scala-spoapa01,2025,19.534
scala-spoapa01,2025,24.515
scala-spoapa01,2025,23.252
scala-spoapa01,2025,23.798
scala-spoapa01,2025,25.87
scala-spoapa01,2025,23.998
scala-spoapa01,2025,25.901
scala-spoapa01,2025,26.53
scala-spoapa01,2025,28.168
scala-spoapa01,2025,30.541
scala-spoapa01,2025,28.467
scala-spoapa01,2025,30.705
scala-spoapa01,2025,28.342
scala-tambore,2016,34.777
scala-tambore,2016,31.006
scala-tambore,2016,33.16
scala-tambore,2016,32.611
scala-tambore,2016,32.471
scala-tambore,2016,27.597
scala-tambore,2016,30.117
scala-tambore,2016,32.143
scala-tambore,2016,29.768
scala-tambore,2016,30.425
scala-tambore,2016,31.613
scala-tambore,2016,31.805
scala-tambore,2016,30.411
scala-tambore,2016,24.901
scala-tambore,2016,25.348
scala-tambore,2016,24.019
scala-tambore,2016,21.641
scala-tambore,2016,18.634
scala-tambore,2016,17.836
scala-tambore,2016,20.871
scala-tambore,2016,20.103
scala-tambore,2016,22.009
scala-tambore,2016,23.357
scala-tambore,2016,23.672
scala-tambore,2016,23.738
scala-tambore,2016,23.878
scala-tambore,2016,25.287
scala-tambore,2016,26.028
scala-tambore,2016,28.363
scala-tambore,2016,29.622
scala-tambore,2016,30.309
scala-tambore,2016,28.442
scala-tambore,2016,31.199
scala-tambore,2016,33.072
scala-tambore,2016,37.327
scala-tambore,2016,30.75
scala-tambore,2016,31.906
scala-tambore,2016,32.452
scala-tambore,2016,32.177
scala-tambore,2016,35.295
scala-tambore,2016,33.865
scala-tambore,2016,33.6
scala-tambore,2016,33.451
scala-tambore,2016,36.148
scala-tambore,2017,32.444
scala-tambore,2017,30.541
scala-tambore,2017,31.74
scala-tambore,2017,32.204
scala-tambore,2017,34.195
scala-tambore,2017,33.075
scala-tambore,2017,30.552
scala-tambore,2017,31.919
scala-tambore,2017,31.286
scala-tambore,2017,29.447
scala-tambore,2017,27.432
scala-tambore,2017,27.362
scala-tambore,2017,26.716
scala-tambore,2017,23.577
scala-tambore,2017,24.291
scala-tambore,2017,24.361
scala-tambore,2017,23.325
scala-tambore,2017,22.988
scala-tambore,2017,22.524
scala-tambore,2017,20.263
scala-tambore,2017,22.748
scala-tambore,2017,22.138
scala-tambore,2017,19.981
scala-tambore,2017,22.314
scala-tambore,2017,23.554
scala-tambore,2017,23.684
scala-tambore,2017,23.076
scala-tambore,2017,25.926
scala-tambore,2017,25.796
scala-tambore,2017,28.266
scala-tambore,2017,30.811
scala-tambore,2017,32.052
scala-tambore,2017,31.681
scala-tambore,2017,30.812
scala-tambore,2017,35.112
scala-tambore,2017,32.504
scala-tambore,2017,32.368
scala-tambore,2017,33.557
scala-tambore,2017,34.136
scala-tambore,2017,30.793
scala-tambore,2017,32.667
scala-tambore,2017,34.731
scala-tambore,2017,36.702
scala-tambore,2017,28.357
scala-tambore,2017,29.21
scala-tambore,2018,31.517
scala-tambore,2018,24.433
scala-tambore,2018,33.78
scala-tambore,2018,30.538
scala-tambore,2018,33.556
scala-tambore,2018,34.275
scala-tambore,2018,30.663
scala-tambore,2018,32.675
scala-tambore,2018,31.781
scala-tambore,2018,30.214
scala-tambore,2018,31.184
scala-tambore,2018,27.65
scala-tambore,2018,29.451
scala-tambore,2018,27.254
scala-tambore,2018,28.524
scala-tambore,2018,28.09
scala-tambore,2018,25.47
scala-tambore,2018,20.76
scala-tambore,2018,23.896
scala-tambore,2018,24.985
scala-tambore,2018,23.498
scala-tambore,2018,23.902
scala-tambore,2018,24.09
scala-tambore,2018,24.554
scala-tambore,2018,23.742
scala-tambore,2018,26.159
scala-tambore,2018,21.503
scala-tambore,2018,25.798
scala-tambore,2018,25.907
scala-tambore,2018,29.977
scala-tambore,2018,26.644
scala-tambore,2018,24.442
scala-tambore,2018,32.896
scala-tambore,2018,32.854
scala-tambore,2018,31.382
scala-tambore,2018,31.788
scala-tambore,2018,33.546
scala-tambore,2018,33.063
scala-tambore,2018,24.62
scala-tambore,2018,33.764
scala-tambore,2018,33.669
scala-tambore,2018,36.419
scala-tambore,2018,33.587
scala-tambore,2019,34.161
scala-tambore,2019,34.842
scala-tambore,2019,34.93
scala-tambore,2019,34.378
scala-tambore,2019,35.117
scala-tambore,2019,27.934
scala-tambore,2019,32.234
scala-tambore,2019,31.455
scala-tambore,2019,32.382
scala-tambore,2019,29.348
scala-tambore,2019,30.099
scala-tambore,2019,29.251
scala-tambore,2019,29.038
scala-tambore,2019,28.022
scala-tambore,2019,27.549
scala-tambore,2019,26.428
scala-tambore,2019,27.939
scala-tambore,2019,22.962
scala-tambore,2019,22.399
scala-tambore,2019,20.561
scala-tambore,2019,23.925
scala-tambore,2019,23.139
scala-tambore,2019,24.346
scala-tambore,2019,18.959
scala-tambore,2019,20.98
scala-tambore,2019,23.448
scala-tambore,2019,24.579
scala-tambore,2019,25.336
scala-tambore,2019,23.085
scala-tambore,2019,24.922
scala-tambore,2019,27.431
scala-tambore,2019,29.825
scala-tambore,2019,31.659
scala-tambore,2019,29.406
scala-tambore,2019,33.878
scala-tambore,2019,35.194
scala-tambore,2019,32.944
scala-tambore,2019,34.446
scala-tambore,2019,36.354
scala-tambore,2019,33.329
scala-tambore,2019,35.344
scala-tambore,2019,30.348
scala-tambore,2019,32.053
scala-tambore,2019,36.719
scala-tambore,2019,34.516
scala-tambore,2019,32.92
scala-tambore,2020,33.338
scala-tambore,2020,34.546
scala-tambore,2020,32.163
scala-tambore,2020,35.465
scala-tambore,2020,31.713
scala-tambore,2020,32.719
scala-tambore,2020,36.991
scala-tambore,2020,23.934
scala-tambore,2020,29.487
scala-tambore,2020,32.221
scala-tambore,2020,28.231
scala-tambore,2020,28.942
scala-tambore,2020,27.504
scala-tambore,2020,27.942
scala-tambore,2020,27.791
scala-tambore,2020,25.912
scala-tambore,2020,24.3
scala-tambore,2020,25.294
scala-tambore,2020,20.131
scala-tambore,2020,24.526
scala-tambore,2020,23.394
scala-tambore,2020,24.85
scala-tambore,2020,8.883
scala-tambore,2020,22.306
scala-tambore,2020,25.033
scala-tambore,2020,25.088
scala-tambore,2020,25.786
scala-tambore,2020,24.428
scala-tambore,2020,27.016
scala-tambore,2020,22.349
scala-tambore,2020,30.27
scala-tambore,2020,30.75
scala-tambore,2020,32.156
scala-tambore,2020,31.389
scala-tambore,2020,35.238
scala-tambore,2020,33.19
scala-tambore,2020,30.22
scala-tambore,2020,34.892
scala-tambore,2020,29.235
scala-tambore,2020,33.839
scala-tambore,2020,31.043
scala-tambore,2020,36.148
scala-tambore,2020,34.438
scala-tambore,2020,31.473
scala-tambore,2020,34.466
scala-tambore,2020,31.072
scala-tambore,2021,33.26
scala-tambore,2021,33.19
scala-tambore,2021,30.79
scala-tambore,2021,34.611
scala-tambore,2021,33.024
scala-tambore,2021,30.786
scala-tambore,2021,32.336
scala-tambore,2021,29.178
scala-tambore,2021,31.235
scala-tambore,2021,33.898
scala-tambore,2021,32.012
scala-tambore,2021,28.82
scala-tambore,2021,29.646
scala-tambore,2021,23.208
scala-tambore,2021,26.327
scala-tambore,2021,26.84
scala-tambore,2021,23.013
scala-tambore,2021,24.506
scala-tambore,2021,22.112
scala-tambore,2021,24.941
scala-tambore,2021,20.458
scala-tambore,2021,20.712
scala-tambore,2021,19.907
scala-tambore,2021,20.747
scala-tambore,2021,19.853
scala-tambore,2021,22.154
scala-tambore,2021,14.954
scala-tambore,2021,24.702
scala-tambore,2021,28.27
scala-tambore,2021,29.618
scala-tambore,2021,28.176
scala-tambore,2021,28.907
scala-tambore,2021,30.234
scala-tambore,2021,31.059
scala-tambore,2021,30.442
scala-tambore,2021,27.485
scala-tambore,2021,29.246
scala-tambore,2021,31.708
scala-tambore,2021,33.939
scala-tambore,2021,32.746
scala-tambore,2021,33.304
scala-tambore,2021,34.362
scala-tambore,2021,32.226
scala-tambore,2021,36.964
scala-tambore,2021,34.019
scala-tambore,2021,30.118
scala-tambore,2022,32.442
scala-tambore,2022,32.478
scala-tambore,2022,33.208
scala-tambore,2022,32.898
scala-tambore,2022,29.242
scala-tambore,2022,30.585
scala-tambore,2022,31.629
scala-tambore,2022,32.843
scala-tambore,2022,31.68
scala-tambore,2022,28.74
scala-tambore,2022,29.049
scala-tambore,2022,30.217
scala-tambore,2022,28.312
scala-tambore,2022,25.344
scala-tambore,2022,27.914
scala-tambore,2022,27.339
scala-tambore,2022,24.136
scala-tambore,2022,20.764
scala-tambore,2022,23.998
scala-tambore,2022,21.448
scala-tambore,2022,19.205
scala-tambore,2022,22.905
scala-tambore,2022,22.62
scala-tambore,2022,22.019
scala-tambore,2022,22.028
scala-tambore,2022,24.263
scala-tambore,2022,21.087
scala-tambore,2022,19.867
scala-tambore,2022,23.776
scala-tambore,2022,25.247
scala-tambore,2022,24.622
scala-tambore,2022,30.431
scala-tambore,2022,23.943
scala-tambore,2022,24.817
scala-tambore,2022,26.251
scala-tambore,2022,32.333
scala-tambore,2022,31.154
scala-tambore,2022,31.391
scala-tambore,2022,32.814
scala-tambore,2022,34.397
scala-tambore,2022,35.899
scala-tambore,2022,31.502
scala-tambore,2022,31.019
scala-tambore,2022,25.615
scala-tambore,2023,29.636
scala-tambore,2023,32.186
scala-tambore,2023,31.105
scala-tambore,2023,31.517
scala-tambore,2023,33.743
scala-tambore,2023,30.293
scala-tambore,2023,29.604
scala-tambore,2023,30.275
scala-tambore,2023,31.087
scala-tambore,2023,30.103
scala-tambore,2023,30.432
scala-tambore,2023,28.123
scala-tambore,2023,25.662
scala-tambore,2023,23.357
scala-tambore,2023,24.717
scala-tambore,2023,26.317
scala-tambore,2023,22.334
scala-tambore,2023,21.769
scala-tambore,2023,23.225
scala-tambore,2023,21.584
scala-tambore,2023,23.686
scala-tambore,2023,19.258
scala-tambore,2023,21.443
scala-tambore,2023,19.621
scala-tambore,2023,20.771
scala-tambore,2023,23.139
scala-tambore,2023,22.753
scala-tambore,2023,24.223
scala-tambore,2023,26.986
scala-tambore,2023,28.012
scala-tambore,2023,23.768
scala-tambore,2023,30.358
scala-tambore,2023,30.069
scala-tambore,2023,33.112
scala-tambore,2023,28.579
scala-tambore,2023,30.745
scala-tambore,2023,30.524
scala-tambore,2023,33.019
scala-tambore,2023,31.193
scala-tambore,2023,36.866
scala-tambore,2023,33.974
scala-tambore,2023,31.438
scala-tambore,2023,35.572
scala-tambore,2023,35.123
scala-tambore,2023,33.249
scala-tambore,2023,32.524
scala-tambore,2024,33.88
scala-tambore,2024,33.159
scala-tambore,2024,32.804
scala-tambore,2024,31.663
scala-tambore,2024,30.425
scala-tambore,2024,29.722
scala-tambore,2024,28.807
scala-tambore,2024,30.515
scala-tambore,2024,29.274
scala-tambore,2024,31.3
scala-tambore,2024,27.935
scala-tambore,2024,27.372
scala-tambore,2024,28.545
scala-tambore,2024,24.488
scala-tambore,2024,27.561
scala-tambore,2024,28.726
scala-tambore,2024,25.573
scala-tambore,2024,26.856
scala-tambore,2024,20.816
scala-tambore,2024,21.567
scala-tambore,2024,22.739
scala-tambore,2024,22.935
scala-tambore,2024,20.774
scala-tambore,2024,20.649
scala-tambore,2024,20.464
scala-tambore,2024,20.628
scala-tambore,2024,21.855
scala-tambore,2024,24.708
scala-tambore,2024,22.69
scala-tambore,2024,22.792
scala-tambore,2024,25.921
scala-tambore,2024,27.511
scala-tambore,2024,27.935
scala-tambore,2024,30.652
scala-tambore,2024,30.043
scala-tambore,2024,26.422
scala-tambore,2024,30.304
scala-tambore,2024,29.087
scala-tambore,2024,29.19
scala-tambore,2024,31.582
scala-tambore,2024,31.402
scala-tambore,2024,33.506
scala-tambore,2024,25.488
scala-tambore,2024,32.498
scala-tambore,2024,30.458
scala-tambore,2024,30.952
scala-tambore,2025,30.529
scala-tambore,2025,30.212
scala-tambore,2025,32.162
scala-tambore,2025,32.497
scala-tambore,2025,30.812
scala-tambore,2025,29.76
scala-tambore,2025,30.168
scala-tambore,2025,28.853
scala-tambore,2025,25.02
scala-tambore,2025,27.333
scala-tambore,2025,26.714
scala-tambore,2025,24.553
scala-tambore,2025,23.197
scala-tambore,2025,21.2
scala-tambore,2025,21.634
scala-tambore,2025,20.039
scala-tambore,2025,21.027
scala-tambore,2025,18.179
scala-tambore,2025,20.775
scala-tambore,2025,16.464
scala-tambore,2025,18.815
scala-tambore,2025,18.034
scala-tambore,2025,16.213
scala-tambore,2025,16.717
scala-tambore,2025,18.646
scala-tambore,2025,16.062
scala-tambore,2025,16.826
scala-tambore,2025,18.489
scala-tambore,2025,22.419
scala-tambore,2025,22.64
scala-tambore,2025,22.781
scala-tambore,2025,24.968
scala-tambore,2025,23.414
scala-tambore,2025,27.382
scala-tambore,2025,23.627
scala-tambore,2025,25.744
scala-tambore,2025,27.333
scala-tambore,2025,25.655
scala-tambore,2025,25.123
scala-tambore,2025,27.948
scala-tambore,2025,29.311
scala-tambore,2025,29.205
scala-tambore,2025,27.504
scala-tambore,2025,31.21
scala-tambore,2025,31.178
ascenty-jundiai,2016,29.866
ascenty-jundiai,2016,28.738
ascenty-jundiai,2016,30.866
ascenty-jundiai,2016,30.44
ascenty-jundiai,2016,29.689
ascenty-jundiai,2016,22.636
ascenty-jundiai,2016,28.502
ascenty-jundiai,2016,29.915
ascenty-jundiai,2016,28.239
ascenty-jundiai,2016,28.531
ascenty-jundiai,2016,29.749
ascenty-jundiai,2016,30.119
ascenty-jundiai,2016,29.732
ascenty-jundiai,2016,23.632
ascenty-jundiai,2016,23.804
ascenty-jundiai,2016,23.567
ascenty-jundiai,2016,21.317
ascenty-jundiai,2016,18.061
ascenty-jundiai,2016,19.141
ascenty-jundiai,2016,21.527
ascenty-jundiai,2016,22.088
ascenty-jundiai,2016,22.527
ascenty-jundiai,2016,22.869
ascenty-jundiai,2016,22.889
ascenty-jundiai,2016,23.81
ascenty-jundiai,2016,24.585
ascenty-jundiai,2016,25.873
ascenty-jundiai,2016,26.366
ascenty-jundiai,2016,27.431
ascenty-jundiai,2016,28.016
ascenty-jundiai,2016,29.927
ascenty-jundiai,2016,28.637
ascenty-jundiai,2016,27.971
ascenty-jundiai,2016,30.146
ascenty-jundiai,2016,32.293
ascenty-jundiai,2016,29.323
ascenty-jundiai,2016,29.962
ascenty-jundiai,2016,31.589
ascenty-jundiai,2016,29.965
ascenty-jundiai,2016,32.513
ascenty-jundiai,2016,29.749
ascenty-jundiai,2016,29.772
ascenty-jundiai,2016,32.124
ascenty-jundiai,2016,33.618
ascenty-jundiai,2017,31.785
ascenty-jundiai,2017,29.471
ascenty-jundiai,2017,28.872
ascenty-jundiai,2017,29.13
ascenty-jundiai,2017,31.33
ascenty-jundiai,2017,31.082
ascenty-jundiai,2017,29.958
ascenty-jundiai,2017,28.542
ascenty-jundiai,2017,27.334
ascenty-jundiai,2017,26.818
ascenty-jundiai,2017,25.842
ascenty-jundiai,2017,27.204
ascenty-jundiai,2017,24.175
ascenty-jundiai,2017,24.046
ascenty-jundiai,2017,23.927
ascenty-jundiai,2017,20.482
ascenty-jundiai,2017,24.713
ascenty-jundiai,2017,21.722
ascenty-jundiai,2017,20.168
ascenty-jundiai,2017,22.229
ascenty-jundiai,2017,21.867
ascenty-jundiai,2017,20.741
ascenty-jundiai,2017,22.243
ascenty-jundiai,2017,23.445
ascenty-jundiai,2017,23.822
ascenty-jundiai,2017,23.736
ascenty-jundiai,2017,25.793
ascenty-jundiai,2017,24.939
ascenty-jundiai,2017,28.231
ascenty-jundiai,2017,31.315
ascenty-jundiai,2017,32.243
ascenty-jundiai,2017,31.144
ascenty-jundiai,2017,30.388
ascenty-jundiai,2017,32.163
ascenty-jundiai,2017,32.359
ascenty-jundiai,2017,31.32
ascenty-jundiai,2017,31.8
ascenty-jundiai,2017,31.135
ascenty-jundiai,2017,29.643
ascenty-jundiai,2017,30.352
ascenty-jundiai,2017,31.585
ascenty-jundiai,2017,32.17
ascenty-jundiai,2017,28.39
ascenty-jundiai,2018,27.07
ascenty-jundiai,2018,26.897
ascenty-jundiai,2018,30.572
ascenty-jundiai,2018,27.018
ascenty-jundiai,2018,30.333
ascenty-jundiai,2018,26.278
ascenty-jundiai,2018,28.954
ascenty-jundiai,2018,30.291
ascenty-jundiai,2018,29.8
ascenty-jundiai,2018,29.683
ascenty-jundiai,2018,28.459
ascenty-jundiai,2018,26.837
ascenty-jundiai,2018,27.49
ascenty-jundiai,2018,24.79
ascenty-jundiai,2018,27.983
ascenty-jundiai,2018,27.201
ascenty-jundiai,2018,25.436
ascenty-jundiai,2018,21.382
ascenty-jundiai,2018,24.306
ascenty-jundiai,2018,22.871
ascenty-jundiai,2018,23.77
ascenty-jundiai,2018,25.392
ascenty-jundiai,2018,23.863
ascenty-jundiai,2018,25.67
ascenty-jundiai,2018,23.885
ascenty-jundiai,2018,27.335
ascenty-jundiai,2018,19.658
ascenty-jundiai,2018,23.7
ascenty-jundiai,2018,25.056
ascenty-jundiai,2018,30.211
ascenty-jundiai,2018,26.572
ascenty-jundiai,2018,20.793
ascenty-jundiai,2018,31.943
ascenty-jundiai,2018,31.508
ascenty-jundiai,2018,24.423
ascenty-jundiai,2018,28.444
ascenty-jundiai,2018,27.093
ascenty-jundiai,2018,31.264
ascenty-jundiai,2018,29.511
ascenty-jundiai,2018,24.213
ascenty-jundiai,2018,31.119
ascenty-jundiai,2018,29.883
ascenty-jundiai,2018,33.392
ascenty-jundiai,2018,31.115
ascenty-jundiai,2019,32.186
ascenty-jundiai,2019,30.746
ascenty-jundiai,2019,32.227
ascenty-jundiai,2019,32.588
ascenty-jundiai,2019,31.144
ascenty-jundiai,2019,29.291
ascenty-jundiai,2019,25.661
ascenty-jundiai,2019,30.205
ascenty-jundiai,2019,27.199
ascenty-jundiai,2019,28.001
ascenty-jundiai,2019,28.495
ascenty-jundiai,2019,24.772
ascenty-jundiai,2019,26.339
ascenty-jundiai,2019,26.759
ascenty-jundiai,2019,25.446
ascenty-jundiai,2019,24.743
ascenty-jundiai,2019,21.932
ascenty-jundiai,2019,22.534
ascenty-jundiai,2019,21.362
ascenty-jundiai,2019,24.044
ascenty-jundiai,2019,22.887
ascenty-jundiai,2019,23.205
ascenty-jundiai,2019,18.834
ascenty-jundiai,2019,20.961
ascenty-jundiai,2019,22.658
ascenty-jundiai,2019,24.09
ascenty-jundiai,2019,25.356
ascenty-jundiai,2019,24.257
ascenty-jundiai,2019,23.587
ascenty-jundiai,2019,26.564
ascenty-jundiai,2019,27.693
ascenty-jundiai,2019,31.091
ascenty-jundiai,2019,25.442
ascenty-jundiai,2019,32.948
ascenty-jundiai,2019,33.939
ascenty-jundiai,2019,31.422
ascenty-jundiai,2019,34.292
ascenty-jundiai,2019,34.605
ascenty-jundiai,2019,25.564
ascenty-jundiai,2019,32.638
ascenty-jundiai,2019,28.422
ascenty-jundiai,2019,32.005
ascenty-jundiai,2019,23.829
ascenty-jundiai,2019,30.61
ascenty-jundiai,2019,30.925
ascenty-jundiai,2020,31.574
ascenty-jundiai,2020,32.19
ascenty-jundiai,2020,30.545
ascenty-jundiai,2020,32.483
ascenty-jundiai,2020,28.257
ascenty-jundiai,2020,30.253
ascenty-jundiai,2020,28.452
ascenty-jundiai,2020,27.486
ascenty-jundiai,2020,28.118
ascenty-jundiai,2020,29.915
ascenty-jundiai,2020,27.896
ascenty-jundiai,2020,27.428
ascenty-jundiai,2020,26.572
ascenty-jundiai,2020,26.616
ascenty-jundiai,2020,27.539
ascenty-jundiai,2020,25.38
ascenty-jundiai,2020,24.974
ascenty-jundiai,2020,26.07
ascenty-jundiai,2020,21.538
ascenty-jundiai,2020,23.836
ascenty-jundiai,2020,25.025
ascenty-jundiai,2020,24.755
ascenty-jundiai,2020,19.252
ascenty-jundiai,2020,22.178
ascenty-jundiai,2020,23.661
ascenty-jundiai,2020,24.928
ascenty-jundiai,2020,24.7
ascenty-jundiai,2020,25.175
ascenty-jundiai,2020,29.199
ascenty-jundiai,2020,23.141
ascenty-jundiai,2020,28.667
ascenty-jundiai,2020,30.408
ascenty-jundiai,2020,31.019
ascenty-jundiai,2020,31.911
ascenty-jundiai,2020,35.732
ascenty-jundiai,2020,33.768
ascenty-jundiai,2020,30.977
ascenty-jundiai,2020,33.704
ascenty-jundiai,2020,30.233
ascenty-jundiai,2020,35.634
ascenty-jundiai,2020,29.97
ascenty-jundiai,2020,33.381
ascenty-jundiai,2020,33.132
ascenty-jundiai,2020,30.789
ascenty-jundiai,2020,31.309
ascenty-jundiai,2020,29.149
ascenty-jundiai,2021,29.099
ascenty-jundiai,2021,29.953
ascenty-jundiai,2021,28.633
ascenty-jundiai,2021,29.78
ascenty-jundiai,2021,28.699
ascenty-jundiai,2021,31.262
ascenty-jundiai,2021,29.248
ascenty-jundiai,2021,29.579
ascenty-jundiai,2021,28.18
ascenty-jundiai,2021,30.59
ascenty-jundiai,2021,30.038
ascenty-jundiai,2021,27.814
ascenty-jundiai,2021,27.431
ascenty-jundiai,2021,22.358
ascenty-jundiai,2021,24.805
ascenty-jundiai,2021,25.961
ascenty-jundiai,2021,22.465
ascenty-jundiai,2021,22.412
ascenty-jundiai,2021,21.492
ascenty-jundiai,2021,24.58
ascenty-jundiai,2021,20.351
ascenty-jundiai,2021,21.329
ascenty-jundiai,2021,20.558
ascenty-jundiai,2021,21.557
ascenty-jundiai,2021,21.096
ascenty-jundiai,2021,23.636
ascenty-jundiai,2021,19.631
ascenty-jundiai,2021,24.36
ascenty-jundiai,2021,28.327
ascenty-jundiai,2021,30.192
ascenty-jundiai,2021,26.835
ascenty-jundiai,2021,29.875
ascenty-jundiai,2021,29.496
ascenty-jundiai,2021,30.869
ascenty-jundiai,2021,31.446
ascenty-jundiai,2021,27.828
ascenty-jundiai,2021,28.867
ascenty-jundiai,2021,30.811
ascenty-jundiai,2021,31.85
ascenty-jundiai,2021,29.324
ascenty-jundiai,2021,31.841
ascenty-jundiai,2021,30.793
ascenty-jundiai,2021,30.671
ascenty-jundiai,2021,33.143
ascenty-jundiai,2021,31.951
ascenty-jundiai,2021,30.652
ascenty-jundiai,2022,23.291
ascenty-jundiai,2022,30.663
ascenty-jundiai,2022,28.404
ascenty-jundiai,2022,28.3
ascenty-jundiai,2022,28.267
ascenty-jundiai,2022,29.509
ascenty-jundiai,2022,30.851
ascenty-jundiai,2022,29.228
ascenty-jundiai,2022,26.43
ascenty-jundiai,2022,28.139
ascenty-jundiai,2022,28.369
ascenty-jundiai,2022,25.219
ascenty-jundiai,2022,24.796
ascenty-jundiai,2022,27.761
ascenty-jundiai,2022,25.093
ascenty-jundiai,2022,23.829
ascenty-jundiai,2022,20.227
ascenty-jundiai,2022,24.51
ascenty-jundiai,2022,21.803
ascenty-jundiai,2022,19.736
ascenty-jundiai,2022,22.868
ascenty-jundiai,2022,22.893
ascenty-jundiai,2022,21.925
ascenty-jundiai,2022,22.033
ascenty-jundiai,2022,24.75
ascenty-jundiai,2022,22.349
ascenty-jundiai,2022,22.756
ascenty-jundiai,2022,24.478
ascenty-jundiai,2022,25.9
ascenty-jundiai,2022,24.693
ascenty-jundiai,2022,27.428
ascenty-jundiai,2022,26.631
ascenty-jundiai,2022,24.927
ascenty-jundiai,2022,27.641
ascenty-jundiai,2022,30.64
ascenty-jundiai,2022,27.035
ascenty-jundiai,2022,28.719
ascenty-jundiai,2022,29.333
ascenty-jundiai,2022,30.807
ascenty-jundiai,2022,33.033
ascenty-jundiai,2022,28.93
ascenty-jundiai,2022,29.356
ascenty-jundiai,2023,28.353
ascenty-jundiai,2023,28.909
ascenty-jundiai,2023,28.472
ascenty-jundiai,2023,29.287
ascenty-jundiai,2023,30.024
ascenty-jundiai,2023,37.141
ascenty-jundiai,2023,26.586
ascenty-jundiai,2023,28.656
ascenty-jundiai,2023,25.828
ascenty-jundiai,2023,28.297
ascenty-jundiai,2023,27.827
ascenty-jundiai,2023,26.913
ascenty-jundiai,2023,25.33
ascenty-jundiai,2023,22.481
ascenty-jundiai,2023,24.382
ascenty-jundiai,2023,24.922
ascenty-jundiai,2023,21.344
ascenty-jundiai,2023,21.449
ascenty-jundiai,2023,22.549
ascenty-jundiai,2023,21.72
ascenty-jundiai,2023,23.665
ascenty-jundiai,2023,19.596
ascenty-jundiai,2023,20.965
ascenty-jundiai,2023,20.929
ascenty-jundiai,2023,20.895
ascenty-jundiai,2023,23.293
ascenty-jundiai,2023,23.53
ascenty-jundiai,2023,25.277
ascenty-jundiai,2023,25.837
ascenty-jundiai,2023,26.893
ascenty-jundiai,2023,23.891
ascenty-jundiai,2023,29.393
ascenty-jundiai,2023,28.317
ascenty-jundiai,2023,31.987
ascenty-jundiai,2023,28.421
ascenty-jundiai,2023,27.796
ascenty-jundiai,2023,28.094
ascenty-jundiai,2023,31.718
ascenty-jundiai,2023,29.71
ascenty-jundiai,2023,34.194
ascenty-jundiai,2023,28.226
ascenty-jundiai,2023,32.868
ascenty-jundiai,2023,31.109
ascenty-jundiai,2023,31.569
ascenty-jundiai,2023,30.79
ascenty-jundiai,2023,29.508
ascenty-jundiai,2024,30.512
ascenty-jundiai,2024,30.642
ascenty-jundiai,2024,29.26
ascenty-jundiai,2024,28.732
ascenty-jundiai,2024,27.992
ascenty-jundiai,2024,27.41
ascenty-jundiai,2024,27.636
ascenty-jundiai,2024,27.713
ascenty-jundiai,2024,27.071
ascenty-jundiai,2024,29.759
ascenty-jundiai,2024,19.97
ascenty-jundiai,2024,26.551
ascenty-jundiai,2024,25.121
ascenty-jundiai,2024,24.541
ascenty-jundiai,2024,26.21
ascenty-jundiai,2024,28.085
ascenty-jundiai,2024,25.093
ascenty-jundiai,2024,25.321
ascenty-jundiai,2024,19.885
ascenty-jundiai,2024,22.057
ascenty-jundiai,2024,23.262
ascenty-jundiai,2024,23.154
ascenty-jundiai,2024,20.361
ascenty-jundiai,2024,22.608
ascenty-jundiai,2024,20.099
ascenty-jundiai,2024,20.505
ascenty-jundiai,2024,23.161
ascenty-jundiai,2024,25.259
ascenty-jundiai,2024,22.591
ascenty-jundiai,2024,24.275
ascenty-jundiai,2024,27.37
ascenty-jundiai,2024,28.527
ascenty-jundiai,2024,28.67
ascenty-jundiai,2024,30.358
ascenty-jundiai,2024,29.64
ascenty-jundiai,2024,26.932
ascenty-jundiai,2024,28.547
ascenty-jundiai,2024,26.249
ascenty-jundiai,2024,27.396
ascenty-jundiai,2024,28.987
ascenty-jundiai,2024,29.763
ascenty-jundiai,2024,30.991
ascenty-jundiai,2024,32.943
ascenty-jundiai,2024,28.834
ascenty-jundiai,2024,28.605
ascenty-jundiai,2024,27.255
ascenty-jundiai,2025,29.5
ascenty-jundiai,2025,27.02
ascenty-jundiai,2025,28.5
ascenty-jundiai,2025,28.02
ascenty-jundiai,2025,28.918
ascenty-jundiai,2025,28.006
ascenty-jundiai,2025,28.891
ascenty-jundiai,2025,28.367
ascenty-jundiai,2025,26.043
ascenty-jundiai,2025,26.875
ascenty-jundiai,2025,22.251
ascenty-jundiai,2025,23.375
ascenty-jundiai,2025,22.023
ascenty-jundiai,2025,21.506
ascenty-jundiai,2025,22.344
ascenty-jundiai,2025,20.854
ascenty-jundiai,2025,20.664
ascenty-jundiai,2025,18.396
ascenty-jundiai,2025,20.33
ascenty-jundiai,2025,16.851
ascenty-jundiai,2025,19.312
ascenty-jundiai,2025,18.949
ascenty-jundiai,2025,16.699
ascenty-jundiai,2025,17.795
ascenty-jundiai,2025,18.934
ascenty-jundiai,2025,16.658
ascenty-jundiai,2025,17.97
ascenty-jundiai,2025,20.301
ascenty-jundiai,2025,25.149
ascenty-jundiai,2025,23.559
ascenty-jundiai,2025,23.468
ascenty-jundiai,2025,25.574
ascenty-jundiai,2025,23.722
ascenty-jundiai,2025,27.532
ascenty-jundiai,2025,21.581
ascenty-jundiai,2025,26.651
ascenty-jundiai,2025,26.904
ascenty-jundiai,2025,25.026
ascenty-jundiai,2025,25.907
ascenty-jundiai,2025,27.346
ascenty-jundiai,2025,28.0
ascenty-jundiai,2025,28.428
ascenty-jundiai,2025,24.276
ascenty-jundiai,2025,29.779
ascenty-jundiai,2025,30.006
ascenty-paulinia,2016,34.464
ascenty-paulinia,2016,31.023
ascenty-paulinia,2016,34.098
ascenty-paulinia,2016,34.637
ascenty-paulinia,2016,33.285
ascenty-paulinia,2016,31.017
ascenty-paulinia,2016,31.807
ascenty-paulinia,2016,28.859
ascenty-paulinia,2016,33.03
ascenty-paulinia,2016,33.601
ascenty-paulinia,2016,33.137
ascenty-paulinia,2016,33.825
ascenty-paulinia,2016,28.515
ascenty-paulinia,2016,28.13
ascenty-paulinia,2016,25.467
ascenty-paulinia,2016,24.438
ascenty-paulinia,2016,22.323
ascenty-paulinia,2016,22.271
ascenty-paulinia,2016,24.563
ascenty-paulinia,2016,25.9
ascenty-paulinia,2016,25.918
ascenty-paulinia,2016,25.698
ascenty-paulinia,2016,26.568
ascenty-paulinia,2016,27.845
ascenty-paulinia,2016,27.858
ascenty-paulinia,2016,30.147
ascenty-paulinia,2016,30.31
ascenty-paulinia,2016,31.3
ascenty-paulinia,2016,31.875
ascenty-paulinia,2016,33.489
ascenty-paulinia,2016,34.861
ascenty-paulinia,2016,34.111
ascenty-paulinia,2016,33.922
ascenty-paulinia,2016,39.832
ascenty-paulinia,2016,35.541
ascenty-paulinia,2016,34.944
ascenty-paulinia,2016,33.728
ascenty-paulinia,2016,34.617
ascenty-paulinia,2016,37.651
ascenty-paulinia,2016,38.099
ascenty-paulinia,2016,31.562
ascenty-paulinia,2016,36.274
ascenty-paulinia,2016,36.982
ascenty-paulinia,2017,35.124
ascenty-paulinia,2017,34.573
ascenty-paulinia,2017,31.879
ascenty-paulinia,2017,33.15
ascenty-paulinia,2017,34.123
ascenty-paulinia,2017,35.267
ascenty-paulinia,2017,32.407
ascenty-paulinia,2017,30.886
ascenty-paulinia,2017,31.092
ascenty-paulinia,2017,30.922
ascenty-paulinia,2017,29.712
ascenty-paulinia,2017,29.515
ascenty-paulinia,2017,27.296
ascenty-paulinia,2017,26.407
ascenty-paulinia,2017,26.931
ascenty-paulinia,2017,24.306
ascenty-paulinia,2017,26.142
ascenty-paulinia,2017,24.379
ascenty-paulinia,2017,22.779
ascenty-paulinia,2017,26.065
ascenty-paulinia,2017,23.105
ascenty-paulinia,2017,23.465
ascenty-paulinia,2017,24.413
ascenty-paulinia,2017,27.301
ascenty-paulinia,2017,27.516
ascenty-paulinia,2017,28.553
ascenty-paulinia,2017,24.942
ascenty-paulinia,2017,29.882
ascenty-paulinia,2017,32.08
ascenty-paulinia,2017,35.825
ascenty-paulinia,2017,37.589
ascenty-paulinia,2017,36.538
ascenty-paulinia,2017,32.964
ascenty-paulinia,2017,36.191
ascenty-paulinia,2017,36.621
ascenty-paulinia,2017,36.266
ascenty-paulinia,2017,37.99
ascenty-paulinia,2017,36.62
ascenty-paulinia,2017,34.703
ascenty-paulinia,2017,34.21
ascenty-paulinia,2017,35.413
ascenty-paulinia,2017,35.269
ascenty-paulinia,2017,30.258
ascenty-paulinia,2017,36.864
ascenty-paulinia,2018,32.303
ascenty-paulinia,2018,34.638
ascenty-paulinia,2018,31.719
ascenty-paulinia,2018,33.608
ascenty-paulinia,2018,31.937
ascenty-paulinia,2018,32.527
ascenty-paulinia,2018,33.762
ascenty-paulinia,2018,33.779
ascenty-paulinia,2018,34.021
ascenty-paulinia,2018,32.33
ascenty-paulinia,2018,30.089
ascenty-paulinia,2018,31.112
ascenty-paulinia,2018,30.99
ascenty-paulinia,2018,31.813
ascenty-paulinia,2018,31.066
ascenty-paulinia,2018,29.818
ascenty-paulinia,2018,24.279
ascenty-paulinia,2018,27.468
ascenty-paulinia,2018,21.915
ascenty-paulinia,2018,25.707
ascenty-paulinia,2018,27.614
ascenty-paulinia,2018,28.862
ascenty-paulinia,2018,28.913
ascenty-paulinia,2018,29.317
ascenty-paulinia,2018,28.072
ascenty-paulinia,2018,28.309
ascenty-paulinia,2018,24.317
ascenty-paulinia,2018,28.409
ascenty-paulinia,2018,30.071
ascenty-paulinia,2018,32.435
ascenty-paulinia,2018,32.309
ascenty-paulinia,2018,27.308
ascenty-paulinia,2018,36.901
ascenty-paulinia,2018,37.218
ascenty-paulinia,2018,30.307
ascenty-paulinia,2018,34.196
ascenty-paulinia,2018,32.62
ascenty-paulinia,2018,33.821
ascenty-paulinia,2018,36.416
ascenty-paulinia,2018,30.904
ascenty-paulinia,2018,35.476
ascenty-paulinia,2018,35.066
ascenty-paulinia,2018,39.129
ascenty-paulinia,2018,36.17
ascenty-paulinia,2018,35.495
ascenty-paulinia,2019,34.862
ascenty-paulinia,2019,35.357
ascenty-paulinia,2019,37.356
ascenty-paulinia,2019,35.56
ascenty-paulinia,2019,35.252
ascenty-paulinia,2019,32.34
ascenty-paulinia,2019,32.832
ascenty-paulinia,2019,30.889
ascenty-paulinia,2019,31.5
ascenty-paulinia,2019,32.84
ascenty-paulinia,2019,29.759
ascenty-paulinia,2019,30.065
ascenty-paulinia,2019,30.328
ascenty-paulinia,2019,29.213
ascenty-paulinia,2019,27.909
ascenty-paulinia,2019,24.47
ascenty-paulinia,2019,24.929
ascenty-paulinia,2019,23.604
ascenty-paulinia,2019,26.879
ascenty-paulinia,2019,26.809
ascenty-paulinia,2019,26.418
ascenty-paulinia,2019,21.703
ascenty-paulinia,2019,23.51
ascenty-paulinia,2019,26.51
ascenty-paulinia,2019,26.761
ascenty-paulinia,2019,29.013
ascenty-paulinia,2019,27.693
ascenty-paulinia,2019,29.295
ascenty-paulinia,2019,29.261
ascenty-paulinia,2019,31.836
ascenty-paulinia,2019,35.828
ascenty-paulinia,2019,30.849
ascenty-paulinia,2019,38.062
ascenty-paulinia,2019,39.442
ascenty-paulinia,2019,38.368
ascenty-paulinia,2019,38.758
ascenty-paulinia,2019,38.71
ascenty-paulinia,2019,32.689
ascenty-paulinia,2019,38.736
ascenty-paulinia,2019,34.114
ascenty-paulinia,2019,38.221
ascenty-paulinia,2019,33.553
ascenty-paulinia,2019,35.559
ascenty-paulinia,2019,35.877
ascenty-paulinia,2020,33.978
ascenty-paulinia,2020,34.146
ascenty-paulinia,2020,34.335
ascenty-paulinia,2020,35.422
ascenty-paulinia,2020,32.266
ascenty-paulinia,2020,33.528
ascenty-paulinia,2020,34.034
ascenty-paulinia,2020,31.558
ascenty-paulinia,2020,32.047
ascenty-paulinia,2020,34.172
ascenty-paulinia,2020,31.463
ascenty-paulinia,2020,30.92
ascenty-paulinia,2020,31.014
ascenty-paulinia,2020,31.316
ascenty-paulinia,2020,31.289
ascenty-paulinia,2020,29.514
ascenty-paulinia,2020,28.648
ascenty-paulinia,2020,29.245
ascenty-paulinia,2020,24.209
ascenty-paulinia,2020,26.578
ascenty-paulinia,2020,27.998
ascenty-paulinia,2020,27.439
ascenty-paulinia,2020,17.694
ascenty-paulinia,2020,24.666
ascenty-paulinia,2020,26.699
ascenty-paulinia,2020,28.192
ascenty-paulinia,2020,28.553
ascenty-paulinia,2020,29.376
ascenty-paulinia,2020,32.367
ascenty-paulinia,2020,27.07
ascenty-paulinia,2020,32.747
ascenty-paulinia,2020,35.493
ascenty-paulinia,2020,36.378
ascenty-paulinia,2020,34.788
ascenty-paulinia,2020,39.36
ascenty-paulinia,2020,40.085
ascenty-paulinia,2020,35.793
ascenty-paulinia,2020,39.341
ascenty-paulinia,2020,37.27
ascenty-paulinia,2020,40.491
ascenty-paulinia,2020,34.979
ascenty-paulinia,2020,39.214
ascenty-paulinia,2020,38.221
ascenty-paulinia,2020,31.148
ascenty-paulinia,2020,35.995
ascenty-paulinia,2020,33.506
ascenty-paulinia,2021,33.817
ascenty-paulinia,2021,31.467
ascenty-paulinia,2021,34.148
ascenty-paulinia,2021,34.154
ascenty-paulinia,2021,31.943
ascenty-paulinia,2021,32.364
ascenty-paulinia,2021,33.708
ascenty-paulinia,2021,31.464
ascenty-paulinia,2021,31.277
ascenty-paulinia,2021,34.157
ascenty-paulinia,2021,33.476
ascenty-paulinia,2021,31.97
ascenty-paulinia,2021,31.322
ascenty-paulinia,2021,29.463
ascenty-paulinia,2021,30.324
ascenty-paulinia,2021,29.928
ascenty-paulinia,2021,27.0
ascenty-paulinia,2021,27.011
ascenty-paulinia,2021,24.317
ascenty-paulinia,2021,28.38
ascenty-paulinia,2021,24.822
ascenty-paulinia,2021,23.789
ascenty-paulinia,2021,23.209
ascenty-paulinia,2021,25.403
ascenty-paulinia,2021,26.23
ascenty-paulinia,2021,26.804
ascenty-paulinia,2021,23.969
ascenty-paulinia,2021,27.154
ascenty-paulinia,2021,31.067
ascenty-paulinia,2021,33.874
ascenty-paulinia,2021,32.944
ascenty-paulinia,2021,35.192
ascenty-paulinia,2021,36.414
ascenty-paulinia,2021,38.262
ascenty-paulinia,2021,39.395
ascenty-paulinia,2021,36.754
ascenty-paulinia,2021,35.284
ascenty-paulinia,2021,35.592
ascenty-paulinia,2021,38.741
ascenty-paulinia,2021,39.797
ascenty-paulinia,2021,36.358
ascenty-paulinia,2021,35.753
ascenty-paulinia,2021,37.862
ascenty-paulinia,2021,41.888
ascenty-paulinia,2021,35.361
ascenty-paulinia,2021,36.809
ascenty-paulinia,2022,35.114
ascenty-paulinia,2022,34.382
ascenty-paulinia,2022,33.341
ascenty-paulinia,2022,31.612
ascenty-paulinia,2022,31.918
ascenty-paulinia,2022,31.7
ascenty-paulinia,2022,34.088
ascenty-paulinia,2022,32.021
ascenty-paulinia,2022,29.184
ascenty-paulinia,2022,31.309
ascenty-paulinia,2022,31.917
ascenty-paulinia,2022,30.377
ascenty-paulinia,2022,28.344
ascenty-paulinia,2022,30.425
ascenty-paulinia,2022,28.902
ascenty-paulinia,2022,28.291
ascenty-paulinia,2022,23.666
ascenty-paulinia,2022,27.505
ascenty-paulinia,2022,25.392
ascenty-paulinia,2022,23.505
ascenty-paulinia,2022,25.88
ascenty-paulinia,2022,25.662
ascenty-paulinia,2022,25.153
ascenty-paulinia,2022,24.725
ascenty-paulinia,2022,28.149
ascenty-paulinia,2022,25.501
ascenty-paulinia,2022,26.588
ascenty-paulinia,2022,27.778
ascenty-paulinia,2022,30.932
ascenty-paulinia,2022,29.856
ascenty-paulinia,2022,31.338
ascenty-paulinia,2022,31.459
ascenty-paulinia,2022,30.324
ascenty-paulinia,2022,32.449
ascenty-paulinia,2022,34.506
ascenty-paulinia,2022,32.977
ascenty-paulinia,2022,34.653
ascenty-paulinia,2022,35.882
ascenty-paulinia,2022,34.667
ascenty-paulinia,2022,37.003
ascenty-paulinia,2022,33.231
ascenty-paulinia,2022,33.741
ascenty-paulinia,2023,33.082
ascenty-paulinia,2023,31.734
ascenty-paulinia,2023,32.518
ascenty-paulinia,2023,33.774
ascenty-paulinia,2023,33.31
ascenty-paulinia,2023,27.77
ascenty-paulinia,2023,31.299
ascenty-paulinia,2023,29.785
ascenty-paulinia,2023,31.445
ascenty-paulinia,2023,31.313
ascenty-paulinia,2023,31.342
ascenty-paulinia,2023,29.218
ascenty-paulinia,2023,27.299
ascenty-paulinia,2023,27.515
ascenty-paulinia,2023,26.814
ascenty-paulinia,2023,24.256
ascenty-paulinia,2023,25.282
ascenty-paulinia,2023,26.148
ascenty-paulinia,2023,24.119
ascenty-paulinia,2023,25.851
ascenty-paulinia,2023,21.57
ascenty-paulinia,2023,23.873
ascenty-paulinia,2023,21.946
ascenty-paulinia,2023,23.618
ascenty-paulinia,2023,26.691
ascenty-paulinia,2023,26.726
ascenty-paulinia,2023,27.859
ascenty-paulinia,2023,29.977
ascenty-paulinia,2023,30.371
ascenty-paulinia,2023,27.995
ascenty-paulinia,2023,30.545
ascenty-paulinia,2023,31.177
ascenty-paulinia,2023,35.453
ascenty-paulinia,2023,31.382
ascenty-paulinia,2023,31.781
ascenty-paulinia,2023,32.831
ascenty-paulinia,2023,32.268
ascenty-paulinia,2023,34.028
ascenty-paulinia,2023,37.649
ascenty-paulinia,2023,31.416
ascenty-paulinia,2023,36.69
ascenty-paulinia,2023,34.837
ascenty-paulinia,2023,34.952
ascenty-paulinia,2023,35.64
ascenty-paulinia,2023,33.49
ascenty-paulinia,2024,35.37
ascenty-paulinia,2024,34.782
ascenty-paulinia,2024,31.779
ascenty-paulinia,2024,30.6
ascenty-paulinia,2024,30.964
ascenty-paulinia,2024,29.893
ascenty-paulinia,2024,30.742
ascenty-paulinia,2024,31.642
ascenty-paulinia,2024,31.711
ascenty-paulinia,2024,32.879
ascenty-paulinia,2024,27.675
ascenty-paulinia,2024,29.915
ascenty-paulinia,2024,30.277
ascenty-paulinia,2024,28.512
ascenty-paulinia,2024,30.236
ascenty-paulinia,2024,30.678
ascenty-paulinia,2024,28.672
ascenty-paulinia,2024,28.604
ascenty-paulinia,2024,23.296
ascenty-paulinia,2024,24.325
ascenty-paulinia,2024,25.196
ascenty-paulinia,2024,24.704
ascenty-paulinia,2024,23.825
ascenty-paulinia,2024,22.514
ascenty-paulinia,2024,23.167
ascenty-paulinia,2024,23.965
ascenty-paulinia,2024,25.401
ascenty-paulinia,2024,28.107
ascenty-paulinia,2024,27.552
ascenty-paulinia,2024,27.102
ascenty-paulinia,2024,30.559
ascenty-paulinia,2024,30.483
ascenty-paulinia,2024,30.89
ascenty-paulinia,2024,33.936
ascenty-paulinia,2024,33.862
ascenty-paulinia,2024,33.451
ascenty-paulinia,2024,36.396
ascenty-paulinia,2024,34.303
ascenty-paulinia,2024,32.674
ascenty-paulinia,2024,32.974
ascenty-paulinia,2024,34.456
ascenty-paulinia,2024,34.72
ascenty-paulinia,2024,34.38
ascenty-paulinia,2024,33.501
ascenty-paulinia,2024,32.513
ascenty-paulinia,2024,29.811
ascenty-paulinia,2025,32.272
ascenty-paulinia,2025,32.838
ascenty-paulinia,2025,31.734
ascenty-paulinia,2025,31.766
ascenty-paulinia,2025,29.931
ascenty-paulinia,2025,31.078
ascenty-paulinia,2025,31.991
ascenty-paulinia,2025,32.242
ascenty-paulinia,2025,30.587
ascenty-paulinia,2025,30.721
ascenty-paulinia,2025,22.829
ascenty-paulinia,2025,26.87
ascenty-paulinia,2025,25.984
ascenty-paulinia,2025,23.975
ascenty-paulinia,2025,25.263
ascenty-paulinia,2025,24.328
ascenty-paulinia,2025,23.493
ascenty-paulinia,2025,21.352
ascenty-paulinia,2025,21.529
ascenty-paulinia,2025,19.837
ascenty-paulinia,2025,21.247
ascenty-paulinia,2025,21.004
ascenty-paulinia,2025,19.63
ascenty-paulinia,2025,20.308
ascenty-paulinia,2025,21.366
ascenty-paulinia,2025,20.083
ascenty-paulinia,2025,20.994
ascenty-paulinia,2025,24.584
ascenty-paulinia,2025,26.038
ascenty-paulinia,2025,27.149
ascenty-paulinia,2025,28.119
ascenty-paulinia,2025,29.929
ascenty-paulinia,2025,28.431
ascenty-paulinia,2025,31.894
ascenty-paulinia,2025,23.333
ascenty-paulinia,2025,30.424
ascenty-paulinia,2025,32.056
ascenty-paulinia,2025,29.35
ascenty-paulinia,2025,30.941
ascenty-paulinia,2025,31.411
ascenty-paulinia,2025,30.729
ascenty-paulinia,2025,32.585
ascenty-paulinia,2025,26.887
ascenty-paulinia,2025,33.15
ascenty-paulinia,2025,32.285
hostdime-joao-pessoa,2016,31.776
hostdime-joao-pessoa,2016,33.558
hostdime-joao-pessoa,2016,33.726
hostdime-joao-pessoa,2016,31.491
hostdime-joao-pessoa,2016,34.837
hostdime-joao-pessoa,2016,30.533
hostdime-joao-pessoa,2016,29.795
hostdime-joao-pessoa,2016,30.384
hostdime-joao-pessoa,2016,29.807
hostdime-joao-pessoa,2016,30.057
hostdime-joao-pessoa,2016,29.321
hostdime-joao-pessoa,2016,30.47
hostdime-joao-pessoa,2016,29.413
hostdime-joao-pessoa,2016,29.198
hostdime-joao-pessoa,2016,28.017
hostdime-joao-pessoa,2016,28.632
hostdime-joao-pessoa,2016,26.461
hostdime-joao-pessoa,2016,27.931
hostdime-joao-pessoa,2016,28.504
hostdime-joao-pessoa,2016,27.915
hostdime-joao-pessoa,2016,27.945
hostdime-joao-pessoa,2016,27.034
hostdime-joao-pessoa,2016,29.254
hostdime-joao-pessoa,2016,26.875
hostdime-joao-pessoa,2016,27.542
hostdime-joao-pessoa,2016,28.513
hostdime-joao-pessoa,2016,31.129
hostdime-joao-pessoa,2016,29.718
hostdime-joao-pessoa,2016,29.267
hostdime-joao-pessoa,2016,30.73
hostdime-joao-pessoa,2016,30.282
hostdime-joao-pessoa,2016,33.265
hostdime-joao-pessoa,2016,33.253
hostdime-joao-pessoa,2016,32.961
hostdime-joao-pessoa,2016,31.159
hostdime-joao-pessoa,2016,29.537
hostdime-joao-pessoa,2016,28.337
hostdime-joao-pessoa,2016,31.716
hostdime-joao-pessoa,2016,32.473
hostdime-joao-pessoa,2016,34.152
hostdime-joao-pessoa,2016,30.948
hostdime-joao-pessoa,2016,33.502
hostdime-joao-pessoa,2016,29.148
hostdime-joao-pessoa,2016,30.937
hostdime-joao-pessoa,2017,28.592
hostdime-joao-pessoa,2017,33.992
hostdime-joao-pessoa,2017,29.183
hostdime-joao-pessoa,2017,31.522
hostdime-joao-pessoa,2017,31.858
hostdime-joao-pessoa,2017,30.587
hostdime-joao-pessoa,2017,32.174
hostdime-joao-pessoa,2017,24.81
hostdime-joao-pessoa,2017,28.283
hostdime-joao-pessoa,2017,28.406
hostdime-joao-pessoa,2017,28.792
hostdime-joao-pessoa,2017,29.712
hostdime-joao-pessoa,2017,29.432
hostdime-joao-pessoa,2017,28.951
hostdime-joao-pessoa,2017,28.173
hostdime-joao-pessoa,2017,29.971
hostdime-joao-pessoa,2017,30.882
hostdime-joao-pessoa,2017,26.12
hostdime-joao-pessoa,2017,28.168
hostdime-joao-pessoa,2017,26.821
hostdime-joao-pessoa,2017,25.317
hostdime-joao-pessoa,2017,27.043
hostdime-joao-pessoa,2017,17.49
hostdime-joao-pessoa,2017,26.711
hostdime-joao-pessoa,2017,27.027
hostdime-joao-pessoa,2017,26.32
hostdime-joao-pessoa,2017,27.796
hostdime-joao-pessoa,2017,29.809
hostdime-joao-pessoa,2017,27.232
hostdime-joao-pessoa,2017,27.105
hostdime-joao-pessoa,2017,28.399
hostdime-joao-pessoa,2017,29.113
hostdime-joao-pessoa,2017,26.814
hostdime-joao-pessoa,2017,29.99
hostdime-joao-pessoa,2017,30.905
hostdime-joao-pessoa,2017,30.906
hostdime-joao-pessoa,2017,32.911
hostdime-joao-pessoa,2017,31.282
hostdime-joao-pessoa,2017,32.491
hostdime-joao-pessoa,2017,33.701
hostdime-joao-pessoa,2017,29.37
hostdime-joao-pessoa,2017,33.419
hostdime-joao-pessoa,2017,29.43
hostdime-joao-pessoa,2017,29.722
hostdime-joao-pessoa,2017,32.031
hostdime-joao-pessoa,2018,32.534
hostdime-joao-pessoa,2018,30.601
hostdime-joao-pessoa,2018,23.476
hostdime-joao-pessoa,2018,31.333
hostdime-joao-pessoa,2018,30.688
hostdime-joao-pessoa,2018,30.441
hostdime-joao-pessoa,2018,31.009
hostdime-joao-pessoa,2018,31.883
hostdime-joao-pessoa,2018,31.137
hostdime-joao-pessoa,2018,31.217
hostdime-joao-pessoa,2018,31.592
hostdime-joao-pessoa,2018,28.128
hostdime-joao-pessoa,2018,19.232
hostdime-joao-pessoa,2018,30.023
hostdime-joao-pessoa,2018,30.497
hostdime-joao-pessoa,2018,28.496
hostdime-joao-pessoa,2018,27.166
hostdime-joao-pessoa,2018,29.465
hostdime-joao-pessoa,2018,28.358
hostdime-joao-pessoa,2018,28.04
hostdime-joao-pessoa,2018,28.439
hostdime-joao-pessoa,2018,27.473
hostdime-joao-pessoa,2018,25.9
hostdime-joao-pessoa,2018,27.493
hostdime-joao-pessoa,2018,28.26
hostdime-joao-pessoa,2018,27.692
hostdime-joao-pessoa,2018,25.799
hostdime-joao-pessoa,2018,28.167
hostdime-joao-pessoa,2018,28.231
hostdime-joao-pessoa,2018,30.12
hostdime-joao-pessoa,2018,29.253
hostdime-joao-pessoa,2018,31.637
hostdime-joao-pessoa,2018,28.702
hostdime-joao-pessoa,2018,30.447
hostdime-joao-pessoa,2018,33.487
hostdime-joao-pessoa,2018,29.473
hostdime-joao-pessoa,2018,32.488
hostdime-joao-pessoa,2018,33.195
hostdime-joao-pessoa,2018,31.478
hostdime-joao-pessoa,2018,31.781
hostdime-joao-pessoa,2018,31.62
hostdime-joao-pessoa,2018,34.61
hostdime-joao-pessoa,2018,31.878
hostdime-joao-pessoa,2018,32.297
hostdime-joao-pessoa,2018,31.176
hostdime-joao-pessoa,2018,34.068
hostdime-joao-pessoa,2019,32.192
hostdime-joao-pessoa,2019,28.06
hostdime-joao-pessoa,2019,30.847
hostdime-joao-pessoa,2019,28.206
hostdime-joao-pessoa,2019,32.53
hostdime-joao-pessoa,2019,30.196
hostdime-joao-pessoa,2019,22.17
hostdime-joao-pessoa,2019,27.241
hostdime-joao-pessoa,2019,31.012
hostdime-joao-pessoa,2019,30.312
hostdime-joao-pessoa,2019,31.448
hostdime-joao-pessoa,2019,30.926
hostdime-joao-pessoa,2019,31.384
hostdime-joao-pessoa,2019,30.122
hostdime-joao-pessoa,2019,31.299
hostdime-joao-pessoa,2019,28.511
hostdime-joao-pessoa,2019,28.974
hostdime-joao-pessoa,2019,29.47
hostdime-joao-pessoa,2019,29.312
hostdime-joao-pessoa,2019,27.45
hostdime-joao-pessoa,2019,29.482
hostdime-joao-pessoa,2019,28.987
hostdime-joao-pessoa,2019,26.993
hostdime-joao-pessoa,2019,27.736
hostdime-joao-pessoa,2019,27.346
hostdime-joao-pessoa,2019,27.984
hostdime-joao-pessoa,2019,27.561
hostdime-joao-pessoa,2019,27.985
hostdime-joao-pessoa,2019,29.089
hostdime-joao-pessoa,2019,26.306
hostdime-joao-pessoa,2019,30.828
hostdime-joao-pessoa,2019,28.783
hostdime-joao-pessoa,2019,32.281
hostdime-joao-pessoa,2019,31.599
hostdime-joao-pessoa,2019,32.992
hostdime-joao-pessoa,2019,31.023
hostdime-joao-pessoa,2019,33.204
hostdime-joao-pessoa,2019,31.591
hostdime-joao-pessoa,2019,33.9
hostdime-joao-pessoa,2019,33.115
hostdime-joao-pessoa,2019,33.634
hostdime-joao-pessoa,2019,30.846
hostdime-joao-pessoa,2019,29.917
hostdime-joao-pessoa,2019,31.728
hostdime-joao-pessoa,2020,33.887
hostdime-joao-pessoa,2020,32.787
hostdime-joao-pessoa,2020,32.438
hostdime-joao-pessoa,2020,34.344
hostdime-joao-pessoa,2020,32.475
hostdime-joao-pessoa,2020,33.357
hostdime-joao-pessoa,2020,31.176
hostdime-joao-pessoa,2020,33.755
hostdime-joao-pessoa,2020,33.723
hostdime-joao-pessoa,2020,30.981
hostdime-joao-pessoa,2020,28.34
hostdime-joao-pessoa,2020,33.0
hostdime-joao-pessoa,2020,29.021
hostdime-joao-pessoa,2020,29.288
hostdime-joao-pessoa,2020,30.141
hostdime-joao-pessoa,2020,22.99
hostdime-joao-pessoa,2020,27.484
hostdime-joao-pessoa,2020,30.112
hostdime-joao-pessoa,2020,28.158
hostdime-joao-pessoa,2020,29.895
hostdime-joao-pessoa,2020,28.627
hostdime-joao-pessoa,2020,28.404
hostdime-joao-pessoa,2020,29.838
hostdime-joao-pessoa,2020,28.157
hostdime-joao-pessoa,2020,28.172
hostdime-joao-pessoa,2020,27.629
hostdime-joao-pessoa,2020,29.098
hostdime-joao-pessoa,2020,28.832
hostdime-joao-pessoa,2020,30.189
hostdime-joao-pessoa,2020,29.871
hostdime-joao-pessoa,2020,30.478
hostdime-joao-pessoa,2020,32.236
hostdime-joao-pessoa,2020,32.895
hostdime-joao-pessoa,2020,31.082
hostdime-joao-pessoa,2020,31.169
hostdime-joao-pessoa,2020,31.509
hostdime-joao-pessoa,2020,33.44
hostdime-joao-pessoa,2020,30.671
hostdime-joao-pessoa,2020,30.902
hostdime-joao-pessoa,2020,30.342
hostdime-joao-pessoa,2020,26.61
hostdime-joao-pessoa,2020,31.131
hostdime-joao-pessoa,2020,32.063
hostdime-joao-pessoa,2020,29.315
hostdime-joao-pessoa,2021,33.549
hostdime-joao-pessoa,2021,28.792
hostdime-joao-pessoa,2021,30.384
hostdime-joao-pessoa,2021,29.57
hostdime-joao-pessoa,2021,34.321
hostdime-joao-pessoa,2021,29.448
hostdime-joao-pessoa,2021,34.729
hostdime-joao-pessoa,2021,28.291
hostdime-joao-pessoa,2021,32.202
hostdime-joao-pessoa,2021,29.286
hostdime-joao-pessoa,2021,30.758
hostdime-joao-pessoa,2021,31.776
hostdime-joao-pessoa,2021,30.159
hostdime-joao-pessoa,2021,27.743
hostdime-joao-pessoa,2021,26.191
hostdime-joao-pessoa,2021,29.421
hostdime-joao-pessoa,2021,29.308
hostdime-joao-pessoa,2021,30.237
hostdime-joao-pessoa,2021,29.66
hostdime-joao-pessoa,2021,28.047
hostdime-joao-pessoa,2021,28.445
hostdime-joao-pessoa,2021,29.843
hostdime-joao-pessoa,2021,26.613
hostdime-joao-pessoa,2021,27.035
hostdime-joao-pessoa,2021,27.273
hostdime-joao-pessoa,2021,27.874
hostdime-joao-pessoa,2021,26.16
hostdime-joao-pessoa,2021,26.481
hostdime-joao-pessoa,2021,28.474
hostdime-joao-pessoa,2021,28.231
hostdime-joao-pessoa,2021,26.465
hostdime-joao-pessoa,2021,31.467
hostdime-joao-pessoa,2021,32.072
hostdime-joao-pessoa,2021,31.2
hostdime-joao-pessoa,2021,31.221
hostdime-joao-pessoa,2021,31.709
hostdime-joao-pessoa,2021,33.047
hostdime-joao-pessoa,2021,32.782
hostdime-joao-pessoa,2021,27.804
hostdime-joao-pessoa,2021,30.166
hostdime-joao-pessoa,2021,30.749
hostdime-joao-pessoa,2021,32.285
hostdime-joao-pessoa,2021,29.981
hostdime-joao-pessoa,2021,30.739
hostdime-joao-pessoa,2021,30.184
hostdime-joao-pessoa,2022,30.61
hostdime-joao-pessoa,2022,32.424
hostdime-joao-pessoa,2022,31.338
hostdime-joao-pessoa,2022,30.896
hostdime-joao-pessoa,2022,31.624
hostdime-joao-pessoa,2022,31.77
hostdime-joao-pessoa,2022,30.104
hostdime-joao-pessoa,2022,32.239
hostdime-joao-pessoa,2022,28.93
hostdime-joao-pessoa,2022,28.03
hostdime-joao-pessoa,2022,30.804
hostdime-joao-pessoa,2022,31.94
hostdime-joao-pessoa,2022,31.425
hostdime-joao-pessoa,2022,31.23
hostdime-joao-pessoa,2022,27.832
hostdime-joao-pessoa,2022,29.681
hostdime-joao-pessoa,2022,30.906
hostdime-joao-pessoa,2022,19.61
hostdime-joao-pessoa,2022,26.789
hostdime-joao-pessoa,2022,27.81
hostdime-joao-pessoa,2022,28.502
hostdime-joao-pessoa,2022,25.764
hostdime-joao-pessoa,2022,28.198
hostdime-joao-pessoa,2022,24.952
hostdime-joao-pessoa,2022,26.616
hostdime-joao-pessoa,2022,25.898
hostdime-joao-pessoa,2022,29.132
hostdime-joao-pessoa,2022,28.698
hostdime-joao-pessoa,2022,27.373
hostdime-joao-pessoa,2022,29.538
hostdime-joao-pessoa,2022,28.764
hostdime-joao-pessoa,2022,31.437
hostdime-joao-pessoa,2022,31.191
hostdime-joao-pessoa,2022,29.533
hostdime-joao-pessoa,2022,27.954
hostdime-joao-pessoa,2022,32.42
hostdime-joao-pessoa,2022,32.796
hostdime-joao-pessoa,2022,30.736
hostdime-joao-pessoa,2022,30.952
hostdime-joao-pessoa,2022,29.123
hostdime-joao-pessoa,2022,28.732
hostdime-joao-pessoa,2022,32.014
hostdime-joao-pessoa,2022,31.428
hostdime-joao-pessoa,2022,26.839
hostdime-joao-pessoa,2023,29.573
hostdime-joao-pessoa,2023,33.005
hostdime-joao-pessoa,2023,31.031
hostdime-joao-pessoa,2023,31.817
hostdime-joao-pessoa,2023,27.906
hostdime-joao-pessoa,2023,29.632
hostdime-joao-pessoa,2023,30.836
hostdime-joao-pessoa,2023,29.156
hostdime-joao-pessoa,2023,32.599
hostdime-joao-pessoa,2023,27.15
hostdime-joao-pessoa,2023,29.897
hostdime-joao-pessoa,2023,30.458
hostdime-joao-pessoa,2023,24.473
hostdime-joao-pessoa,2023,29.358
hostdime-joao-pessoa,2023,28.583
hostdime-joao-pessoa,2023,27.977
hostdime-joao-pessoa,2023,28.798
hostdime-joao-pessoa,2023,27.486
hostdime-joao-pessoa,2023,28.0
hostdime-joao-pessoa,2023,29.571
hostdime-joao-pessoa,2023,28.661
hostdime-joao-pessoa,2023,24.53
hostdime-joao-pessoa,2023,27.211
hostdime-joao-pessoa,2023,28.869
hostdime-joao-pessoa,2023,26.781
hostdime-joao-pessoa,2023,28.789
hostdime-joao-pessoa,2023,27.154
hostdime-joao-pessoa,2023,26.666
hostdime-joao-pessoa,2023,27.84
hostdime-joao-pessoa,2023,29.516
hostdime-joao-pessoa,2023,28.143
hostdime-joao-pessoa,2023,27.85
hostdime-joao-pessoa,2023,31.416
hostdime-joao-pessoa,2023,31.842
hostdime-joao-pessoa,2023,30.518
hostdime-joao-pessoa,2023,33.497
hostdime-joao-pessoa,2023,32.136
hostdime-joao-pessoa,2023,31.608
hostdime-joao-pessoa,2023,33.241
hostdime-joao-pessoa,2023,31.896
hostdime-joao-pessoa,2023,35.432
hostdime-joao-pessoa,2023,30.727
hostdime-joao-pessoa,2023,30.366
hostdime-joao-pessoa,2023,27.311
hostdime-joao-pessoa,2023,29.944
hostdime-joao-pessoa,2024,31.418
hostdime-joao-pessoa,2024,30.606
hostdime-joao-pessoa,2024,30.689
hostdime-joao-pessoa,2024,31.409
hostdime-joao-pessoa,2024,31.947
hostdime-joao-pessoa,2024,31.609
hostdime-joao-pessoa,2024,28.525
hostdime-joao-pessoa,2024,31.438
hostdime-joao-pessoa,2024,32.756
hostdime-joao-pessoa,2024,30.458
hostdime-joao-pessoa,2024,28.927
hostdime-joao-pessoa,2024,34.539
hostdime-joao-pessoa,2024,28.991
hostdime-joao-pessoa,2024,26.361
hostdime-joao-pessoa,2024,30.527
hostdime-joao-pessoa,2024,29.012
hostdime-joao-pessoa,2024,29.48
hostdime-joao-pessoa,2024,29.271
hostdime-joao-pessoa,2024,28.211
hostdime-joao-pessoa,2024,26.313
hostdime-joao-pessoa,2024,26.588
hostdime-joao-pessoa,2024,27.618
hostdime-joao-pessoa,2024,28.487
hostdime-joao-pessoa,2024,26.542
hostdime-joao-pessoa,2024,23.276
hostdime-joao-pessoa,2024,26.34
hostdime-joao-pessoa,2024,26.423
hostdime-joao-pessoa,2024,26.858
hostdime-joao-pessoa,2024,29.279
hostdime-joao-pessoa,2024,28.393
hostdime-joao-pessoa,2024,27.999
hostdime-joao-pessoa,2024,29.456
hostdime-joao-pessoa,2024,29.413
hostdime-joao-pessoa,2024,27.675
hostdime-joao-pessoa,2024,30.954
hostdime-joao-pessoa,2024,31.939
hostdime-joao-pessoa,2024,28.452
hostdime-joao-pessoa,2024,29.206
hostdime-joao-pessoa,2024,32.108
hostdime-joao-pessoa,2024,30.931
hostdime-joao-pessoa,2024,29.685
hostdime-joao-pessoa,2024,31.108
hostdime-joao-pessoa,2024,30.669
hostdime-joao-pessoa,2024,31.109
hostdime-joao-pessoa,2024,30.591
hostdime-joao-pessoa,2024,30.065
hostdime-joao-pessoa,2025,30.936
hostdime-joao-pessoa,2025,28.714
hostdime-joao-pessoa,2025,31.506
hostdime-joao-pessoa,2025,26.468
hostdime-joao-pessoa,2025,27.81
hostdime-joao-pessoa,2025,28.249
hostdime-joao-pessoa,2025,29.357
hostdime-joao-pessoa,2025,25.538
hostdime-joao-pessoa,2025,28.626
hostdime-joao-pessoa,2025,31.484
hostdime-joao-pessoa,2025,29.022
hostdime-joao-pessoa,2025,29.033
hostdime-joao-pessoa,2025,29.263
hostdime-joao-pessoa,2025,31.228
hostdime-joao-pessoa,2025,28.224
hostdime-joao-pessoa,2025,29.855
hostdime-joao-pessoa,2025,26.966
hostdime-joao-pessoa,2025,25.908
hostdime-joao-pessoa,2025,26.836
hostdime-joao-pessoa,2025,26.433
hostdime-joao-pessoa,2025,26.97
hostdime-joao-pessoa,2025,24.701
hostdime-joao-pessoa,2025,25.763
hostdime-joao-pessoa,2025,26.279
hostdime-joao-pessoa,2025,24.053
hostdime-joao-pessoa,2025,25.852
hostdime-joao-pessoa,2025,26.018
hostdime-joao-pessoa,2025,25.876
hostdime-joao-pessoa,2025,25.819
hostdime-joao-pessoa,2025,23.501
hostdime-joao-pessoa,2025,26.684
hostdime-joao-pessoa,2025,27.771
hostdime-joao-pessoa,2025,28.752
hostdime-joao-pessoa,2025,27.27
hostdime-joao-pessoa,2025,29.33
hostdime-joao-pessoa,2025,26.088
hostdime-joao-pessoa,2025,27.049
hostdime-joao-pessoa,2025,29.745
hostdime-joao-pessoa,2025,28.928
hostdime-joao-pessoa,2025,30.16
hostdime-joao-pessoa,2025,29.937
hostdime-joao-pessoa,2025,28.285
hostdime-joao-pessoa,2025,30.276
hostdime-joao-pessoa,2025,27.62
hostdime-joao-pessoa,2025,28.711
