site_id,ano,sensor,resolucao_m,classe_id,classe_nome,area_m2,area_ha,pct_area_valida,pixels_validos,fator_correcao_sensor,modelo_versao,gerado_em,tipo,pareado_com,tier,precisao_coordenada,faixa_serie
angonap-fortaleza,2013,landsat,30,1,vegetacao_densa,10895400.0,1089.54,10.8824,111244,1.0,rf_v2.0-dw,2026-09-13T15:46:34.240812+00:00,tratamento,,1,exata,landsat_pre2019_nao_corrigido
angonap-fortaleza,2013,landsat,30,2,vegetacao_rala,8644500.0,864.45,8.6342,111244,1.0,rf_v2.0-dw,2026-09-13T15:46:34.240812+00:00,tratamento,,1,exata,landsat_pre2019_nao_corrigido
angonap-fortaleza,2013,landsat,30,3,solo_exposto_obras,5750100.0,575.01,5.7432,111244,1.0,rf_v2.0-dw,2026-09-13T15:46:34.240812+00:00,tratamento,,1,exata,landsat_pre2019_nao_corrigido
angonap-fortaleza,2013,landsat,30,4,construida_urbana,20092500.0,2009.25,20.0685,111244,0.8112,rf_v2.0-dw,2026-09-13T15:46:34.240812+00:00,tratamento,,1,exata,landsat_pre2019_corrigido_sv20
angonap-fortaleza,2013,landsat,30,5,agua,54737100.0,5473.71,54.6717,111244,1.0,rf_v2.0-dw,2026-09-13T15:46:34.240812+00:00,tratamento,,1,exata,landsat_pre2019_nao_corrigido
angonap-fortaleza,2014,landsat,30,1,vegetacao_densa,10488600.0,1048.86,10.4704,111304,1.0,rf_v2.0-dw,2026-09-13T15:46:34.240812+00:00,tratamento,,1,exata,landsat_pre2019_nao_corrigido
angonap-fortaleza,2014,landsat,30,2,vegetacao_rala,9321300.0,932.13,9.3051,111304,1.0,rf_v2.0-dw,2026-09-13T15:46:34.240812+00:00,tratamento,,1,exata,landsat_pre2019_nao_corrigido
angonap-fortaleza,2014,landsat,30,3,solo_exposto_obras,6030000.0,603.0,6.0196,111304,1.0,rf_v2.0-dw,2026-09-13T15:46:34.240812+00:00,tratamento,,1,exata,landsat_pre2019_nao_corrigido
angonap-fortaleza,2014,landsat,30,4,construida_urbana,19612800.0,1961.28,19.5788,111304,0.8112,rf_v2.0-dw,2026-09-13T15:46:34.240812+00:00,tratamento,,1,exata,landsat_pre2019_corrigido_sv20
angonap-fortaleza,2014,landsat,30,5,agua,54720900.0,5472.09,54.6261,111304,1.0,rf_v2.0-dw,2026-09-13T15:46:34.240812+00:00,tratamento,,1,exata,landsat_pre2019_nao_corrigido
angonap-fortaleza,2015,landsat,30,1,vegetacao_densa,10432800.0,1043.28,10.4966,110436,1.0,rf_v2.0-dw,2026-09-13T15:46:34.240812+00:00,tratamento,,1,exata,landsat_pre2019_nao_corrigido
angonap-fortaleza,2015,landsat,30,2,vegetacao_rala,9456300.0,945.63,9.5141,110436,1.0,rf_v2.0-dw,2026-09-13T15:46:34.240812+00:00,tratamento,,1,exata,landsat_pre2019_nao_corrigido
angonap-fortaleza,2015,landsat,30,3,solo_exposto_obras,5035500.0,503.55,5.0663,110436,1.0,rf_v2.0-dw,2026-09-13T15:46:34.240812+00:00,tratamento,,1,exata,landsat_pre2019_nao_corrigido
angonap-fortaleza,2015,landsat,30,4,construida_urbana,19495800.0,1949.58,19.615,110436,0.8112,rf_v2.0-dw,2026-09-13T15:46:34.240812+00:00,tratamento,,1,exata,landsat_pre2019_corrigido_sv20
angonap-fortaleza,2015,landsat,30,5,agua,54972000.0,5497.2,55.3081,110436,1.0,rf_v2.0-dw,2026-09-13T15:46:34.240812+00:00,tratamento,,1,exata,landsat_pre2019_nao_corrigido
angonap-fortaleza,2016,landsat,30,1,vegetacao_densa,9796500.0,979.65,9.7989,111084,1.0,rf_v2.0-dw,2026-09-13T15:46:34.240812+00:00,tratamento,,1,exata,landsat_pre2019_nao_corrigido
angonap-fortaleza,2016,landsat,30,2,vegetacao_rala,9848700.0,984.87,9.8511,111084,1.0,rf_v2.0-dw,2026-09-13T15:46:34.240812+00:00,tratamento,,1,exata,landsat_pre2019_nao_corrigido
angonap-fortaleza,2016,landsat,30,3,solo_exposto_obras,5828400.0,582.84,5.8298,111084,1.0,rf_v2.0-dw,2026-09-13T15:46:34.240812+00:00,tratamento,,1,exata,landsat_pre2019_nao_corrigido
angonap-fortaleza,2016,landsat,30,4,construida_urbana,19936800.0,1993.68,19.9417,111084,0.8112,rf_v2.0-dw,2026-09-13T15:46:34.240812+00:00,tratamento,,1,exata,landsat_pre2019_corrigido_sv20
angonap-fortaleza,2016,landsat,30,5,agua,54565200.0,5456.52,54.5785,111084,1.0,rf_v2.0-dw,2026-09-13T15:46:34.240812+00:00,tratamento,,1,exata,landsat_pre2019_nao_corrigido
angonap-fortaleza,2017,landsat,30,1,vegetacao_densa,10395000.0,1039.5,10.3848,111220,1.0,rf_v2.0-dw,2026-09-13T15:46:34.240812+00:00,tratamento,,1,exata,landsat_pre2019_nao_corrigido
angonap-fortaleza,2017,landsat,30,2,vegetacao_rala,9585000.0,958.5,9.5756,111220,1.0,rf_v2.0-dw,2026-09-13T15:46:34.240812+00:00,tratamento,,1,exata,landsat_pre2019_nao_corrigido
angonap-fortaleza,2017,landsat,30,3,solo_exposto_obras,5530500.0,553.05,5.5251,111220,1.0,rf_v2.0-dw,2026-09-13T15:46:34.240812+00:00,tratamento,,1,exata,landsat_pre2019_nao_corrigido
angonap-fortaleza,2017,landsat,30,4,construida_urbana,20071800.0,2007.18,20.0521,111220,0.8112,rf_v2.0-dw,2026-09-13T15:46:34.240812+00:00,tratamento,,1,exata,landsat_pre2019_corrigido_sv20
angonap-fortaleza,2017,landsat,30,5,agua,54515700.0,5451.57,54.4623,111220,1.0,rf_v2.0-dw,2026-09-13T15:46:34.240812+00:00,tratamento,,1,exata,landsat_pre2019_nao_corrigido
angonap-fortaleza,2018,landsat,30,1,vegetacao_densa,10472400.0,1047.24,10.4548,111298,1.0,rf_v2.0-dw,2026-09-13T15:46:34.240812+00:00,tratamento,,1,exata,landsat_pre2019_nao_corrigido
angonap-fortaleza,2018,landsat,30,2,vegetacao_rala,8626500.0,862.65,8.612,111298,1.0,rf_v2.0-dw,2026-09-13T15:46:34.240812+00:00,tratamento,,1,exata,landsat_pre2019_nao_corrigido
angonap-fortaleza,2018,landsat,30,3,solo_exposto_obras,5182200.0,518.22,5.1735,111298,1.0,rf_v2.0-dw,2026-09-13T15:46:34.240812+00:00,tratamento,,1,exata,landsat_pre2019_nao_corrigido
angonap-fortaleza,2018,landsat,30,4,construida_urbana,21321000.0,2132.1,21.2852,111298,0.8112,rf_v2.0-dw,2026-09-13T15:46:34.240812+00:00,tratamento,,1,exata,landsat_pre2019_corrigido_sv20
angonap-fortaleza,2018,landsat,30,5,agua,54566100.0,5456.61,54.4745,111298,1.0,rf_v2.0-dw,2026-09-13T15:46:34.240812+00:00,tratamento,,1,exata,landsat_pre2019_nao_corrigido
angonap-fortaleza,2019,landsat,30,1,vegetacao_densa,11955600.0,1195.56,11.9276,111372,1.0,rf_v2.0-dw,2026-09-13T15:46:34.240812+00:00,tratamento,,1,exata,landsat_overlap_referencia
angonap-fortaleza,2019,landsat,30,2,vegetacao_rala,8896500.0,889.65,8.8757,111372,1.0,rf_v2.0-dw,2026-09-13T15:46:34.240812+00:00,tratamento,,1,exata,landsat_overlap_referencia
angonap-fortaleza,2019,landsat,30,3,solo_exposto_obras,4679100.0,467.91,4.6681,111372,1.0,rf_v2.0-dw,2026-09-13T15:46:34.240812+00:00,tratamento,,1,exata,landsat_overlap_referencia
angonap-fortaleza,2019,landsat,30,4,construida_urbana,19926000.0,1992.6,19.8793,111372,1.0,rf_v2.0-dw,2026-09-13T15:46:34.240812+00:00,tratamento,,1,exata,landsat_overlap_referencia
angonap-fortaleza,2019,landsat,30,5,agua,54777600.0,5477.76,54.6493,111372,1.0,rf_v2.0-dw,2026-09-13T15:46:34.240812+00:00,tratamento,,1,exata,landsat_overlap_referencia
angonap-fortaleza,2019,sentinel2,10,1,vegetacao_densa,9807500.0,980.75,9.7684,1004004,1.0,rf_v2.0-dw,2026-09-13T15:46:34.240812+00:00,tratamento,,1,exata,sentinel2_oficial_2019_2025
angonap-fortaleza,2019,sentinel2,10,2,vegetacao_rala,5419100.0,541.91,5.3975,1004004,1.0,rf_v2.0-dw,2026-09-13T15:46:34.240812+00:00,tratamento,,1,exata,sentinel2_oficial_2019_2025
angonap-fortaleza,2019,sentinel2,10,3,solo_exposto_obras,4407800.0,440.78,4.3902,1004004,1.0,rf_v2.0-dw,2026-09-13T15:46:34.240812+00:00,tratamento,,1,exata,sentinel2_oficial_2019_2025
angonap-fortaleza,2019,sentinel2,10,4,construida_urbana,26430100.0,2643.01,26.3247,1004004,1.0,rf_v2.0-dw,2026-09-13T15:46:34.240812+00:00,tratamento,,1,exata,sentinel2_oficial_2019_2025
angonap-fortaleza,2019,sentinel2,10,5,agua,54335900.0,5433.59,54.1192,1004004,1.0,rf_v2.0-dw,2026-09-13T15:46:34.240812+00:00,tratamento,,1,exata,sentinel2_oficial_2019_2025
angonap-fortaleza,2020,landsat,30,1,vegetacao_densa,11844000.0,1184.4,11.8269,111272,1.0,rf_v2.0-dw,2026-09-13T15:46:34.240812+00:00,tratamento,,1,exata,landsat_overlap_referencia
angonap-fortaleza,2020,landsat,30,2,vegetacao_rala,8949600.0,894.96,8.9367,111272,1.0,rf_v2.0-dw,2026-09-13T15:46:34.240812+00:00,tratamento,,1,exata,landsat_overlap_referencia
angonap-fortaleza,2020,landsat,30,3,solo_exposto_obras,4679100.0,467.91,4.6723,111272,1.0,rf_v2.0-dw,2026-09-13T15:46:34.240812+00:00,tratamento,,1,exata,landsat_overlap_referencia
angonap-fortaleza,2020,landsat,30,4,construida_urbana,20276100.0,2027.61,20.2468,111272,1.0,rf_v2.0-dw,2026-09-13T15:46:34.240812+00:00,tratamento,,1,exata,landsat_overlap_referencia
angonap-fortaleza,2020,landsat,30,5,agua,54396000.0,5439.6,54.3173,111272,1.0,rf_v2.0-dw,2026-09-13T15:46:34.240812+00:00,tratamento,,1,exata,landsat_overlap_referencia
angonap-fortaleza,2020,sentinel2,10,1,vegetacao_densa,10161900.0,1016.19,10.1214,1004004,1.0,rf_v2.0-dw,2026-09-13T15:46:34.240812+00:00,tratamento,,1,exata,sentinel2_oficial_2019_2025
angonap-fortaleza,2020,sentinel2,10,2,vegetacao_rala,5375300.0,537.53,5.3539,1004004,1.0,rf_v2.0-dw,2026-09-13T15:46:34.240812+00:00,tratamento,,1,exata,sentinel2_oficial_2019_2025
angonap-fortaleza,2020,sentinel2,10,3,solo_exposto_obras,4698200.0,469.82,4.6795,1004004,1.0,rf_v2.0-dw,2026-09-13T15:46:34.240812+00:00,tratamento,,1,exata,sentinel2_oficial_2019_2025
angonap-fortaleza,2020,sentinel2,10,4,construida_urbana,26095200.0,2609.52,25.9911,1004004,1.0,rf_v2.0-dw,2026-09-13T15:46:34.240812+00:00,tratamento,,1,exata,sentinel2_oficial_2019_2025
angonap-fortaleza,2020,sentinel2,10,5,agua,54069800.0,5406.98,53.8542,1004004,1.0,rf_v2.0-dw,2026-09-13T15:46:34.240812+00:00,tratamento,,1,exata,sentinel2_oficial_2019_2025
angonap-fortaleza,2021,landsat,30,1,vegetacao_densa,10617300.0,1061.73,10.6078,111211,1.0,rf_v2.0-dw,2026-09-13T15:46:34.240812+00:00,tratamento,,1,exata,landsat_overlap_referencia
angonap-fortaleza,2021,landsat,30,2,vegetacao_rala,9702000.0,970.2,9.6933,111211,1.0,rf_v2.0-dw,2026-09-13T15:46:34.240812+00:00,tratamento,,1,exata,landsat_overlap_referencia
angonap-fortaleza,2021,landsat,30,3,solo_exposto_obras,5998500.0,599.85,5.9931,111211,1.0,rf_v2.0-dw,2026-09-13T15:46:34.240812+00:00,tratamento,,1,exata,landsat_overlap_referencia
angonap-fortaleza,2021,landsat,30,4,construida_urbana,19703700.0,1970.37,19.686,111211,1.0,rf_v2.0-dw,2026-09-13T15:46:34.240812+00:00,tratamento,,1,exata,landsat_overlap_referencia
angonap-fortaleza,2021,landsat,30,5,agua,54068400.0,5406.84,54.0198,111211,1.0,rf_v2.0-dw,2026-09-13T15:46:34.240812+00:00,tratamento,,1,exata,landsat_overlap_referencia
angonap-fortaleza,2021,sentinel2,10,1,vegetacao_densa,9417400.0,941.74,9.3798,1004004,1.0,rf_v2.0-dw,2026-09-13T15:46:34.240812+00:00,tratamento,,1,exata,sentinel2_oficial_2019_2025
angonap-fortaleza,2021,sentinel2,10,2,vegetacao_rala,5735600.0,573.56,5.7127,1004004,1.0,rf_v2.0-dw,2026-09-13T15:46:34.240812+00:00,tratamento,,1,exata,sentinel2_oficial_2019_2025
angonap-fortaleza,2021,sentinel2,10,3,solo_exposto_obras,5057700.0,505.77,5.0375,1004004,1.0,rf_v2.0-dw,2026-09-13T15:46:34.240812+00:00,tratamento,,1,exata,sentinel2_oficial_2019_2025
angonap-fortaleza,2021,sentinel2,10,4,construida_urbana,26232800.0,2623.28,26.1282,1004004,1.0,rf_v2.0-dw,2026-09-13T15:46:34.240812+00:00,tratamento,,1,exata,sentinel2_oficial_2019_2025
angonap-fortaleza,2021,sentinel2,10,5,agua,53956900.0,5395.69,53.7417,1004004,1.0,rf_v2.0-dw,2026-09-13T15:46:34.240812+00:00,tratamento,,1,exata,sentinel2_oficial_2019_2025
angonap-fortaleza,2022,landsat,30,1,vegetacao_densa,11644200.0,1164.42,11.632,111228,1.0,rf_v2.0-dw,2026-09-13T15:46:34.240812+00:00,tratamento,,1,exata,landsat_pre2019_nao_corrigido
angonap-fortaleza,2022,landsat,30,2,vegetacao_rala,7462800.0,746.28,7.455,111228,1.0,rf_v2.0-dw,2026-09-13T15:46:34.240812+00:00,tratamento,,1,exata,landsat_pre2019_nao_corrigido
angonap-fortaleza,2022,landsat,30,3,solo_exposto_obras,4743900.0,474.39,4.7389,111228,1.0,rf_v2.0-dw,2026-09-13T15:46:34.240812+00:00,tratamento,,1,exata,landsat_pre2019_nao_corrigido
angonap-fortaleza,2022,landsat,30,4,construida_urbana,22134600.0,2213.46,22.1113,111228,0.8112,rf_v2.0-dw,2026-09-13T15:46:34.240812+00:00,tratamento,,1,exata,landsat_pre2019_corrigido_sv20
angonap-fortaleza,2022,landsat,30,5,agua,54119700.0,5411.97,54.0628,111228,1.0,rf_v2.0-dw,2026-09-13T15:46:34.240812+00:00,tratamento,,1,exata,landsat_pre2019_nao_corrigido
angonap-fortaleza,2022,sentinel2,10,1,vegetacao_densa,10124200.0,1012.42,10.0838,1004004,1.0,rf_v2.0-dw,2026-09-13T15:46:34.240812+00:00,tratamento,,1,exata,sentinel2_oficial_2019_2025
angonap-fortaleza,2022,sentinel2,10,2,vegetacao_rala,4891400.0,489.14,4.8719,1004004,1.0,rf_v2.0-dw,2026-09-13T15:46:34.240812+00:00,tratamento,,1,exata,sentinel2_oficial_2019_2025
angonap-fortaleza,2022,sentinel2,10,3,solo_exposto_obras,4340200.0,434.02,4.3229,1004004,1.0,rf_v2.0-dw,2026-09-13T15:46:34.240812+00:00,tratamento,,1,exata,sentinel2_oficial_2019_2025
angonap-fortaleza,2022,sentinel2,10,4,construida_urbana,26794600.0,2679.46,26.6877,1004004,1.0,rf_v2.0-dw,2026-09-13T15:46:34.240812+00:00,tratamento,,1,exata,sentinel2_oficial_2019_2025
angonap-fortaleza,2022,sentinel2,10,5,agua,54250000.0,5425.0,54.0336,1004004,1.0,rf_v2.0-dw,2026-09-13T15:46:34.240812+00:00,tratamento,,1,exata,sentinel2_oficial_2019_2025
angonap-fortaleza,2023,landsat,30,1,vegetacao_densa,11394000.0,1139.4,11.3929,111122,1.0,rf_v2.0-dw,2026-09-13T15:46:34.240812+00:00,tratamento,,1,exata,landsat_pre2019_nao_corrigido
angonap-fortaleza,2023,landsat,30,2,vegetacao_rala,8925300.0,892.53,8.9244,111122,1.0,rf_v2.0-dw,2026-09-13T15:46:34.240812+00:00,tratamento,,1,exata,landsat_pre2019_nao_corrigido
angonap-fortaleza,2023,landsat,30,3,solo_exposto_obras,4886100.0,488.61,4.8856,111122,1.0,rf_v2.0-dw,2026-09-13T15:46:34.240812+00:00,tratamento,,1,exata,landsat_pre2019_nao_corrigido
angonap-fortaleza,2023,landsat,30,4,construida_urbana,20602800.0,2060.28,20.6008,111122,0.8112,rf_v2.0-dw,2026-09-13T15:46:34.240812+00:00,tratamento,,1,exata,landsat_pre2019_corrigido_sv20
angonap-fortaleza,2023,landsat,30,5,agua,54201600.0,5420.16,54.1963,111122,1.0,rf_v2.0-dw,2026-09-13T15:46:34.240812+00:00,tratamento,,1,exata,landsat_pre2019_nao_corrigido
angonap-fortaleza,2023,sentinel2,10,1,vegetacao_densa,9485700.0,948.57,9.4479,1004004,1.0,rf_v2.0-dw,2026-09-13T15:46:34.240812+00:00,tratamento,,1,exata,sentinel2_oficial_2019_2025
angonap-fortaleza,2023,sentinel2,10,2,vegetacao_rala,5738600.0,573.86,5.7157,1004004,1.0,rf_v2.0-dw,2026-09-13T15:46:34.240812+00:00,tratamento,,1,exata,sentinel2_oficial_2019_2025
angonap-fortaleza,2023,sentinel2,10,3,solo_exposto_obras,4466400.0,446.64,4.4486,1004004,1.0,rf_v2.0-dw,2026-09-13T15:46:34.240812+00:00,tratamento,,1,exata,sentinel2_oficial_2019_2025
angonap-fortaleza,2023,sentinel2,10,4,construida_urbana,26727400.0,2672.74,26.6208,1004004,1.0,rf_v2.0-dw,2026-09-13T15:46:34.240812+00:00,tratamento,,1,exata,sentinel2_oficial_2019_2025
angonap-fortaleza,2023,sentinel2,10,5,agua,53982300.0,5398.23,53.767,1004004,1.0,rf_v2.0-dw,2026-09-13T15:46:34.240812+00:00,tratamento,,1,exata,sentinel2_oficial_2019_2025
angonap-fortaleza,2024,sentinel2,10,1,vegetacao_densa,10022800.0,1002.28,9.9828,1004004,1.0,rf_v2.0-dw,2026-09-13T15:46:34.240812+00:00,tratamento,,1,exata,sentinel2_oficial_2019_2025
angonap-fortaleza,2024,sentinel2,10,2,vegetacao_rala,5046100.0,504.61,5.026,1004004,1.0,rf_v2.0-dw,2026-09-13T15:46:34.240812+00:00,tratamento,,1,exata,sentinel2_oficial_2019_2025
angonap-fortaleza,2024,sentinel2,10,3,solo_exposto_obras,4224700.0,422.47,4.2079,1004004,1.0,rf_v2.0-dw,2026-09-13T15:46:34.240812+00:00,tratamento,,1,exata,sentinel2_oficial_2019_2025
angonap-fortaleza,2024,sentinel2,10,4,construida_urbana,26816300.0,2681.63,26.7094,1004004,1.0,rf_v2.0-dw,2026-09-13T15:46:34.240812+00:00,tratamento,,1,exata,sentinel2_oficial_2019_2025
angonap-fortaleza,2024,sentinel2,10,5,agua,54290500.0,5429.05,54.074,1004004,1.0,rf_v2.0-dw,2026-09-13T15:46:34.240812+00:00,tratamento,,1,exata,sentinel2_oficial_2019_2025
angonap-fortaleza,2025,sentinel2,10,1,vegetacao_densa,10943100.0,1094.31,10.8995,1004004,1.0,rf_v2.0-dw,2026-09-13T15:46:34.240812+00:00,tratamento,,1,exata,sentinel2_oficial_2019_2025
angonap-fortaleza,2025,sentinel2,10,2,vegetacao_rala,4502000.0,450.2,4.484,1004004,1.0,rf_v2.0-dw,2026-09-13T15:46:34.240812+00:00,tratamento,,1,exata,sentinel2_oficial_2019_2025
angonap-fortaleza,2025,sentinel2,10,3,solo_exposto_obras,4495300.0,449.53,4.4774,1004004,1.0,rf_v2.0-dw,2026-09-13T15:46:34.240812+00:00,tratamento,,1,exata,sentinel2_oficial_2019_2025
angonap-fortaleza,2025,sentinel2,10,4,construida_urbana,26315600.0,2631.56,26.2107,1004004,1.0,rf_v2.0-dw,2026-09-13T15:46:34.240812+00:00,tratamento,,1,exata,sentinel2_oficial_2019_2025
angonap-fortaleza,2025,sentinel2,10,5,agua,54144400.0,5414.44,53.9285,1004004,1.0,rf_v2.0-dw,2026-09-13T15:46:34.240812+00:00,tratamento,,1,exata,sentinel2_oficial_2019_2025
ascenty-hortolandia,2013,landsat,30,1,vegetacao_densa,30420000.0,3042.0,30.3052,111532,1.0,rf_v2.0-dw,2026-09-13T15:46:34.240812+00:00,tratamento,,1,exata,landsat_pre2019_nao_corrigido
ascenty-hortolandia,2013,landsat,30,2,vegetacao_rala,28341000.0,2834.1,28.234,111532,1.0,rf_v2.0-dw,2026-09-13T15:46:34.240812+00:00,tratamento,,1,exata,landsat_pre2019_nao_corrigido
ascenty-hortolandia,2013,landsat,30,3,solo_exposto_obras,3937500.0,393.75,3.9226,111532,1.0,rf_v2.0-dw,2026-09-13T15:46:34.240812+00:00,tratamento,,1,exata,landsat_pre2019_nao_corrigido
ascenty-hortolandia,2013,landsat,30,4,construida_urbana,35307900.0,3530.79,35.1747,111532,0.6564,rf_v2.0-dw,2026-09-13T15:46:34.240812+00:00,tratamento,,1,exata,landsat_pre2019_corrigido_sv20
ascenty-hortolandia,2013,landsat,30,5,agua,2372400.0,237.24,2.3634,111532,1.0,rf_v2.0-dw,2026-09-13T15:46:34.240812+00:00,tratamento,,1,exata,landsat_pre2019_nao_corrigido
ascenty-hortolandia,2014,landsat,30,1,vegetacao_densa,18018900.0,1801.89,17.9698,111415,1.0,rf_v2.0-dw,2026-09-13T15:46:34.240812+00:00,tratamento,,1,exata,landsat_pre2019_nao_corrigido
ascenty-hortolandia,2014,landsat,30,2,vegetacao_rala,33683400.0,3368.34,33.5915,111415,1.0,rf_v2.0-dw,2026-09-13T15:46:34.240812+00:00,tratamento,,1,exata,landsat_pre2019_nao_corrigido
ascenty-hortolandia,2014,landsat,30,3,solo_exposto_obras,6626700.0,662.67,6.6086,111415,1.0,rf_v2.0-dw,2026-09-13T15:46:34.240812+00:00,tratamento,,1,exata,landsat_pre2019_nao_corrigido
ascenty-hortolandia,2014,landsat,30,4,construida_urbana,40177800.0,4017.78,40.0682,111415,0.6564,rf_v2.0-dw,2026-09-13T15:46:34.240812+00:00,tratamento,,1,exata,landsat_pre2019_corrigido_sv20
ascenty-hortolandia,2014,landsat,30,5,agua,1766700.0,176.67,1.7619,111415,1.0,rf_v2.0-dw,2026-09-13T15:46:34.240812+00:00,tratamento,,1,exata,landsat_pre2019_nao_corrigido
ascenty-hortolandia,2015,landsat,30,1,vegetacao_densa,27818100.0,2781.81,27.7116,111538,1.0,rf_v2.0-dw,2026-09-13T15:46:34.240812+00:00,tratamento,,1,exata,landsat_pre2019_nao_corrigido
ascenty-hortolandia,2015,landsat,30,2,vegetacao_rala,28602000.0,2860.2,28.4925,111538,1.0,rf_v2.0-dw,2026-09-13T15:46:34.240812+00:00,tratamento,,1,exata,landsat_pre2019_nao_corrigido
ascenty-hortolandia,2015,landsat,30,3,solo_exposto_obras,4032900.0,403.29,4.0175,111538,1.0,rf_v2.0-dw,2026-09-13T15:46:34.240812+00:00,tratamento,,1,exata,landsat_pre2019_nao_corrigido
ascenty-hortolandia,2015,landsat,30,4,construida_urbana,37367100.0,3736.71,37.2241,111538,0.6564,rf_v2.0-dw,2026-09-13T15:46:34.240812+00:00,tratamento,,1,exata,landsat_pre2019_corrigido_sv20
ascenty-hortolandia,2015,landsat,30,5,agua,2564100.0,256.41,2.5543,111538,1.0,rf_v2.0-dw,2026-09-13T15:46:34.240812+00:00,tratamento,,1,exata,landsat_pre2019_nao_corrigido
ascenty-hortolandia,2016,landsat,30,1,vegetacao_densa,21025800.0,2102.58,20.9431,111550,1.0,rf_v2.0-dw,2026-09-13T15:46:34.240812+00:00,tratamento,,1,exata,landsat_pre2019_nao_corrigido
ascenty-hortolandia,2016,landsat,30,2,vegetacao_rala,33213600.0,3321.36,33.0829,111550,1.0,rf_v2.0-dw,2026-09-13T15:46:34.240812+00:00,tratamento,,1,exata,landsat_pre2019_nao_corrigido
ascenty-hortolandia,2016,landsat,30,3,solo_exposto_obras,3949200.0,394.92,3.9337,111550,1.0,rf_v2.0-dw,2026-09-13T15:46:34.240812+00:00,tratamento,,1,exata,landsat_pre2019_nao_corrigido
ascenty-hortolandia,2016,landsat,30,4,construida_urbana,39914100.0,3991.41,39.7571,111550,0.6564,rf_v2.0-dw,2026-09-13T15:46:34.240812+00:00,tratamento,,1,exata,landsat_pre2019_corrigido_sv20
ascenty-hortolandia,2016,landsat,30,5,agua,2292300.0,229.23,2.2833,111550,1.0,rf_v2.0-dw,2026-09-13T15:46:34.240812+00:00,tratamento,,1,exata,landsat_pre2019_nao_corrigido
ascenty-hortolandia,2017,landsat,30,1,vegetacao_densa,20313000.0,2031.3,20.232,111556,1.0,rf_v2.0-dw,2026-09-13T15:46:34.240812+00:00,tratamento,,1,exata,landsat_pre2019_nao_corrigido
ascenty-hortolandia,2017,landsat,30,2,vegetacao_rala,32573700.0,3257.37,32.4438,111556,1.0,rf_v2.0-dw,2026-09-13T15:46:34.240812+00:00,tratamento,,1,exata,landsat_pre2019_nao_corrigido
ascenty-hortolandia,2017,landsat,30,3,solo_exposto_obras,4532400.0,453.24,4.5143,111556,1.0,rf_v2.0-dw,2026-09-13T15:46:34.240812+00:00,tratamento,,1,exata,landsat_pre2019_nao_corrigido
ascenty-hortolandia,2017,landsat,30,4,construida_urbana,41577300.0,4157.73,41.4115,111556,0.6564,rf_v2.0-dw,2026-09-13T15:46:34.240812+00:00,tratamento,,1,exata,landsat_pre2019_corrigido_sv20
ascenty-hortolandia,2017,landsat,30,5,agua,1404000.0,140.4,1.3984,111556,1.0,rf_v2.0-dw,2026-09-13T15:46:34.240812+00:00,tratamento,,1,exata,landsat_pre2019_nao_corrigido
ascenty-hortolandia,2018,landsat,30,1,vegetacao_densa,16829100.0,1682.91,16.7624,111553,1.0,rf_v2.0-dw,2026-09-13T15:46:34.240812+00:00,tratamento,,1,exata,landsat_pre2019_nao_corrigido
ascenty-hortolandia,2018,landsat,30,2,vegetacao_rala,36549900.0,3654.99,36.4051,111553,1.0,rf_v2.0-dw,2026-09-13T15:46:34.240812+00:00,tratamento,,1,exata,landsat_pre2019_nao_corrigido
ascenty-hortolandia,2018,landsat,30,3,solo_exposto_obras,4985100.0,498.51,4.9654,111553,1.0,rf_v2.0-dw,2026-09-13T15:46:34.240812+00:00,tratamento,,1,exata,landsat_pre2019_nao_corrigido
ascenty-hortolandia,2018,landsat,30,4,construida_urbana,40090500.0,4009.05,39.9317,111553,0.6564,rf_v2.0-dw,2026-09-13T15:46:34.240812+00:00,tratamento,,1,exata,landsat_pre2019_corrigido_sv20
ascenty-hortolandia,2018,landsat,30,5,agua,1943100.0,194.31,1.9354,111553,1.0,rf_v2.0-dw,2026-09-13T15:46:34.240812+00:00,tratamento,,1,exata,landsat_pre2019_nao_corrigido
ascenty-hortolandia,2019,landsat,30,1,vegetacao_densa,24651900.0,2465.19,24.5553,111548,1.0,rf_v2.0-dw,2026-09-13T15:46:34.240812+00:00,tratamento,,1,exata,landsat_overlap_referencia
ascenty-hortolandia,2019,landsat,30,2,vegetacao_rala,33380100.0,3338.01,33.2494,111548,1.0,rf_v2.0-dw,2026-09-13T15:46:34.240812+00:00,tratamento,,1,exata,landsat_overlap_referencia
ascenty-hortolandia,2019,landsat,30,3,solo_exposto_obras,3923100.0,392.31,3.9077,111548,1.0,rf_v2.0-dw,2026-09-13T15:46:34.240812+00:00,tratamento,,1,exata,landsat_overlap_referencia
ascenty-hortolandia,2019,landsat,30,4,construida_urbana,36313200.0,3631.32,36.171,111548,1.0,rf_v2.0-dw,2026-09-13T15:46:34.240812+00:00,tratamento,,1,exata,landsat_overlap_referencia
ascenty-hortolandia,2019,landsat,30,5,agua,2124900.0,212.49,2.1166,111548,1.0,rf_v2.0-dw,2026-09-13T15:46:34.240812+00:00,tratamento,,1,exata,landsat_overlap_referencia
ascenty-hortolandia,2019,sentinel2,10,1,vegetacao_densa,20953400.0,2095.34,20.8698,1004004,1.0,rf_v2.0-dw,2026-09-13T15:46:34.240812+00:00,tratamento,,1,exata,sentinel2_oficial_2019_2025
ascenty-hortolandia,2019,sentinel2,10,2,vegetacao_rala,30834800.0,3083.48,30.7118,1004004,1.0,rf_v2.0-dw,2026-09-13T15:46:34.240812+00:00,tratamento,,1,exata,sentinel2_oficial_2019_2025
ascenty-hortolandia,2019,sentinel2,10,3,solo_exposto_obras,4347600.0,434.76,4.3303,1004004,1.0,rf_v2.0-dw,2026-09-13T15:46:34.240812+00:00,tratamento,,1,exata,sentinel2_oficial_2019_2025
ascenty-hortolandia,2019,sentinel2,10,4,construida_urbana,43406700.0,4340.67,43.2336,1004004,1.0,rf_v2.0-dw,2026-09-13T15:46:34.240812+00:00,tratamento,,1,exata,sentinel2_oficial_2019_2025
ascenty-hortolandia,2019,sentinel2,10,5,agua,857900.0,85.79,0.8545,1004004,1.0,rf_v2.0-dw,2026-09-13T15:46:34.240812+00:00,tratamento,,1,exata,sentinel2_oficial_2019_2025
ascenty-hortolandia,2020,landsat,30,1,vegetacao_densa,20887200.0,2088.72,20.8041,111555,1.0,rf_v2.0-dw,2026-09-13T15:46:34.240812+00:00,tratamento,,1,exata,landsat_overlap_referencia
ascenty-hortolandia,2020,landsat,30,2,vegetacao_rala,35033400.0,3503.34,34.894,111555,1.0,rf_v2.0-dw,2026-09-13T15:46:34.240812+00:00,tratamento,,1,exata,landsat_overlap_referencia
ascenty-hortolandia,2020,landsat,30,3,solo_exposto_obras,4912200.0,491.22,4.8927,111555,1.0,rf_v2.0-dw,2026-09-13T15:46:34.240812+00:00,tratamento,,1,exata,landsat_overlap_referencia
ascenty-hortolandia,2020,landsat,30,4,construida_urbana,37530000.0,3753.0,37.3807,111555,1.0,rf_v2.0-dw,2026-09-13T15:46:34.240812+00:00,tratamento,,1,exata,landsat_overlap_referencia
ascenty-hortolandia,2020,landsat,30,5,agua,2036700.0,203.67,2.0286,111555,1.0,rf_v2.0-dw,2026-09-13T15:46:34.240812+00:00,tratamento,,1,exata,landsat_overlap_referencia
ascenty-hortolandia,2020,sentinel2,10,1,vegetacao_densa,17522500.0,1752.25,17.4526,1004004,1.0,rf_v2.0-dw,2026-09-13T15:46:34.240812+00:00,tratamento,,1,exata,sentinel2_oficial_2019_2025
ascenty-hortolandia,2020,sentinel2,10,2,vegetacao_rala,32827800.0,3282.78,32.6969,1004004,1.0,rf_v2.0-dw,2026-09-13T15:46:34.240812+00:00,tratamento,,1,exata,sentinel2_oficial_2019_2025
ascenty-hortolandia,2020,sentinel2,10,3,solo_exposto_obras,5680400.0,568.04,5.6577,1004004,1.0,rf_v2.0-dw,2026-09-13T15:46:34.240812+00:00,tratamento,,1,exata,sentinel2_oficial_2019_2025
ascenty-hortolandia,2020,sentinel2,10,4,construida_urbana,43598600.0,4359.86,43.4247,1004004,1.0,rf_v2.0-dw,2026-09-13T15:46:34.240812+00:00,tratamento,,1,exata,sentinel2_oficial_2019_2025
ascenty-hortolandia,2020,sentinel2,10,5,agua,771100.0,77.11,0.768,1004004,1.0,rf_v2.0-dw,2026-09-13T15:46:34.240812+00:00,tratamento,,1,exata,sentinel2_oficial_2019_2025
ascenty-hortolandia,2021,landsat,30,1,vegetacao_densa,16746300.0,1674.63,16.6804,111550,1.0,rf_v2.0-dw,2026-09-13T15:46:34.240812+00:00,tratamento,,1,exata,landsat_overlap_referencia
ascenty-hortolandia,2021,landsat,30,2,vegetacao_rala,34182000.0,3418.2,34.0475,111550,1.0,rf_v2.0-dw,2026-09-13T15:46:34.240812+00:00,tratamento,,1,exata,landsat_overlap_referencia
ascenty-hortolandia,2021,landsat,30,3,solo_exposto_obras,5843700.0,584.37,5.8207,111550,1.0,rf_v2.0-dw,2026-09-13T15:46:34.240812+00:00,tratamento,,1,exata,landsat_overlap_referencia
ascenty-hortolandia,2021,landsat,30,4,construida_urbana,41594400.0,4159.44,41.4307,111550,1.0,rf_v2.0-dw,2026-09-13T15:46:34.240812+00:00,tratamento,,1,exata,landsat_overlap_referencia
ascenty-hortolandia,2021,landsat,30,5,agua,2028600.0,202.86,2.0206,111550,1.0,rf_v2.0-dw,2026-09-13T15:46:34.240812+00:00,tratamento,,1,exata,landsat_overlap_referencia
ascenty-hortolandia,2021,sentinel2,10,1,vegetacao_densa,14410800.0,1441.08,14.3533,1004004,1.0,rf_v2.0-dw,2026-09-13T15:46:34.240812+00:00,tratamento,,1,exata,sentinel2_oficial_2019_2025
ascenty-hortolandia,2021,sentinel2,10,2,vegetacao_rala,33046800.0,3304.68,32.915,1004004,1.0,rf_v2.0-dw,2026-09-13T15:46:34.240812+00:00,tratamento,,1,exata,sentinel2_oficial_2019_2025
ascenty-hortolandia,2021,sentinel2,10,3,solo_exposto_obras,6375500.0,637.55,6.3501,1004004,1.0,rf_v2.0-dw,2026-09-13T15:46:34.240812+00:00,tratamento,,1,exata,sentinel2_oficial_2019_2025
ascenty-hortolandia,2021,sentinel2,10,4,construida_urbana,45895900.0,4589.59,45.7129,1004004,1.0,rf_v2.0-dw,2026-09-13T15:46:34.240812+00:00,tratamento,,1,exata,sentinel2_oficial_2019_2025
ascenty-hortolandia,2021,sentinel2,10,5,agua,671400.0,67.14,0.6687,1004004,1.0,rf_v2.0-dw,2026-09-13T15:46:34.240812+00:00,tratamento,,1,exata,sentinel2_oficial_2019_2025
ascenty-hortolandia,2022,landsat,30,1,vegetacao_densa,16628400.0,1662.84,16.5621,111556,1.0,rf_v2.0-dw,2026-09-13T15:46:34.240812+00:00,tratamento,,1,exata,landsat_pre2019_nao_corrigido
ascenty-hortolandia,2022,landsat,30,2,vegetacao_rala,34910100.0,3491.01,34.7709,111556,1.0,rf_v2.0-dw,2026-09-13T15:46:34.240812+00:00,tratamento,,1,exata,landsat_pre2019_nao_corrigido
ascenty-hortolandia,2022,landsat,30,3,solo_exposto_obras,5228100.0,522.81,5.2073,111556,1.0,rf_v2.0-dw,2026-09-13T15:46:34.240812+00:00,tratamento,,1,exata,landsat_pre2019_nao_corrigido
ascenty-hortolandia,2022,landsat,30,4,construida_urbana,41805000.0,4180.5,41.6383,111556,0.6564,rf_v2.0-dw,2026-09-13T15:46:34.240812+00:00,tratamento,,1,exata,landsat_pre2019_corrigido_sv20
ascenty-hortolandia,2022,landsat,30,5,agua,1828800.0,182.88,1.8215,111556,1.0,rf_v2.0-dw,2026-09-13T15:46:34.240812+00:00,tratamento,,1,exata,landsat_pre2019_nao_corrigido
ascenty-hortolandia,2022,sentinel2,10,1,vegetacao_densa,15552200.0,1555.22,15.4902,1004004,1.0,rf_v2.0-dw,2026-09-13T15:46:34.240812+00:00,tratamento,,1,exata,sentinel2_oficial_2019_2025
ascenty-hortolandia,2022,sentinel2,10,2,vegetacao_rala,30804500.0,3080.45,30.6817,1004004,1.0,rf_v2.0-dw,2026-09-13T15:46:34.240812+00:00,tratamento,,1,exata,sentinel2_oficial_2019_2025
ascenty-hortolandia,2022,sentinel2,10,3,solo_exposto_obras,5266500.0,526.65,5.2455,1004004,1.0,rf_v2.0-dw,2026-09-13T15:46:34.240812+00:00,tratamento,,1,exata,sentinel2_oficial_2019_2025
ascenty-hortolandia,2022,sentinel2,10,4,construida_urbana,48001200.0,4800.12,47.8098,1004004,1.0,rf_v2.0-dw,2026-09-13T15:46:34.240812+00:00,tratamento,,1,exata,sentinel2_oficial_2019_2025
ascenty-hortolandia,2022,sentinel2,10,5,agua,776000.0,77.6,0.7729,1004004,1.0,rf_v2.0-dw,2026-09-13T15:46:34.240812+00:00,tratamento,,1,exata,sentinel2_oficial_2019_2025
ascenty-hortolandia,2023,landsat,30,1,vegetacao_densa,23191200.0,2319.12,23.0987,111556,1.0,rf_v2.0-dw,2026-09-13T15:46:34.240812+00:00,tratamento,,1,exata,landsat_pre2019_nao_corrigido
ascenty-hortolandia,2023,landsat,30,2,vegetacao_rala,33644700.0,3364.47,33.5105,111556,1.0,rf_v2.0-dw,2026-09-13T15:46:34.240812+00:00,tratamento,,1,exata,landsat_pre2019_nao_corrigido
ascenty-hortolandia,2023,landsat,30,3,solo_exposto_obras,3954600.0,395.46,3.9388,111556,1.0,rf_v2.0-dw,2026-09-13T15:46:34.240812+00:00,tratamento,,1,exata,landsat_pre2019_nao_corrigido
ascenty-hortolandia,2023,landsat,30,4,construida_urbana,37483200.0,3748.32,37.3337,111556,0.6564,rf_v2.0-dw,2026-09-13T15:46:34.240812+00:00,tratamento,,1,exata,landsat_pre2019_corrigido_sv20
ascenty-hortolandia,2023,landsat,30,5,agua,2126700.0,212.67,2.1182,111556,1.0,rf_v2.0-dw,2026-09-13T15:46:34.240812+00:00,tratamento,,1,exata,landsat_pre2019_nao_corrigido
ascenty-hortolandia,2023,sentinel2,10,1,vegetacao_densa,19431600.0,1943.16,19.3541,1004004,1.0,rf_v2.0-dw,2026-09-13T15:46:34.240812+00:00,tratamento,,1,exata,sentinel2_oficial_2019_2025
ascenty-hortolandia,2023,sentinel2,10,2,vegetacao_rala,29713000.0,2971.3,29.5945,1004004,1.0,rf_v2.0-dw,2026-09-13T15:46:34.240812+00:00,tratamento,,1,exata,sentinel2_oficial_2019_2025
ascenty-hortolandia,2023,sentinel2,10,3,solo_exposto_obras,3971800.0,397.18,3.956,1004004,1.0,rf_v2.0-dw,2026-09-13T15:46:34.240812+00:00,tratamento,,1,exata,sentinel2_oficial_2019_2025
ascenty-hortolandia,2023,sentinel2,10,4,construida_urbana,46523100.0,4652.31,46.3376,1004004,1.0,rf_v2.0-dw,2026-09-13T15:46:34.240812+00:00,tratamento,,1,exata,sentinel2_oficial_2019_2025
ascenty-hortolandia,2023,sentinel2,10,5,agua,760900.0,76.09,0.7579,1004004,1.0,rf_v2.0-dw,2026-09-13T15:46:34.240812+00:00,tratamento,,1,exata,sentinel2_oficial_2019_2025
ascenty-hortolandia,2024,landsat,30,1,vegetacao_densa,14707800.0,1470.78,14.6493,111555,1.0,rf_v2.0-dw,2026-09-13T15:46:34.240812+00:00,tratamento,,1,exata,landsat_pre2019_nao_corrigido
ascenty-hortolandia,2024,landsat,30,2,vegetacao_rala,35207100.0,3520.71,35.067,111555,1.0,rf_v2.0-dw,2026-09-13T15:46:34.240812+00:00,tratamento,,1,exata,landsat_pre2019_nao_corrigido
ascenty-hortolandia,2024,landsat,30,3,solo_exposto_obras,4788000.0,478.8,4.7689,111555,1.0,rf_v2.0-dw,2026-09-13T15:46:34.240812+00:00,tratamento,,1,exata,landsat_pre2019_nao_corrigido
ascenty-hortolandia,2024,landsat,30,4,construida_urbana,43492500.0,4349.25,43.3194,111555,0.6564,rf_v2.0-dw,2026-09-13T15:46:34.240812+00:00,tratamento,,1,exata,landsat_pre2019_corrigido_sv20
ascenty-hortolandia,2024,landsat,30,5,agua,2204100.0,220.41,2.1953,111555,1.0,rf_v2.0-dw,2026-09-13T15:46:34.240812+00:00,tratamento,,1,exata,landsat_pre2019_nao_corrigido
ascenty-hortolandia,2024,sentinel2,10,1,vegetacao_densa,15291700.0,1529.17,15.2307,1004004,1.0,rf_v2.0-dw,2026-09-13T15:46:34.240812+00:00,tratamento,,1,exata,sentinel2_oficial_2019_2025
ascenty-hortolandia,2024,sentinel2,10,2,vegetacao_rala,30928000.0,3092.8,30.8047,1004004,1.0,rf_v2.0-dw,2026-09-13T15:46:34.240812+00:00,tratamento,,1,exata,sentinel2_oficial_2019_2025
ascenty-hortolandia,2024,sentinel2,10,3,solo_exposto_obras,5654100.0,565.41,5.6316,1004004,1.0,rf_v2.0-dw,2026-09-13T15:46:34.240812+00:00,tratamento,,1,exata,sentinel2_oficial_2019_2025
ascenty-hortolandia,2024,sentinel2,10,4,construida_urbana,47808200.0,4780.82,47.6175,1004004,1.0,rf_v2.0-dw,2026-09-13T15:46:34.240812+00:00,tratamento,,1,exata,sentinel2_oficial_2019_2025
ascenty-hortolandia,2024,sentinel2,10,5,agua,718400.0,71.84,0.7155,1004004,1.0,rf_v2.0-dw,2026-09-13T15:46:34.240812+00:00,tratamento,,1,exata,sentinel2_oficial_2019_2025
ascenty-hortolandia,2025,sentinel2,10,1,vegetacao_densa,14109700.0,1410.97,14.0534,1004004,1.0,rf_v2.0-dw,2026-09-13T15:46:34.240812+00:00,tratamento,,1,exata,sentinel2_oficial_2019_2025
ascenty-hortolandia,2025,sentinel2,10,2,vegetacao_rala,33713900.0,3371.39,33.5794,1004004,1.0,rf_v2.0-dw,2026-09-13T15:46:34.240812+00:00,tratamento,,1,exata,sentinel2_oficial_2019_2025
ascenty-hortolandia,2025,sentinel2,10,3,solo_exposto_obras,5795500.0,579.55,5.7724,1004004,1.0,rf_v2.0-dw,2026-09-13T15:46:34.240812+00:00,tratamento,,1,exata,sentinel2_oficial_2019_2025
ascenty-hortolandia,2025,sentinel2,10,4,construida_urbana,46025500.0,4602.55,45.8419,1004004,1.0,rf_v2.0-dw,2026-09-13T15:46:34.240812+00:00,tratamento,,1,exata,sentinel2_oficial_2019_2025
ascenty-hortolandia,2025,sentinel2,10,5,agua,755800.0,75.58,0.7528,1004004,1.0,rf_v2.0-dw,2026-09-13T15:46:34.240812+00:00,tratamento,,1,exata,sentinel2_oficial_2019_2025
ascenty-jundiai,2013,landsat,30,1,vegetacao_densa,53269200.0,5326.92,53.3514,110940,1.0,rf_v2.0-dw,2026-09-13T15:46:34.240812+00:00,tratamento,,2,exata,landsat_pre2019_nao_corrigido
ascenty-jundiai,2013,landsat,30,2,vegetacao_rala,25521300.0,2552.13,25.5607,110940,1.0,rf_v2.0-dw,2026-09-13T15:46:34.240812+00:00,tratamento,,2,exata,landsat_pre2019_nao_corrigido
ascenty-jundiai,2013,landsat,30,3,solo_exposto_obras,5633100.0,563.31,5.6418,110940,1.0,rf_v2.0-dw,2026-09-13T15:46:34.240812+00:00,tratamento,,2,exata,landsat_pre2019_nao_corrigido
ascenty-jundiai,2013,landsat,30,4,construida_urbana,13156200.0,1315.62,13.1765,110940,0.4359,rf_v2.0-dw,2026-09-13T15:46:34.240812+00:00,tratamento,,2,exata,landsat_pre2019_corrigido_sv20
ascenty-jundiai,2013,landsat,30,5,agua,2266200.0,226.62,2.2697,110940,1.0,rf_v2.0-dw,2026-09-13T15:46:34.240812+00:00,tratamento,,2,exata,landsat_pre2019_nao_corrigido
ascenty-jundiai,2014,landsat,30,1,vegetacao_densa,47978100.0,4797.81,48.3678,110216,1.0,rf_v2.0-dw,2026-09-13T15:46:34.240812+00:00,tratamento,,2,exata,landsat_pre2019_nao_corrigido
ascenty-jundiai,2014,landsat,30,2,vegetacao_rala,29794500.0,2979.45,30.0365,110216,1.0,rf_v2.0-dw,2026-09-13T15:46:34.240812+00:00,tratamento,,2,exata,landsat_pre2019_nao_corrigido
ascenty-jundiai,2014,landsat,30,3,solo_exposto_obras,6831000.0,683.1,6.8865,110216,1.0,rf_v2.0-dw,2026-09-13T15:46:34.240812+00:00,tratamento,,2,exata,landsat_pre2019_nao_corrigido
ascenty-jundiai,2014,landsat,30,4,construida_urbana,12484800.0,1248.48,12.5862,110216,0.4359,rf_v2.0-dw,2026-09-13T15:46:34.240812+00:00,tratamento,,2,exata,landsat_pre2019_corrigido_sv20
ascenty-jundiai,2014,landsat,30,5,agua,2106000.0,210.6,2.1231,110216,1.0,rf_v2.0-dw,2026-09-13T15:46:34.240812+00:00,tratamento,,2,exata,landsat_pre2019_nao_corrigido
ascenty-jundiai,2015,landsat,30,1,vegetacao_densa,46378800.0,4637.88,46.2017,111537,1.0,rf_v2.0-dw,2026-09-13T15:46:34.240812+00:00,tratamento,,2,exata,landsat_pre2019_nao_corrigido
ascenty-jundiai,2015,landsat,30,2,vegetacao_rala,31599000.0,3159.9,31.4783,111537,1.0,rf_v2.0-dw,2026-09-13T15:46:34.240812+00:00,tratamento,,2,exata,landsat_pre2019_nao_corrigido
ascenty-jundiai,2015,landsat,30,3,solo_exposto_obras,6302700.0,630.27,6.2786,111537,1.0,rf_v2.0-dw,2026-09-13T15:46:34.240812+00:00,tratamento,,2,exata,landsat_pre2019_nao_corrigido
ascenty-jundiai,2015,landsat,30,4,construida_urbana,14337000.0,1433.7,14.2823,111537,0.4359,rf_v2.0-dw,2026-09-13T15:46:34.240812+00:00,tratamento,,2,exata,landsat_pre2019_corrigido_sv20
ascenty-jundiai,2015,landsat,30,5,agua,1765800.0,176.58,1.7591,111537,1.0,rf_v2.0-dw,2026-09-13T15:46:34.240812+00:00,tratamento,,2,exata,landsat_pre2019_nao_corrigido
ascenty-jundiai,2016,landsat,30,1,vegetacao_densa,44546400.0,4454.64,44.7397,110631,1.0,rf_v2.0-dw,2026-09-13T15:46:34.240812+00:00,tratamento,,2,exata,landsat_pre2019_nao_corrigido
ascenty-jundiai,2016,landsat,30,2,vegetacao_rala,32327100.0,3232.71,32.4674,110631,1.0,rf_v2.0-dw,2026-09-13T15:46:34.240812+00:00,tratamento,,2,exata,landsat_pre2019_nao_corrigido
ascenty-jundiai,2016,landsat,30,3,solo_exposto_obras,5802300.0,580.23,5.8275,110631,1.0,rf_v2.0-dw,2026-09-13T15:46:34.240812+00:00,tratamento,,2,exata,landsat_pre2019_nao_corrigido
ascenty-jundiai,2016,landsat,30,4,construida_urbana,14913000.0,1491.3,14.9777,110631,0.4359,rf_v2.0-dw,2026-09-13T15:46:34.240812+00:00,tratamento,,2,exata,landsat_pre2019_corrigido_sv20
ascenty-jundiai,2016,landsat,30,5,agua,1979100.0,197.91,1.9877,110631,1.0,rf_v2.0-dw,2026-09-13T15:46:34.240812+00:00,tratamento,,2,exata,landsat_pre2019_nao_corrigido
ascenty-jundiai,2017,landsat,30,1,vegetacao_densa,45000900.0,4500.09,44.8717,111431,1.0,rf_v2.0-dw,2026-09-13T15:46:34.240812+00:00,tratamento,,2,exata,landsat_pre2019_nao_corrigido
ascenty-jundiai,2017,landsat,30,2,vegetacao_rala,32328900.0,3232.89,32.2361,111431,1.0,rf_v2.0-dw,2026-09-13T15:46:34.240812+00:00,tratamento,,2,exata,landsat_pre2019_nao_corrigido
ascenty-jundiai,2017,landsat,30,3,solo_exposto_obras,6251400.0,625.14,6.2335,111431,1.0,rf_v2.0-dw,2026-09-13T15:46:34.240812+00:00,tratamento,,2,exata,landsat_pre2019_nao_corrigido
ascenty-jundiai,2017,landsat,30,4,construida_urbana,15214500.0,1521.45,15.1708,111431,0.4359,rf_v2.0-dw,2026-09-13T15:46:34.240812+00:00,tratamento,,2,exata,landsat_pre2019_corrigido_sv20
ascenty-jundiai,2017,landsat,30,5,agua,1492200.0,149.22,1.4879,111431,1.0,rf_v2.0-dw,2026-09-13T15:46:34.240812+00:00,tratamento,,2,exata,landsat_pre2019_nao_corrigido
ascenty-jundiai,2018,landsat,30,1,vegetacao_densa,41645700.0,4164.57,41.6109,111204,1.0,rf_v2.0-dw,2026-09-13T15:46:34.240812+00:00,tratamento,,2,exata,landsat_pre2019_nao_corrigido
ascenty-jundiai,2018,landsat,30,2,vegetacao_rala,35208000.0,3520.8,35.1786,111204,1.0,rf_v2.0-dw,2026-09-13T15:46:34.240812+00:00,tratamento,,2,exata,landsat_pre2019_nao_corrigido
ascenty-jundiai,2018,landsat,30,3,solo_exposto_obras,6120900.0,612.09,6.1158,111204,1.0,rf_v2.0-dw,2026-09-13T15:46:34.240812+00:00,tratamento,,2,exata,landsat_pre2019_nao_corrigido
ascenty-jundiai,2018,landsat,30,4,construida_urbana,14937300.0,1493.73,14.9248,111204,0.4359,rf_v2.0-dw,2026-09-13T15:46:34.240812+00:00,tratamento,,2,exata,landsat_pre2019_corrigido_sv20
ascenty-jundiai,2018,landsat,30,5,agua,2171700.0,217.17,2.1699,111204,1.0,rf_v2.0-dw,2026-09-13T15:46:34.240812+00:00,tratamento,,2,exata,landsat_pre2019_nao_corrigido
ascenty-jundiai,2019,landsat,30,1,vegetacao_densa,51842700.0,5184.27,51.6827,111455,1.0,rf_v2.0-dw,2026-09-13T15:46:34.240812+00:00,tratamento,,2,exata,landsat_overlap_referencia
ascenty-jundiai,2019,landsat,30,2,vegetacao_rala,27664200.0,2766.42,27.5788,111455,1.0,rf_v2.0-dw,2026-09-13T15:46:34.240812+00:00,tratamento,,2,exata,landsat_overlap_referencia
ascenty-jundiai,2019,landsat,30,3,solo_exposto_obras,4686300.0,468.63,4.6718,111455,1.0,rf_v2.0-dw,2026-09-13T15:46:34.240812+00:00,tratamento,,2,exata,landsat_overlap_referencia
ascenty-jundiai,2019,landsat,30,4,construida_urbana,14356800.0,1435.68,14.3125,111455,1.0,rf_v2.0-dw,2026-09-13T15:46:34.240812+00:00,tratamento,,2,exata,landsat_overlap_referencia
ascenty-jundiai,2019,landsat,30,5,agua,1759500.0,175.95,1.7541,111455,1.0,rf_v2.0-dw,2026-09-13T15:46:34.240812+00:00,tratamento,,2,exata,landsat_overlap_referencia
ascenty-jundiai,2019,sentinel2,10,1,vegetacao_densa,49068100.0,4906.81,48.8724,1004004,1.0,rf_v2.0-dw,2026-09-13T15:46:34.240812+00:00,tratamento,,2,exata,sentinel2_oficial_2019_2025
ascenty-jundiai,2019,sentinel2,10,2,vegetacao_rala,26786100.0,2678.61,26.6793,1004004,1.0,rf_v2.0-dw,2026-09-13T15:46:34.240812+00:00,tratamento,,2,exata,sentinel2_oficial_2019_2025
ascenty-jundiai,2019,sentinel2,10,3,solo_exposto_obras,4117400.0,411.74,4.101,1004004,1.0,rf_v2.0-dw,2026-09-13T15:46:34.240812+00:00,tratamento,,2,exata,sentinel2_oficial_2019_2025
ascenty-jundiai,2019,sentinel2,10,4,construida_urbana,19253600.0,1925.36,19.1768,1004004,1.0,rf_v2.0-dw,2026-09-13T15:46:34.240812+00:00,tratamento,,2,exata,sentinel2_oficial_2019_2025
ascenty-jundiai,2019,sentinel2,10,5,agua,1175200.0,117.52,1.1705,1004004,1.0,rf_v2.0-dw,2026-09-13T15:46:34.240812+00:00,tratamento,,2,exata,sentinel2_oficial_2019_2025
ascenty-jundiai,2020,landsat,30,1,vegetacao_densa,50814900.0,5081.49,50.6622,111446,1.0,rf_v2.0-dw,2026-09-13T15:46:34.240812+00:00,tratamento,,2,exata,landsat_overlap_referencia
ascenty-jundiai,2020,landsat,30,2,vegetacao_rala,28290600.0,2829.06,28.2056,111446,1.0,rf_v2.0-dw,2026-09-13T15:46:34.240812+00:00,tratamento,,2,exata,landsat_overlap_referencia
ascenty-jundiai,2020,landsat,30,3,solo_exposto_obras,4892400.0,489.24,4.8777,111446,1.0,rf_v2.0-dw,2026-09-13T15:46:34.240812+00:00,tratamento,,2,exata,landsat_overlap_referencia
ascenty-jundiai,2020,landsat,30,4,construida_urbana,13672800.0,1367.28,13.6317,111446,1.0,rf_v2.0-dw,2026-09-13T15:46:34.240812+00:00,tratamento,,2,exata,landsat_overlap_referencia
ascenty-jundiai,2020,landsat,30,5,agua,2630700.0,263.07,2.6228,111446,1.0,rf_v2.0-dw,2026-09-13T15:46:34.240812+00:00,tratamento,,2,exata,landsat_overlap_referencia
ascenty-jundiai,2020,sentinel2,10,1,vegetacao_densa,45206500.0,4520.65,45.0262,1004004,1.0,rf_v2.0-dw,2026-09-13T15:46:34.240812+00:00,tratamento,,2,exata,sentinel2_oficial_2019_2025
ascenty-jundiai,2020,sentinel2,10,2,vegetacao_rala,29686400.0,2968.64,29.568,1004004,1.0,rf_v2.0-dw,2026-09-13T15:46:34.240812+00:00,tratamento,,2,exata,sentinel2_oficial_2019_2025
ascenty-jundiai,2020,sentinel2,10,3,solo_exposto_obras,4721300.0,472.13,4.7025,1004004,1.0,rf_v2.0-dw,2026-09-13T15:46:34.240812+00:00,tratamento,,2,exata,sentinel2_oficial_2019_2025
ascenty-jundiai,2020,sentinel2,10,4,construida_urbana,19636300.0,1963.63,19.558,1004004,1.0,rf_v2.0-dw,2026-09-13T15:46:34.240812+00:00,tratamento,,2,exata,sentinel2_oficial_2019_2025
ascenty-jundiai,2020,sentinel2,10,5,agua,1149900.0,114.99,1.1453,1004004,1.0,rf_v2.0-dw,2026-09-13T15:46:34.240812+00:00,tratamento,,2,exata,sentinel2_oficial_2019_2025
ascenty-jundiai,2021,landsat,30,1,vegetacao_densa,43059600.0,4305.96,42.8948,111538,1.0,rf_v2.0-dw,2026-09-13T15:46:34.240812+00:00,tratamento,,2,exata,landsat_overlap_referencia
ascenty-jundiai,2021,landsat,30,2,vegetacao_rala,34310700.0,3431.07,34.1794,111538,1.0,rf_v2.0-dw,2026-09-13T15:46:34.240812+00:00,tratamento,,2,exata,landsat_overlap_referencia
ascenty-jundiai,2021,landsat,30,3,solo_exposto_obras,6222600.0,622.26,6.1988,111538,1.0,rf_v2.0-dw,2026-09-13T15:46:34.240812+00:00,tratamento,,2,exata,landsat_overlap_referencia
ascenty-jundiai,2021,landsat,30,4,construida_urbana,14746500.0,1474.65,14.6901,111538,1.0,rf_v2.0-dw,2026-09-13T15:46:34.240812+00:00,tratamento,,2,exata,landsat_overlap_referencia
ascenty-jundiai,2021,landsat,30,5,agua,2044800.0,204.48,2.037,111538,1.0,rf_v2.0-dw,2026-09-13T15:46:34.240812+00:00,tratamento,,2,exata,landsat_overlap_referencia
ascenty-jundiai,2021,sentinel2,10,1,vegetacao_densa,42999800.0,4299.98,42.8283,1004004,1.0,rf_v2.0-dw,2026-09-13T15:46:34.240812+00:00,tratamento,,2,exata,sentinel2_oficial_2019_2025
ascenty-jundiai,2021,sentinel2,10,2,vegetacao_rala,31166200.0,3116.62,31.0419,1004004,1.0,rf_v2.0-dw,2026-09-13T15:46:34.240812+00:00,tratamento,,2,exata,sentinel2_oficial_2019_2025
ascenty-jundiai,2021,sentinel2,10,3,solo_exposto_obras,5053700.0,505.37,5.0335,1004004,1.0,rf_v2.0-dw,2026-09-13T15:46:34.240812+00:00,tratamento,,2,exata,sentinel2_oficial_2019_2025
ascenty-jundiai,2021,sentinel2,10,4,construida_urbana,20171900.0,2017.19,20.0915,1004004,1.0,rf_v2.0-dw,2026-09-13T15:46:34.240812+00:00,tratamento,,2,exata,sentinel2_oficial_2019_2025
ascenty-jundiai,2021,sentinel2,10,5,agua,1008800.0,100.88,1.0048,1004004,1.0,rf_v2.0-dw,2026-09-13T15:46:34.240812+00:00,tratamento,,2,exata,sentinel2_oficial_2019_2025
ascenty-jundiai,2022,landsat,30,1,vegetacao_densa,47072700.0,4707.27,46.9721,111349,1.0,rf_v2.0-dw,2026-09-13T15:46:34.240812+00:00,tratamento,,2,exata,landsat_pre2019_nao_corrigido
ascenty-jundiai,2022,landsat,30,2,vegetacao_rala,30116700.0,3011.67,30.0524,111349,1.0,rf_v2.0-dw,2026-09-13T15:46:34.240812+00:00,tratamento,,2,exata,landsat_pre2019_nao_corrigido
ascenty-jundiai,2022,landsat,30,3,solo_exposto_obras,4893300.0,489.33,4.8828,111349,1.0,rf_v2.0-dw,2026-09-13T15:46:34.240812+00:00,tratamento,,2,exata,landsat_pre2019_nao_corrigido
ascenty-jundiai,2022,landsat,30,4,construida_urbana,15849900.0,1584.99,15.816,111349,0.4359,rf_v2.0-dw,2026-09-13T15:46:34.240812+00:00,tratamento,,2,exata,landsat_pre2019_corrigido_sv20
ascenty-jundiai,2022,landsat,30,5,agua,2281500.0,228.15,2.2766,111349,1.0,rf_v2.0-dw,2026-09-13T15:46:34.240812+00:00,tratamento,,2,exata,landsat_pre2019_nao_corrigido
ascenty-jundiai,2022,sentinel2,10,1,vegetacao_densa,46260100.0,4626.01,46.0756,1004004,1.0,rf_v2.0-dw,2026-09-13T15:46:34.240812+00:00,tratamento,,2,exata,sentinel2_oficial_2019_2025
ascenty-jundiai,2022,sentinel2,10,2,vegetacao_rala,27581400.0,2758.14,27.4714,1004004,1.0,rf_v2.0-dw,2026-09-13T15:46:34.240812+00:00,tratamento,,2,exata,sentinel2_oficial_2019_2025
ascenty-jundiai,2022,sentinel2,10,3,solo_exposto_obras,4040400.0,404.04,4.0243,1004004,1.0,rf_v2.0-dw,2026-09-13T15:46:34.240812+00:00,tratamento,,2,exata,sentinel2_oficial_2019_2025
ascenty-jundiai,2022,sentinel2,10,4,construida_urbana,21467900.0,2146.79,21.3823,1004004,1.0,rf_v2.0-dw,2026-09-13T15:46:34.240812+00:00,tratamento,,2,exata,sentinel2_oficial_2019_2025
ascenty-jundiai,2022,sentinel2,10,5,agua,1050600.0,105.06,1.0464,1004004,1.0,rf_v2.0-dw,2026-09-13T15:46:34.240812+00:00,tratamento,,2,exata,sentinel2_oficial_2019_2025
ascenty-jundiai,2023,landsat,30,1,vegetacao_densa,52041600.0,5204.16,51.8848,111447,1.0,rf_v2.0-dw,2026-09-13T15:46:34.240812+00:00,tratamento,,2,exata,landsat_pre2019_nao_corrigido
ascenty-jundiai,2023,landsat,30,2,vegetacao_rala,25755300.0,2575.53,25.6777,111447,1.0,rf_v2.0-dw,2026-09-13T15:46:34.240812+00:00,tratamento,,2,exata,landsat_pre2019_nao_corrigido
ascenty-jundiai,2023,landsat,30,3,solo_exposto_obras,4689000.0,468.9,4.6749,111447,1.0,rf_v2.0-dw,2026-09-13T15:46:34.240812+00:00,tratamento,,2,exata,landsat_pre2019_nao_corrigido
ascenty-jundiai,2023,landsat,30,4,construida_urbana,15701400.0,1570.14,15.6541,111447,0.4359,rf_v2.0-dw,2026-09-13T15:46:34.240812+00:00,tratamento,,2,exata,landsat_pre2019_corrigido_sv20
ascenty-jundiai,2023,landsat,30,5,agua,2115000.0,211.5,2.1086,111447,1.0,rf_v2.0-dw,2026-09-13T15:46:34.240812+00:00,tratamento,,2,exata,landsat_pre2019_nao_corrigido
ascenty-jundiai,2023,sentinel2,10,1,vegetacao_densa,48975600.0,4897.56,48.7803,1004004,1.0,rf_v2.0-dw,2026-09-13T15:46:34.240812+00:00,tratamento,,2,exata,sentinel2_oficial_2019_2025
ascenty-jundiai,2023,sentinel2,10,2,vegetacao_rala,24258200.0,2425.82,24.1615,1004004,1.0,rf_v2.0-dw,2026-09-13T15:46:34.240812+00:00,tratamento,,2,exata,sentinel2_oficial_2019_2025
ascenty-jundiai,2023,sentinel2,10,3,solo_exposto_obras,4243800.0,424.38,4.2269,1004004,1.0,rf_v2.0-dw,2026-09-13T15:46:34.240812+00:00,tratamento,,2,exata,sentinel2_oficial_2019_2025
ascenty-jundiai,2023,sentinel2,10,4,construida_urbana,21850400.0,2185.04,21.7633,1004004,1.0,rf_v2.0-dw,2026-09-13T15:46:34.240812+00:00,tratamento,,2,exata,sentinel2_oficial_2019_2025
ascenty-jundiai,2023,sentinel2,10,5,agua,1072400.0,107.24,1.0681,1004004,1.0,rf_v2.0-dw,2026-09-13T15:46:34.240812+00:00,tratamento,,2,exata,sentinel2_oficial_2019_2025
ascenty-jundiai,2024,landsat,30,1,vegetacao_densa,46965600.0,4696.56,46.7812,111549,1.0,rf_v2.0-dw,2026-09-13T15:46:34.240812+00:00,tratamento,,2,exata,landsat_pre2019_nao_corrigido
ascenty-jundiai,2024,landsat,30,2,vegetacao_rala,29374200.0,2937.42,29.2589,111549,1.0,rf_v2.0-dw,2026-09-13T15:46:34.240812+00:00,tratamento,,2,exata,landsat_pre2019_nao_corrigido
ascenty-jundiai,2024,landsat,30,3,solo_exposto_obras,5241600.0,524.16,5.221,111549,1.0,rf_v2.0-dw,2026-09-13T15:46:34.240812+00:00,tratamento,,2,exata,landsat_pre2019_nao_corrigido
ascenty-jundiai,2024,landsat,30,4,construida_urbana,16452000.0,1645.2,16.3874,111549,0.4359,rf_v2.0-dw,2026-09-13T15:46:34.240812+00:00,tratamento,,2,exata,landsat_pre2019_corrigido_sv20
ascenty-jundiai,2024,landsat,30,5,agua,2360700.0,236.07,2.3514,111549,1.0,rf_v2.0-dw,2026-09-13T15:46:34.240812+00:00,tratamento,,2,exata,landsat_pre2019_nao_corrigido
ascenty-jundiai,2024,sentinel2,10,1,vegetacao_densa,47390700.0,4739.07,47.2017,1004004,1.0,rf_v2.0-dw,2026-09-13T15:46:34.240812+00:00,tratamento,,2,exata,sentinel2_oficial_2019_2025
ascenty-jundiai,2024,sentinel2,10,2,vegetacao_rala,26922600.0,2692.26,26.8152,1004004,1.0,rf_v2.0-dw,2026-09-13T15:46:34.240812+00:00,tratamento,,2,exata,sentinel2_oficial_2019_2025
ascenty-jundiai,2024,sentinel2,10,3,solo_exposto_obras,4719600.0,471.96,4.7008,1004004,1.0,rf_v2.0-dw,2026-09-13T15:46:34.240812+00:00,tratamento,,2,exata,sentinel2_oficial_2019_2025
ascenty-jundiai,2024,sentinel2,10,4,construida_urbana,20372300.0,2037.23,20.2911,1004004,1.0,rf_v2.0-dw,2026-09-13T15:46:34.240812+00:00,tratamento,,2,exata,sentinel2_oficial_2019_2025
ascenty-jundiai,2024,sentinel2,10,5,agua,995200.0,99.52,0.9912,1004004,1.0,rf_v2.0-dw,2026-09-13T15:46:34.240812+00:00,tratamento,,2,exata,sentinel2_oficial_2019_2025
ascenty-jundiai,2025,sentinel2,10,1,vegetacao_densa,46817400.0,4681.74,46.6307,1004004,1.0,rf_v2.0-dw,2026-09-13T15:46:34.240812+00:00,tratamento,,2,exata,sentinel2_oficial_2019_2025
ascenty-jundiai,2025,sentinel2,10,2,vegetacao_rala,25374900.0,2537.49,25.2737,1004004,1.0,rf_v2.0-dw,2026-09-13T15:46:34.240812+00:00,tratamento,,2,exata,sentinel2_oficial_2019_2025
ascenty-jundiai,2025,sentinel2,10,3,solo_exposto_obras,5087500.0,508.75,5.0672,1004004,1.0,rf_v2.0-dw,2026-09-13T15:46:34.240812+00:00,tratamento,,2,exata,sentinel2_oficial_2019_2025
ascenty-jundiai,2025,sentinel2,10,4,construida_urbana,22195300.0,2219.53,22.1068,1004004,1.0,rf_v2.0-dw,2026-09-13T15:46:34.240812+00:00,tratamento,,2,exata,sentinel2_oficial_2019_2025
ascenty-jundiai,2025,sentinel2,10,5,agua,925300.0,92.53,0.9216,1004004,1.0,rf_v2.0-dw,2026-09-13T15:46:34.240812+00:00,tratamento,,2,exata,sentinel2_oficial_2019_2025
ascenty-maracanau,2013,landsat,30,1,vegetacao_densa,28539900.0,2853.99,28.3719,111769,1.0,rf_v2.0-dw,2026-09-13T15:46:34.240812+00:00,tratamento,,1,exata,landsat_pre2019_nao_corrigido
ascenty-maracanau,2013,landsat,30,2,vegetacao_rala,29810700.0,2981.07,29.6352,111769,1.0,rf_v2.0-dw,2026-09-13T15:46:34.240812+00:00,tratamento,,1,exata,landsat_pre2019_nao_corrigido
ascenty-maracanau,2013,landsat,30,3,solo_exposto_obras,5020200.0,502.02,4.9907,111769,1.0,rf_v2.0-dw,2026-09-13T15:46:34.240812+00:00,tratamento,,1,exata,landsat_pre2019_nao_corrigido
ascenty-maracanau,2013,landsat,30,4,construida_urbana,34447500.0,3444.75,34.2447,111769,0.9574,rf_v2.0-dw,2026-09-13T15:46:34.240812+00:00,tratamento,,1,exata,landsat_pre2019_corrigido_sv20
ascenty-maracanau,2013,landsat,30,5,agua,2773800.0,277.38,2.7575,111769,1.0,rf_v2.0-dw,2026-09-13T15:46:34.240812+00:00,tratamento,,1,exata,landsat_pre2019_nao_corrigido
ascenty-maracanau,2014,landsat,30,1,vegetacao_densa,29958300.0,2995.83,29.8324,111580,1.0,rf_v2.0-dw,2026-09-13T15:46:34.240812+00:00,tratamento,,1,exata,landsat_pre2019_nao_corrigido
ascenty-maracanau,2014,landsat,30,2,vegetacao_rala,24278400.0,2427.84,24.1764,111580,1.0,rf_v2.0-dw,2026-09-13T15:46:34.240812+00:00,tratamento,,1,exata,landsat_pre2019_nao_corrigido
ascenty-maracanau,2014,landsat,30,3,solo_exposto_obras,4204800.0,420.48,4.1871,111580,1.0,rf_v2.0-dw,2026-09-13T15:46:34.240812+00:00,tratamento,,1,exata,landsat_pre2019_nao_corrigido
ascenty-maracanau,2014,landsat,30,4,construida_urbana,39310200.0,3931.02,39.145,111580,0.9574,rf_v2.0-dw,2026-09-13T15:46:34.240812+00:00,tratamento,,1,exata,landsat_pre2019_corrigido_sv20
ascenty-maracanau,2014,landsat,30,5,agua,2670300.0,267.03,2.6591,111580,1.0,rf_v2.0-dw,2026-09-13T15:46:34.240812+00:00,tratamento,,1,exata,landsat_pre2019_nao_corrigido
ascenty-maracanau,2015,landsat,30,1,vegetacao_densa,22251600.0,2225.16,22.1488,111627,1.0,rf_v2.0-dw,2026-09-13T15:46:34.240812+00:00,tratamento,,1,exata,landsat_pre2019_nao_corrigido
ascenty-maracanau,2015,landsat,30,2,vegetacao_rala,31381200.0,3138.12,31.2362,111627,1.0,rf_v2.0-dw,2026-09-13T15:46:34.240812+00:00,tratamento,,1,exata,landsat_pre2019_nao_corrigido
ascenty-maracanau,2015,landsat,30,3,solo_exposto_obras,4691700.0,469.17,4.67,111627,1.0,rf_v2.0-dw,2026-09-13T15:46:34.240812+00:00,tratamento,,1,exata,landsat_pre2019_nao_corrigido
ascenty-maracanau,2015,landsat,30,4,construida_urbana,38592000.0,3859.2,38.4136,111627,0.9574,rf_v2.0-dw,2026-09-13T15:46:34.240812+00:00,tratamento,,1,exata,landsat_pre2019_corrigido_sv20
ascenty-maracanau,2015,landsat,30,5,agua,3547800.0,354.78,3.5314,111627,1.0,rf_v2.0-dw,2026-09-13T15:46:34.240812+00:00,tratamento,,1,exata,landsat_pre2019_nao_corrigido
ascenty-maracanau,2016,landsat,30,1,vegetacao_densa,16869600.0,1686.96,16.7523,111889,1.0,rf_v2.0-dw,2026-09-13T15:46:34.240812+00:00,tratamento,,1,exata,landsat_pre2019_nao_corrigido
ascenty-maracanau,2016,landsat,30,2,vegetacao_rala,32621400.0,3262.14,32.3946,111889,1.0,rf_v2.0-dw,2026-09-13T15:46:34.240812+00:00,tratamento,,1,exata,landsat_pre2019_nao_corrigido
ascenty-maracanau,2016,landsat,30,3,solo_exposto_obras,5262300.0,526.23,5.2257,111889,1.0,rf_v2.0-dw,2026-09-13T15:46:34.240812+00:00,tratamento,,1,exata,landsat_pre2019_nao_corrigido
ascenty-maracanau,2016,landsat,30,4,construida_urbana,42551100.0,4255.11,42.2553,111889,0.9574,rf_v2.0-dw,2026-09-13T15:46:34.240812+00:00,tratamento,,1,exata,landsat_pre2019_corrigido_sv20
ascenty-maracanau,2016,landsat,30,5,agua,3395700.0,339.57,3.3721,111889,1.0,rf_v2.0-dw,2026-09-13T15:46:34.240812+00:00,tratamento,,1,exata,landsat_pre2019_nao_corrigido
ascenty-maracanau,2017,landsat,30,1,vegetacao_densa,18687600.0,1868.76,18.558,111887,1.0,rf_v2.0-dw,2026-09-13T15:46:34.240812+00:00,tratamento,,1,exata,landsat_pre2019_nao_corrigido
ascenty-maracanau,2017,landsat,30,2,vegetacao_rala,33802200.0,3380.22,33.5678,111887,1.0,rf_v2.0-dw,2026-09-13T15:46:34.240812+00:00,tratamento,,1,exata,landsat_pre2019_nao_corrigido
ascenty-maracanau,2017,landsat,30,3,solo_exposto_obras,5760900.0,576.09,5.721,111887,1.0,rf_v2.0-dw,2026-09-13T15:46:34.240812+00:00,tratamento,,1,exata,landsat_pre2019_nao_corrigido
ascenty-maracanau,2017,landsat,30,4,construida_urbana,39140100.0,3914.01,38.8687,111887,0.9574,rf_v2.0-dw,2026-09-13T15:46:34.240812+00:00,tratamento,,1,exata,landsat_pre2019_corrigido_sv20
ascenty-maracanau,2017,landsat,30,5,agua,3307500.0,330.75,3.2846,111887,1.0,rf_v2.0-dw,2026-09-13T15:46:34.240812+00:00,tratamento,,1,exata,landsat_pre2019_nao_corrigido
ascenty-maracanau,2018,landsat,30,1,vegetacao_densa,26078400.0,2607.84,25.9937,111473,1.0,rf_v2.0-dw,2026-09-13T15:46:34.240812+00:00,tratamento,,1,exata,landsat_pre2019_nao_corrigido
ascenty-maracanau,2018,landsat,30,2,vegetacao_rala,22600800.0,2260.08,22.5274,111473,1.0,rf_v2.0-dw,2026-09-13T15:46:34.240812+00:00,tratamento,,1,exata,landsat_pre2019_nao_corrigido
ascenty-maracanau,2018,landsat,30,3,solo_exposto_obras,4346100.0,434.61,4.332,111473,1.0,rf_v2.0-dw,2026-09-13T15:46:34.240812+00:00,tratamento,,1,exata,landsat_pre2019_nao_corrigido
ascenty-maracanau,2018,landsat,30,4,construida_urbana,44036100.0,4403.61,43.8931,111473,0.9574,rf_v2.0-dw,2026-09-13T15:46:34.240812+00:00,tratamento,,1,exata,landsat_pre2019_corrigido_sv20
ascenty-maracanau,2018,landsat,30,5,agua,3264300.0,326.43,3.2537,111473,1.0,rf_v2.0-dw,2026-09-13T15:46:34.240812+00:00,tratamento,,1,exata,landsat_pre2019_nao_corrigido
ascenty-maracanau,2019,landsat,30,1,vegetacao_densa,27665100.0,2766.51,27.5291,111660,1.0,rf_v2.0-dw,2026-09-13T15:46:34.240812+00:00,tratamento,,1,exata,landsat_overlap_referencia
ascenty-maracanau,2019,landsat,30,2,vegetacao_rala,30227400.0,3022.74,30.0788,111660,1.0,rf_v2.0-dw,2026-09-13T15:46:34.240812+00:00,tratamento,,1,exata,landsat_overlap_referencia
ascenty-maracanau,2019,landsat,30,3,solo_exposto_obras,3941100.0,394.11,3.9217,111660,1.0,rf_v2.0-dw,2026-09-13T15:46:34.240812+00:00,tratamento,,1,exata,landsat_overlap_referencia
ascenty-maracanau,2019,landsat,30,4,construida_urbana,35024400.0,3502.44,34.8522,111660,1.0,rf_v2.0-dw,2026-09-13T15:46:34.240812+00:00,tratamento,,1,exata,landsat_overlap_referencia
ascenty-maracanau,2019,landsat,30,5,agua,3636000.0,363.6,3.6181,111660,1.0,rf_v2.0-dw,2026-09-13T15:46:34.240812+00:00,tratamento,,1,exata,landsat_overlap_referencia
ascenty-maracanau,2019,sentinel2,10,1,vegetacao_densa,19289000.0,1928.9,19.1547,1007010,1.0,rf_v2.0-dw,2026-09-13T15:46:34.240812+00:00,tratamento,,1,exata,sentinel2_oficial_2019_2025
ascenty-maracanau,2019,sentinel2,10,2,vegetacao_rala,17226500.0,1722.65,17.1066,1007010,1.0,rf_v2.0-dw,2026-09-13T15:46:34.240812+00:00,tratamento,,1,exata,sentinel2_oficial_2019_2025
ascenty-maracanau,2019,sentinel2,10,3,solo_exposto_obras,3601200.0,360.12,3.5761,1007010,1.0,rf_v2.0-dw,2026-09-13T15:46:34.240812+00:00,tratamento,,1,exata,sentinel2_oficial_2019_2025
ascenty-maracanau,2019,sentinel2,10,4,construida_urbana,57290500.0,5729.05,56.8917,1007010,1.0,rf_v2.0-dw,2026-09-13T15:46:34.240812+00:00,tratamento,,1,exata,sentinel2_oficial_2019_2025
ascenty-maracanau,2019,sentinel2,10,5,agua,3293800.0,329.38,3.2709,1007010,1.0,rf_v2.0-dw,2026-09-13T15:46:34.240812+00:00,tratamento,,1,exata,sentinel2_oficial_2019_2025
ascenty-maracanau,2020,landsat,30,1,vegetacao_densa,25028100.0,2502.81,24.857,111876,1.0,rf_v2.0-dw,2026-09-13T15:46:34.240812+00:00,tratamento,,1,exata,landsat_overlap_referencia
ascenty-maracanau,2020,landsat,30,2,vegetacao_rala,26688600.0,2668.86,26.5061,111876,1.0,rf_v2.0-dw,2026-09-13T15:46:34.240812+00:00,tratamento,,1,exata,landsat_overlap_referencia
ascenty-maracanau,2020,landsat,30,3,solo_exposto_obras,4569300.0,456.93,4.5381,111876,1.0,rf_v2.0-dw,2026-09-13T15:46:34.240812+00:00,tratamento,,1,exata,landsat_overlap_referencia
ascenty-maracanau,2020,landsat,30,4,construida_urbana,41052600.0,4105.26,40.7719,111876,1.0,rf_v2.0-dw,2026-09-13T15:46:34.240812+00:00,tratamento,,1,exata,landsat_overlap_referencia
ascenty-maracanau,2020,landsat,30,5,agua,3349800.0,334.98,3.3269,111876,1.0,rf_v2.0-dw,2026-09-13T15:46:34.240812+00:00,tratamento,,1,exata,landsat_overlap_referencia
ascenty-maracanau,2020,sentinel2,10,1,vegetacao_densa,15982900.0,1598.29,15.8716,1007010,1.0,rf_v2.0-dw,2026-09-13T15:46:34.240812+00:00,tratamento,,1,exata,sentinel2_oficial_2019_2025
ascenty-maracanau,2020,sentinel2,10,2,vegetacao_rala,18887700.0,1888.77,18.7562,1007010,1.0,rf_v2.0-dw,2026-09-13T15:46:34.240812+00:00,tratamento,,1,exata,sentinel2_oficial_2019_2025
ascenty-maracanau,2020,sentinel2,10,3,solo_exposto_obras,4660900.0,466.09,4.6285,1007010,1.0,rf_v2.0-dw,2026-09-13T15:46:34.240812+00:00,tratamento,,1,exata,sentinel2_oficial_2019_2025
ascenty-maracanau,2020,sentinel2,10,4,construida_urbana,57955800.0,5795.58,57.5524,1007010,1.0,rf_v2.0-dw,2026-09-13T15:46:34.240812+00:00,tratamento,,1,exata,sentinel2_oficial_2019_2025
ascenty-maracanau,2020,sentinel2,10,5,agua,3213700.0,321.37,3.1913,1007010,1.0,rf_v2.0-dw,2026-09-13T15:46:34.240812+00:00,tratamento,,1,exata,sentinel2_oficial_2019_2025
ascenty-maracanau,2021,landsat,30,1,vegetacao_densa,22248000.0,2224.8,22.0953,111879,1.0,rf_v2.0-dw,2026-09-13T15:46:34.240812+00:00,tratamento,,1,exata,landsat_overlap_referencia
ascenty-maracanau,2021,landsat,30,2,vegetacao_rala,27287100.0,2728.71,27.0998,111879,1.0,rf_v2.0-dw,2026-09-13T15:46:34.240812+00:00,tratamento,,1,exata,landsat_overlap_referencia
ascenty-maracanau,2021,landsat,30,3,solo_exposto_obras,6130800.0,613.08,6.0887,111879,1.0,rf_v2.0-dw,2026-09-13T15:46:34.240812+00:00,tratamento,,1,exata,landsat_overlap_referencia
ascenty-maracanau,2021,landsat,30,4,construida_urbana,41856300.0,4185.63,41.569,111879,1.0,rf_v2.0-dw,2026-09-13T15:46:34.240812+00:00,tratamento,,1,exata,landsat_overlap_referencia
ascenty-maracanau,2021,landsat,30,5,agua,3168900.0,316.89,3.1472,111879,1.0,rf_v2.0-dw,2026-09-13T15:46:34.240812+00:00,tratamento,,1,exata,landsat_overlap_referencia
ascenty-maracanau,2021,sentinel2,10,1,vegetacao_densa,15617300.0,1561.73,15.5086,1007009,1.0,rf_v2.0-dw,2026-09-13T15:46:34.240812+00:00,tratamento,,1,exata,sentinel2_oficial_2019_2025
ascenty-maracanau,2021,sentinel2,10,2,vegetacao_rala,18280300.0,1828.03,18.1531,1007009,1.0,rf_v2.0-dw,2026-09-13T15:46:34.240812+00:00,tratamento,,1,exata,sentinel2_oficial_2019_2025
ascenty-maracanau,2021,sentinel2,10,3,solo_exposto_obras,6251900.0,625.19,6.2084,1007009,1.0,rf_v2.0-dw,2026-09-13T15:46:34.240812+00:00,tratamento,,1,exata,sentinel2_oficial_2019_2025
ascenty-maracanau,2021,sentinel2,10,4,construida_urbana,57497700.0,5749.77,57.0975,1007009,1.0,rf_v2.0-dw,2026-09-13T15:46:34.240812+00:00,tratamento,,1,exata,sentinel2_oficial_2019_2025
ascenty-maracanau,2021,sentinel2,10,5,agua,3053700.0,305.37,3.0324,1007009,1.0,rf_v2.0-dw,2026-09-13T15:46:34.240812+00:00,tratamento,,1,exata,sentinel2_oficial_2019_2025
ascenty-maracanau,2022,sentinel2,10,1,vegetacao_densa,17996300.0,1799.63,17.871,1007010,1.0,rf_v2.0-dw,2026-09-13T15:46:34.240812+00:00,tratamento,,1,exata,sentinel2_oficial_2019_2025
ascenty-maracanau,2022,sentinel2,10,2,vegetacao_rala,15713300.0,1571.33,15.6039,1007010,1.0,rf_v2.0-dw,2026-09-13T15:46:34.240812+00:00,tratamento,,1,exata,sentinel2_oficial_2019_2025
ascenty-maracanau,2022,sentinel2,10,3,solo_exposto_obras,4609500.0,460.95,4.5774,1007010,1.0,rf_v2.0-dw,2026-09-13T15:46:34.240812+00:00,tratamento,,1,exata,sentinel2_oficial_2019_2025
ascenty-maracanau,2022,sentinel2,10,4,construida_urbana,59199700.0,5919.97,58.7876,1007010,1.0,rf_v2.0-dw,2026-09-13T15:46:34.240812+00:00,tratamento,,1,exata,sentinel2_oficial_2019_2025
ascenty-maracanau,2022,sentinel2,10,5,agua,3182200.0,318.22,3.16,1007010,1.0,rf_v2.0-dw,2026-09-13T15:46:34.240812+00:00,tratamento,,1,exata,sentinel2_oficial_2019_2025
ascenty-maracanau,2023,sentinel2,10,1,vegetacao_densa,13265300.0,1326.53,13.173,1007010,1.0,rf_v2.0-dw,2026-09-13T15:46:34.240812+00:00,tratamento,,1,exata,sentinel2_oficial_2019_2025
ascenty-maracanau,2023,sentinel2,10,2,vegetacao_rala,21742200.0,2174.22,21.5908,1007010,1.0,rf_v2.0-dw,2026-09-13T15:46:34.240812+00:00,tratamento,,1,exata,sentinel2_oficial_2019_2025
ascenty-maracanau,2023,sentinel2,10,3,solo_exposto_obras,4475400.0,447.54,4.4442,1007010,1.0,rf_v2.0-dw,2026-09-13T15:46:34.240812+00:00,tratamento,,1,exata,sentinel2_oficial_2019_2025
ascenty-maracanau,2023,sentinel2,10,4,construida_urbana,58087600.0,5808.76,57.6832,1007010,1.0,rf_v2.0-dw,2026-09-13T15:46:34.240812+00:00,tratamento,,1,exata,sentinel2_oficial_2019_2025
ascenty-maracanau,2023,sentinel2,10,5,agua,3130500.0,313.05,3.1087,1007010,1.0,rf_v2.0-dw,2026-09-13T15:46:34.240812+00:00,tratamento,,1,exata,sentinel2_oficial_2019_2025
ascenty-maracanau,2024,sentinel2,10,1,vegetacao_densa,18260500.0,1826.05,18.1334,1007010,1.0,rf_v2.0-dw,2026-09-13T15:46:34.240812+00:00,tratamento,,1,exata,sentinel2_oficial_2019_2025
ascenty-maracanau,2024,sentinel2,10,2,vegetacao_rala,15655300.0,1565.53,15.5463,1007010,1.0,rf_v2.0-dw,2026-09-13T15:46:34.240812+00:00,tratamento,,1,exata,sentinel2_oficial_2019_2025
ascenty-maracanau,2024,sentinel2,10,3,solo_exposto_obras,3499800.0,349.98,3.4754,1007010,1.0,rf_v2.0-dw,2026-09-13T15:46:34.240812+00:00,tratamento,,1,exata,sentinel2_oficial_2019_2025
ascenty-maracanau,2024,sentinel2,10,4,construida_urbana,60234800.0,6023.48,59.8155,1007010,1.0,rf_v2.0-dw,2026-09-13T15:46:34.240812+00:00,tratamento,,1,exata,sentinel2_oficial_2019_2025
ascenty-maracanau,2024,sentinel2,10,5,agua,3050600.0,305.06,3.0294,1007010,1.0,rf_v2.0-dw,2026-09-13T15:46:34.240812+00:00,tratamento,,1,exata,sentinel2_oficial_2019_2025
ascenty-maracanau,2025,sentinel2,10,1,vegetacao_densa,16422200.0,1642.22,16.3079,1007010,1.0,rf_v2.0-dw,2026-09-13T15:46:34.240812+00:00,tratamento,,1,exata,sentinel2_oficial_2019_2025
ascenty-maracanau,2025,sentinel2,10,2,vegetacao_rala,18792500.0,1879.25,18.6617,1007010,1.0,rf_v2.0-dw,2026-09-13T15:46:34.240812+00:00,tratamento,,1,exata,sentinel2_oficial_2019_2025
ascenty-maracanau,2025,sentinel2,10,3,solo_exposto_obras,4568900.0,456.89,4.5371,1007010,1.0,rf_v2.0-dw,2026-09-13T15:46:34.240812+00:00,tratamento,,1,exata,sentinel2_oficial_2019_2025
ascenty-maracanau,2025,sentinel2,10,4,construida_urbana,58008500.0,5800.85,57.6047,1007010,1.0,rf_v2.0-dw,2026-09-13T15:46:34.240812+00:00,tratamento,,1,exata,sentinel2_oficial_2019_2025
ascenty-maracanau,2025,sentinel2,10,5,agua,2908900.0,290.89,2.8887,1007010,1.0,rf_v2.0-dw,2026-09-13T15:46:34.240812+00:00,tratamento,,1,exata,sentinel2_oficial_2019_2025
ascenty-osasco,2013,landsat,30,1,vegetacao_densa,31275000.0,3127.5,31.0934,111760,1.0,rf_v2.0-dw,2026-09-13T15:46:34.240812+00:00,tratamento,,1,exata,landsat_pre2019_nao_corrigido
ascenty-osasco,2013,landsat,30,2,vegetacao_rala,5721300.0,572.13,5.6881,111760,1.0,rf_v2.0-dw,2026-09-13T15:46:34.240812+00:00,tratamento,,1,exata,landsat_pre2019_nao_corrigido
ascenty-osasco,2013,landsat,30,3,solo_exposto_obras,5537700.0,553.77,5.5055,111760,1.0,rf_v2.0-dw,2026-09-13T15:46:34.240812+00:00,tratamento,,1,exata,landsat_pre2019_nao_corrigido
ascenty-osasco,2013,landsat,30,4,construida_urbana,51188400.0,5118.84,50.8912,111760,0.8343,rf_v2.0-dw,2026-09-13T15:46:34.240812+00:00,tratamento,,1,exata,landsat_pre2019_corrigido_sv20
ascenty-osasco,2013,landsat,30,5,agua,6861600.0,686.16,6.8218,111760,1.0,rf_v2.0-dw,2026-09-13T15:46:34.240812+00:00,tratamento,,1,exata,landsat_pre2019_nao_corrigido
ascenty-osasco,2014,landsat,30,1,vegetacao_densa,29701800.0,2970.18,29.6557,111284,1.0,rf_v2.0-dw,2026-09-13T15:46:34.240812+00:00,tratamento,,1,exata,landsat_pre2019_nao_corrigido
ascenty-osasco,2014,landsat,30,2,vegetacao_rala,6250500.0,625.05,6.2408,111284,1.0,rf_v2.0-dw,2026-09-13T15:46:34.240812+00:00,tratamento,,1,exata,landsat_pre2019_nao_corrigido
ascenty-osasco,2014,landsat,30,3,solo_exposto_obras,8358300.0,835.83,8.3453,111284,1.0,rf_v2.0-dw,2026-09-13T15:46:34.240812+00:00,tratamento,,1,exata,landsat_pre2019_nao_corrigido
ascenty-osasco,2014,landsat,30,4,construida_urbana,47479500.0,4747.95,47.4057,111284,0.8343,rf_v2.0-dw,2026-09-13T15:46:34.240812+00:00,tratamento,,1,exata,landsat_pre2019_corrigido_sv20
ascenty-osasco,2014,landsat,30,5,agua,8365500.0,836.55,8.3525,111284,1.0,rf_v2.0-dw,2026-09-13T15:46:34.240812+00:00,tratamento,,1,exata,landsat_pre2019_nao_corrigido
ascenty-osasco,2015,landsat,30,1,vegetacao_densa,28152000.0,2815.2,27.9565,111888,1.0,rf_v2.0-dw,2026-09-13T15:46:34.240812+00:00,tratamento,,1,exata,landsat_pre2019_nao_corrigido
ascenty-osasco,2015,landsat,30,2,vegetacao_rala,7020000.0,702.0,6.9713,111888,1.0,rf_v2.0-dw,2026-09-13T15:46:34.240812+00:00,tratamento,,1,exata,landsat_pre2019_nao_corrigido
ascenty-osasco,2015,landsat,30,3,solo_exposto_obras,5170500.0,517.05,5.1346,111888,1.0,rf_v2.0-dw,2026-09-13T15:46:34.240812+00:00,tratamento,,1,exata,landsat_pre2019_nao_corrigido
ascenty-osasco,2015,landsat,30,4,construida_urbana,56069100.0,5606.91,55.6798,111888,0.8343,rf_v2.0-dw,2026-09-13T15:46:34.240812+00:00,tratamento,,1,exata,landsat_pre2019_corrigido_sv20
ascenty-osasco,2015,landsat,30,5,agua,4287600.0,428.76,4.2578,111888,1.0,rf_v2.0-dw,2026-09-13T15:46:34.240812+00:00,tratamento,,1,exata,landsat_pre2019_nao_corrigido
ascenty-osasco,2016,landsat,30,1,vegetacao_densa,28518300.0,2851.83,28.4183,111502,1.0,rf_v2.0-dw,2026-09-13T15:46:34.240812+00:00,tratamento,,1,exata,landsat_pre2019_nao_corrigido
ascenty-osasco,2016,landsat,30,2,vegetacao_rala,7030800.0,703.08,7.0062,111502,1.0,rf_v2.0-dw,2026-09-13T15:46:34.240812+00:00,tratamento,,1,exata,landsat_pre2019_nao_corrigido
ascenty-osasco,2016,landsat,30,3,solo_exposto_obras,5809500.0,580.95,5.7891,111502,1.0,rf_v2.0-dw,2026-09-13T15:46:34.240812+00:00,tratamento,,1,exata,landsat_pre2019_nao_corrigido
ascenty-osasco,2016,landsat,30,4,construida_urbana,51827400.0,5182.74,51.6457,111502,0.8343,rf_v2.0-dw,2026-09-13T15:46:34.240812+00:00,tratamento,,1,exata,landsat_pre2019_corrigido_sv20
ascenty-osasco,2016,landsat,30,5,agua,7165800.0,716.58,7.1407,111502,1.0,rf_v2.0-dw,2026-09-13T15:46:34.240812+00:00,tratamento,,1,exata,landsat_pre2019_nao_corrigido
ascenty-osasco,2017,landsat,30,1,vegetacao_densa,28752300.0,2875.23,28.5532,111886,1.0,rf_v2.0-dw,2026-09-13T15:46:34.240812+00:00,tratamento,,1,exata,landsat_pre2019_nao_corrigido
ascenty-osasco,2017,landsat,30,2,vegetacao_rala,7173900.0,717.39,7.1242,111886,1.0,rf_v2.0-dw,2026-09-13T15:46:34.240812+00:00,tratamento,,1,exata,landsat_pre2019_nao_corrigido
ascenty-osasco,2017,landsat,30,3,solo_exposto_obras,5190300.0,519.03,5.1544,111886,1.0,rf_v2.0-dw,2026-09-13T15:46:34.240812+00:00,tratamento,,1,exata,landsat_pre2019_nao_corrigido
ascenty-osasco,2017,landsat,30,4,construida_urbana,54954000.0,5495.4,54.5734,111886,0.8343,rf_v2.0-dw,2026-09-13T15:46:34.240812+00:00,tratamento,,1,exata,landsat_pre2019_corrigido_sv20
ascenty-osasco,2017,landsat,30,5,agua,4626900.0,462.69,4.5949,111886,1.0,rf_v2.0-dw,2026-09-13T15:46:34.240812+00:00,tratamento,,1,exata,landsat_pre2019_nao_corrigido
ascenty-osasco,2018,landsat,30,1,vegetacao_densa,27846000.0,2784.6,27.6536,111884,1.0,rf_v2.0-dw,2026-09-13T15:46:34.240812+00:00,tratamento,,1,exata,landsat_pre2019_nao_corrigido
ascenty-osasco,2018,landsat,30,2,vegetacao_rala,8600400.0,860.04,8.541,111884,1.0,rf_v2.0-dw,2026-09-13T15:46:34.240812+00:00,tratamento,,1,exata,landsat_pre2019_nao_corrigido
ascenty-osasco,2018,landsat,30,3,solo_exposto_obras,6017400.0,601.74,5.9758,111884,1.0,rf_v2.0-dw,2026-09-13T15:46:34.240812+00:00,tratamento,,1,exata,landsat_pre2019_nao_corrigido
ascenty-osasco,2018,landsat,30,4,construida_urbana,53115300.0,5311.53,52.7484,111884,0.8343,rf_v2.0-dw,2026-09-13T15:46:34.240812+00:00,tratamento,,1,exata,landsat_pre2019_corrigido_sv20
ascenty-osasco,2018,landsat,30,5,agua,5116500.0,511.65,5.0812,111884,1.0,rf_v2.0-dw,2026-09-13T15:46:34.240812+00:00,tratamento,,1,exata,landsat_pre2019_nao_corrigido
ascenty-osasco,2019,landsat,30,1,vegetacao_densa,31736700.0,3173.67,31.5158,111890,1.0,rf_v2.0-dw,2026-09-13T15:46:34.240812+00:00,tratamento,,1,exata,landsat_overlap_referencia
ascenty-osasco,2019,landsat,30,2,vegetacao_rala,5878800.0,587.88,5.8379,111890,1.0,rf_v2.0-dw,2026-09-13T15:46:34.240812+00:00,tratamento,,1,exata,landsat_overlap_referencia
ascenty-osasco,2019,landsat,30,3,solo_exposto_obras,5518800.0,551.88,5.4804,111890,1.0,rf_v2.0-dw,2026-09-13T15:46:34.240812+00:00,tratamento,,1,exata,landsat_overlap_referencia
ascenty-osasco,2019,landsat,30,4,construida_urbana,51464700.0,5146.47,51.1064,111890,1.0,rf_v2.0-dw,2026-09-13T15:46:34.240812+00:00,tratamento,,1,exata,landsat_overlap_referencia
ascenty-osasco,2019,landsat,30,5,agua,6102000.0,610.2,6.0595,111890,1.0,rf_v2.0-dw,2026-09-13T15:46:34.240812+00:00,tratamento,,1,exata,landsat_overlap_referencia
ascenty-osasco,2019,sentinel2,10,1,vegetacao_densa,31084100.0,3108.41,30.8677,1007010,1.0,rf_v2.0-dw,2026-09-13T15:46:34.240812+00:00,tratamento,,1,exata,sentinel2_oficial_2019_2025
ascenty-osasco,2019,sentinel2,10,2,vegetacao_rala,5401800.0,540.18,5.3642,1007010,1.0,rf_v2.0-dw,2026-09-13T15:46:34.240812+00:00,tratamento,,1,exata,sentinel2_oficial_2019_2025
ascenty-osasco,2019,sentinel2,10,3,solo_exposto_obras,5001100.0,500.11,4.9663,1007010,1.0,rf_v2.0-dw,2026-09-13T15:46:34.240812+00:00,tratamento,,1,exata,sentinel2_oficial_2019_2025
ascenty-osasco,2019,sentinel2,10,4,construida_urbana,55651000.0,5565.1,55.2636,1007010,1.0,rf_v2.0-dw,2026-09-13T15:46:34.240812+00:00,tratamento,,1,exata,sentinel2_oficial_2019_2025
ascenty-osasco,2019,sentinel2,10,5,agua,3563000.0,356.3,3.5382,1007010,1.0,rf_v2.0-dw,2026-09-13T15:46:34.240812+00:00,tratamento,,1,exata,sentinel2_oficial_2019_2025
ascenty-osasco,2020,landsat,30,1,vegetacao_densa,29388600.0,2938.86,29.2368,111688,1.0,rf_v2.0-dw,2026-09-13T15:46:34.240812+00:00,tratamento,,1,exata,landsat_overlap_referencia
ascenty-osasco,2020,landsat,30,2,vegetacao_rala,6852600.0,685.26,6.8172,111688,1.0,rf_v2.0-dw,2026-09-13T15:46:34.240812+00:00,tratamento,,1,exata,landsat_overlap_referencia
ascenty-osasco,2020,landsat,30,3,solo_exposto_obras,6976800.0,697.68,6.9408,111688,1.0,rf_v2.0-dw,2026-09-13T15:46:34.240812+00:00,tratamento,,1,exata,landsat_overlap_referencia
ascenty-osasco,2020,landsat,30,4,construida_urbana,48296700.0,4829.67,48.0472,111688,1.0,rf_v2.0-dw,2026-09-13T15:46:34.240812+00:00,tratamento,,1,exata,landsat_overlap_referencia
ascenty-osasco,2020,landsat,30,5,agua,9004500.0,900.45,8.958,111688,1.0,rf_v2.0-dw,2026-09-13T15:46:34.240812+00:00,tratamento,,1,exata,landsat_overlap_referencia
ascenty-osasco,2020,sentinel2,10,1,vegetacao_densa,28675300.0,2867.53,28.4757,1007010,1.0,rf_v2.0-dw,2026-09-13T15:46:34.240812+00:00,tratamento,,1,exata,sentinel2_oficial_2019_2025
ascenty-osasco,2020,sentinel2,10,2,vegetacao_rala,6409300.0,640.93,6.3647,1007010,1.0,rf_v2.0-dw,2026-09-13T15:46:34.240812+00:00,tratamento,,1,exata,sentinel2_oficial_2019_2025
ascenty-osasco,2020,sentinel2,10,3,solo_exposto_obras,5520000.0,552.0,5.4816,1007010,1.0,rf_v2.0-dw,2026-09-13T15:46:34.240812+00:00,tratamento,,1,exata,sentinel2_oficial_2019_2025
ascenty-osasco,2020,sentinel2,10,4,construida_urbana,56912400.0,5691.24,56.5162,1007010,1.0,rf_v2.0-dw,2026-09-13T15:46:34.240812+00:00,tratamento,,1,exata,sentinel2_oficial_2019_2025
ascenty-osasco,2020,sentinel2,10,5,agua,3184000.0,318.4,3.1618,1007010,1.0,rf_v2.0-dw,2026-09-13T15:46:34.240812+00:00,tratamento,,1,exata,sentinel2_oficial_2019_2025
ascenty-osasco,2021,landsat,30,1,vegetacao_densa,27472500.0,2747.25,27.282,111887,1.0,rf_v2.0-dw,2026-09-13T15:46:34.240812+00:00,tratamento,,1,exata,landsat_overlap_referencia
ascenty-osasco,2021,landsat,30,2,vegetacao_rala,6819300.0,681.93,6.772,111887,1.0,rf_v2.0-dw,2026-09-13T15:46:34.240812+00:00,tratamento,,1,exata,landsat_overlap_referencia
ascenty-osasco,2021,landsat,30,3,solo_exposto_obras,6112800.0,611.28,6.0704,111887,1.0,rf_v2.0-dw,2026-09-13T15:46:34.240812+00:00,tratamento,,1,exata,landsat_overlap_referencia
ascenty-osasco,2021,landsat,30,4,construida_urbana,54207000.0,5420.7,53.8311,111887,1.0,rf_v2.0-dw,2026-09-13T15:46:34.240812+00:00,tratamento,,1,exata,landsat_overlap_referencia
ascenty-osasco,2021,landsat,30,5,agua,6086700.0,608.67,6.0445,111887,1.0,rf_v2.0-dw,2026-09-13T15:46:34.240812+00:00,tratamento,,1,exata,landsat_overlap_referencia
ascenty-osasco,2021,sentinel2,10,1,vegetacao_densa,27146100.0,2714.61,26.9571,1007010,1.0,rf_v2.0-dw,2026-09-13T15:46:34.240812+00:00,tratamento,,1,exata,sentinel2_oficial_2019_2025
ascenty-osasco,2021,sentinel2,10,2,vegetacao_rala,6349700.0,634.97,6.3055,1007010,1.0,rf_v2.0-dw,2026-09-13T15:46:34.240812+00:00,tratamento,,1,exata,sentinel2_oficial_2019_2025
ascenty-osasco,2021,sentinel2,10,3,solo_exposto_obras,5944200.0,594.42,5.9028,1007010,1.0,rf_v2.0-dw,2026-09-13T15:46:34.240812+00:00,tratamento,,1,exata,sentinel2_oficial_2019_2025
ascenty-osasco,2021,sentinel2,10,4,construida_urbana,58266400.0,5826.64,57.8608,1007010,1.0,rf_v2.0-dw,2026-09-13T15:46:34.240812+00:00,tratamento,,1,exata,sentinel2_oficial_2019_2025
ascenty-osasco,2021,sentinel2,10,5,agua,2994600.0,299.46,2.9738,1007010,1.0,rf_v2.0-dw,2026-09-13T15:46:34.240812+00:00,tratamento,,1,exata,sentinel2_oficial_2019_2025
ascenty-osasco,2022,landsat,30,1,vegetacao_densa,28991700.0,2899.17,28.8069,111824,1.0,rf_v2.0-dw,2026-09-13T15:46:34.240812+00:00,tratamento,,1,exata,landsat_pre2019_nao_corrigido
ascenty-osasco,2022,landsat,30,2,vegetacao_rala,6396300.0,639.63,6.3555,111824,1.0,rf_v2.0-dw,2026-09-13T15:46:34.240812+00:00,tratamento,,1,exata,landsat_pre2019_nao_corrigido
ascenty-osasco,2022,landsat,30,3,solo_exposto_obras,5688900.0,568.89,5.6526,111824,1.0,rf_v2.0-dw,2026-09-13T15:46:34.240812+00:00,tratamento,,1,exata,landsat_pre2019_nao_corrigido
ascenty-osasco,2022,landsat,30,4,construida_urbana,53315100.0,5331.51,52.9752,111824,0.8343,rf_v2.0-dw,2026-09-13T15:46:34.240812+00:00,tratamento,,1,exata,landsat_pre2019_corrigido_sv20
ascenty-osasco,2022,landsat,30,5,agua,6249600.0,624.96,6.2098,111824,1.0,rf_v2.0-dw,2026-09-13T15:46:34.240812+00:00,tratamento,,1,exata,landsat_pre2019_nao_corrigido
ascenty-osasco,2022,sentinel2,10,1,vegetacao_densa,29142300.0,2914.23,28.9394,1007010,1.0,rf_v2.0-dw,2026-09-13T15:46:34.240812+00:00,tratamento,,1,exata,sentinel2_oficial_2019_2025
ascenty-osasco,2022,sentinel2,10,2,vegetacao_rala,5258800.0,525.88,5.2222,1007010,1.0,rf_v2.0-dw,2026-09-13T15:46:34.240812+00:00,tratamento,,1,exata,sentinel2_oficial_2019_2025
ascenty-osasco,2022,sentinel2,10,3,solo_exposto_obras,5602100.0,560.21,5.5631,1007010,1.0,rf_v2.0-dw,2026-09-13T15:46:34.240812+00:00,tratamento,,1,exata,sentinel2_oficial_2019_2025
ascenty-osasco,2022,sentinel2,10,4,construida_urbana,57211300.0,5721.13,56.813,1007010,1.0,rf_v2.0-dw,2026-09-13T15:46:34.240812+00:00,tratamento,,1,exata,sentinel2_oficial_2019_2025
ascenty-osasco,2022,sentinel2,10,5,agua,3486500.0,348.65,3.4622,1007010,1.0,rf_v2.0-dw,2026-09-13T15:46:34.240812+00:00,tratamento,,1,exata,sentinel2_oficial_2019_2025
ascenty-osasco,2023,landsat,30,1,vegetacao_densa,30311100.0,3031.11,30.1894,111559,1.0,rf_v2.0-dw,2026-09-13T15:46:34.240812+00:00,tratamento,,1,exata,landsat_pre2019_nao_corrigido
ascenty-osasco,2023,landsat,30,2,vegetacao_rala,5928300.0,592.83,5.9045,111559,1.0,rf_v2.0-dw,2026-09-13T15:46:34.240812+00:00,tratamento,,1,exata,landsat_pre2019_nao_corrigido
ascenty-osasco,2023,landsat,30,3,solo_exposto_obras,5908500.0,590.85,5.8848,111559,1.0,rf_v2.0-dw,2026-09-13T15:46:34.240812+00:00,tratamento,,1,exata,landsat_pre2019_nao_corrigido
ascenty-osasco,2023,landsat,30,4,construida_urbana,51262200.0,5126.22,51.0564,111559,0.8343,rf_v2.0-dw,2026-09-13T15:46:34.240812+00:00,tratamento,,1,exata,landsat_pre2019_corrigido_sv20
ascenty-osasco,2023,landsat,30,5,agua,6993000.0,699.3,6.9649,111559,1.0,rf_v2.0-dw,2026-09-13T15:46:34.240812+00:00,tratamento,,1,exata,landsat_pre2019_nao_corrigido
ascenty-osasco,2023,sentinel2,10,1,vegetacao_densa,29137900.0,2913.79,28.9351,1007010,1.0,rf_v2.0-dw,2026-09-13T15:46:34.240812+00:00,tratamento,,1,exata,sentinel2_oficial_2019_2025
ascenty-osasco,2023,sentinel2,10,2,vegetacao_rala,5375100.0,537.51,5.3377,1007010,1.0,rf_v2.0-dw,2026-09-13T15:46:34.240812+00:00,tratamento,,1,exata,sentinel2_oficial_2019_2025
ascenty-osasco,2023,sentinel2,10,3,solo_exposto_obras,4999900.0,499.99,4.9651,1007010,1.0,rf_v2.0-dw,2026-09-13T15:46:34.240812+00:00,tratamento,,1,exata,sentinel2_oficial_2019_2025
ascenty-osasco,2023,sentinel2,10,4,construida_urbana,57061700.0,5706.17,56.6645,1007010,1.0,rf_v2.0-dw,2026-09-13T15:46:34.240812+00:00,tratamento,,1,exata,sentinel2_oficial_2019_2025
ascenty-osasco,2023,sentinel2,10,5,agua,4126400.0,412.64,4.0977,1007010,1.0,rf_v2.0-dw,2026-09-13T15:46:34.240812+00:00,tratamento,,1,exata,sentinel2_oficial_2019_2025
ascenty-osasco,2024,landsat,30,1,vegetacao_densa,29209500.0,2920.95,29.0088,111880,1.0,rf_v2.0-dw,2026-09-13T15:46:34.240812+00:00,tratamento,,1,exata,landsat_pre2019_nao_corrigido
ascenty-osasco,2024,landsat,30,2,vegetacao_rala,6214500.0,621.45,6.1718,111880,1.0,rf_v2.0-dw,2026-09-13T15:46:34.240812+00:00,tratamento,,1,exata,landsat_pre2019_nao_corrigido
ascenty-osasco,2024,landsat,30,3,solo_exposto_obras,6775200.0,677.52,6.7286,111880,1.0,rf_v2.0-dw,2026-09-13T15:46:34.240812+00:00,tratamento,,1,exata,landsat_pre2019_nao_corrigido
ascenty-osasco,2024,landsat,30,4,construida_urbana,51258600.0,5125.86,50.9063,111880,0.8343,rf_v2.0-dw,2026-09-13T15:46:34.240812+00:00,tratamento,,1,exata,landsat_pre2019_corrigido_sv20
ascenty-osasco,2024,landsat,30,5,agua,7234200.0,723.42,7.1845,111880,1.0,rf_v2.0-dw,2026-09-13T15:46:34.240812+00:00,tratamento,,1,exata,landsat_pre2019_nao_corrigido
ascenty-osasco,2024,sentinel2,10,1,vegetacao_densa,28553300.0,2855.33,28.3545,1007010,1.0,rf_v2.0-dw,2026-09-13T15:46:34.240812+00:00,tratamento,,1,exata,sentinel2_oficial_2019_2025
ascenty-osasco,2024,sentinel2,10,2,vegetacao_rala,5964800.0,596.48,5.9233,1007010,1.0,rf_v2.0-dw,2026-09-13T15:46:34.240812+00:00,tratamento,,1,exata,sentinel2_oficial_2019_2025
ascenty-osasco,2024,sentinel2,10,3,solo_exposto_obras,5336100.0,533.61,5.299,1007010,1.0,rf_v2.0-dw,2026-09-13T15:46:34.240812+00:00,tratamento,,1,exata,sentinel2_oficial_2019_2025
ascenty-osasco,2024,sentinel2,10,4,construida_urbana,57570600.0,5757.06,57.1698,1007010,1.0,rf_v2.0-dw,2026-09-13T15:46:34.240812+00:00,tratamento,,1,exata,sentinel2_oficial_2019_2025
ascenty-osasco,2024,sentinel2,10,5,agua,3276200.0,327.62,3.2534,1007010,1.0,rf_v2.0-dw,2026-09-13T15:46:34.240812+00:00,tratamento,,1,exata,sentinel2_oficial_2019_2025
ascenty-osasco,2025,sentinel2,10,1,vegetacao_densa,29891400.0,2989.14,29.6833,1007010,1.0,rf_v2.0-dw,2026-09-13T15:46:34.240812+00:00,tratamento,,1,exata,sentinel2_oficial_2019_2025
ascenty-osasco,2025,sentinel2,10,2,vegetacao_rala,4653900.0,465.39,4.6215,1007010,1.0,rf_v2.0-dw,2026-09-13T15:46:34.240812+00:00,tratamento,,1,exata,sentinel2_oficial_2019_2025
ascenty-osasco,2025,sentinel2,10,3,solo_exposto_obras,5246700.0,524.67,5.2102,1007010,1.0,rf_v2.0-dw,2026-09-13T15:46:34.240812+00:00,tratamento,,1,exata,sentinel2_oficial_2019_2025
ascenty-osasco,2025,sentinel2,10,4,construida_urbana,57380500.0,5738.05,56.9811,1007010,1.0,rf_v2.0-dw,2026-09-13T15:46:34.240812+00:00,tratamento,,1,exata,sentinel2_oficial_2019_2025
ascenty-osasco,2025,sentinel2,10,5,agua,3528500.0,352.85,3.5039,1007010,1.0,rf_v2.0-dw,2026-09-13T15:46:34.240812+00:00,tratamento,,1,exata,sentinel2_oficial_2019_2025
ascenty-paulinia,2013,landsat,30,1,vegetacao_densa,41335200.0,4133.52,41.1704,111556,1.0,rf_v2.0-dw,2026-09-13T15:46:34.240812+00:00,tratamento,,2,aproximada,landsat_pre2019_nao_corrigido
ascenty-paulinia,2013,landsat,30,2,vegetacao_rala,27461700.0,2746.17,27.3522,111556,1.0,rf_v2.0-dw,2026-09-13T15:46:34.240812+00:00,tratamento,,2,aproximada,landsat_pre2019_nao_corrigido
ascenty-paulinia,2013,landsat,30,3,solo_exposto_obras,4226400.0,422.64,4.2095,111556,1.0,rf_v2.0-dw,2026-09-13T15:46:34.240812+00:00,tratamento,,2,aproximada,landsat_pre2019_nao_corrigido
ascenty-paulinia,2013,landsat,30,4,construida_urbana,22918500.0,2291.85,22.8271,111556,0.5029,rf_v2.0-dw,2026-09-13T15:46:34.240812+00:00,tratamento,,2,aproximada,landsat_pre2019_corrigido_sv20
ascenty-paulinia,2013,landsat,30,5,agua,4458600.0,445.86,4.4408,111556,1.0,rf_v2.0-dw,2026-09-13T15:46:34.240812+00:00,tratamento,,2,aproximada,landsat_pre2019_nao_corrigido
ascenty-paulinia,2014,landsat,30,1,vegetacao_densa,29616300.0,2961.63,29.4982,111556,1.0,rf_v2.0-dw,2026-09-13T15:46:34.240812+00:00,tratamento,,2,aproximada,landsat_pre2019_nao_corrigido
ascenty-paulinia,2014,landsat,30,2,vegetacao_rala,33228900.0,3322.89,33.0964,111556,1.0,rf_v2.0-dw,2026-09-13T15:46:34.240812+00:00,tratamento,,2,aproximada,landsat_pre2019_nao_corrigido
ascenty-paulinia,2014,landsat,30,3,solo_exposto_obras,5300100.0,530.01,5.279,111556,1.0,rf_v2.0-dw,2026-09-13T15:46:34.240812+00:00,tratamento,,2,aproximada,landsat_pre2019_nao_corrigido
ascenty-paulinia,2014,landsat,30,4,construida_urbana,28796400.0,2879.64,28.6816,111556,0.5029,rf_v2.0-dw,2026-09-13T15:46:34.240812+00:00,tratamento,,2,aproximada,landsat_pre2019_corrigido_sv20
ascenty-paulinia,2014,landsat,30,5,agua,3458700.0,345.87,3.4449,111556,1.0,rf_v2.0-dw,2026-09-13T15:46:34.240812+00:00,tratamento,,2,aproximada,landsat_pre2019_nao_corrigido
ascenty-paulinia,2015,landsat,30,1,vegetacao_densa,37198800.0,3719.88,37.0504,111556,1.0,rf_v2.0-dw,2026-09-13T15:46:34.240812+00:00,tratamento,,2,aproximada,landsat_pre2019_nao_corrigido
ascenty-paulinia,2015,landsat,30,2,vegetacao_rala,29656800.0,2965.68,29.5385,111556,1.0,rf_v2.0-dw,2026-09-13T15:46:34.240812+00:00,tratamento,,2,aproximada,landsat_pre2019_nao_corrigido
ascenty-paulinia,2015,landsat,30,3,solo_exposto_obras,3687300.0,368.73,3.6726,111556,1.0,rf_v2.0-dw,2026-09-13T15:46:34.240812+00:00,tratamento,,2,aproximada,landsat_pre2019_nao_corrigido
ascenty-paulinia,2015,landsat,30,4,construida_urbana,25635600.0,2563.56,25.5334,111556,0.5029,rf_v2.0-dw,2026-09-13T15:46:34.240812+00:00,tratamento,,2,aproximada,landsat_pre2019_corrigido_sv20
ascenty-paulinia,2015,landsat,30,5,agua,4221900.0,422.19,4.2051,111556,1.0,rf_v2.0-dw,2026-09-13T15:46:34.240812+00:00,tratamento,,2,aproximada,landsat_pre2019_nao_corrigido
ascenty-paulinia,2016,landsat,30,1,vegetacao_densa,29536200.0,2953.62,29.4184,111556,1.0,rf_v2.0-dw,2026-09-13T15:46:34.240812+00:00,tratamento,,2,aproximada,landsat_pre2019_nao_corrigido
ascenty-paulinia,2016,landsat,30,2,vegetacao_rala,32468400.0,3246.84,32.3389,111556,1.0,rf_v2.0-dw,2026-09-13T15:46:34.240812+00:00,tratamento,,2,aproximada,landsat_pre2019_nao_corrigido
ascenty-paulinia,2016,landsat,30,3,solo_exposto_obras,4066200.0,406.62,4.05,111556,1.0,rf_v2.0-dw,2026-09-13T15:46:34.240812+00:00,tratamento,,2,aproximada,landsat_pre2019_nao_corrigido
ascenty-paulinia,2016,landsat,30,4,construida_urbana,29982600.0,2998.26,29.863,111556,0.5029,rf_v2.0-dw,2026-09-13T15:46:34.240812+00:00,tratamento,,2,aproximada,landsat_pre2019_corrigido_sv20
ascenty-paulinia,2016,landsat,30,5,agua,4347000.0,434.7,4.3297,111556,1.0,rf_v2.0-dw,2026-09-13T15:46:34.240812+00:00,tratamento,,2,aproximada,landsat_pre2019_nao_corrigido
ascenty-paulinia,2017,landsat,30,1,vegetacao_densa,27854100.0,2785.41,27.743,111556,1.0,rf_v2.0-dw,2026-09-13T15:46:34.240812+00:00,tratamento,,2,aproximada,landsat_pre2019_nao_corrigido
ascenty-paulinia,2017,landsat,30,2,vegetacao_rala,35670600.0,3567.06,35.5283,111556,1.0,rf_v2.0-dw,2026-09-13T15:46:34.240812+00:00,tratamento,,2,aproximada,landsat_pre2019_nao_corrigido
ascenty-paulinia,2017,landsat,30,3,solo_exposto_obras,4541400.0,454.14,4.5233,111556,1.0,rf_v2.0-dw,2026-09-13T15:46:34.240812+00:00,tratamento,,2,aproximada,landsat_pre2019_nao_corrigido
ascenty-paulinia,2017,landsat,30,4,construida_urbana,29352600.0,2935.26,29.2355,111556,0.5029,rf_v2.0-dw,2026-09-13T15:46:34.240812+00:00,tratamento,,2,aproximada,landsat_pre2019_corrigido_sv20
ascenty-paulinia,2017,landsat,30,5,agua,2981700.0,298.17,2.9698,111556,1.0,rf_v2.0-dw,2026-09-13T15:46:34.240812+00:00,tratamento,,2,aproximada,landsat_pre2019_nao_corrigido
ascenty-paulinia,2018,landsat,30,1,vegetacao_densa,24786900.0,2478.69,24.688,111556,1.0,rf_v2.0-dw,2026-09-13T15:46:34.240812+00:00,tratamento,,2,aproximada,landsat_pre2019_nao_corrigido
ascenty-paulinia,2018,landsat,30,2,vegetacao_rala,36604800.0,3660.48,36.4588,111556,1.0,rf_v2.0-dw,2026-09-13T15:46:34.240812+00:00,tratamento,,2,aproximada,landsat_pre2019_nao_corrigido
ascenty-paulinia,2018,landsat,30,3,solo_exposto_obras,6230700.0,623.07,6.2059,111556,1.0,rf_v2.0-dw,2026-09-13T15:46:34.240812+00:00,tratamento,,2,aproximada,landsat_pre2019_nao_corrigido
ascenty-paulinia,2018,landsat,30,4,construida_urbana,29244600.0,2924.46,29.128,111556,0.5029,rf_v2.0-dw,2026-09-13T15:46:34.240812+00:00,tratamento,,2,aproximada,landsat_pre2019_corrigido_sv20
ascenty-paulinia,2018,landsat,30,5,agua,3533400.0,353.34,3.5193,111556,1.0,rf_v2.0-dw,2026-09-13T15:46:34.240812+00:00,tratamento,,2,aproximada,landsat_pre2019_nao_corrigido
ascenty-paulinia,2019,landsat,30,1,vegetacao_densa,36846900.0,3684.69,36.7,111556,1.0,rf_v2.0-dw,2026-09-13T15:46:34.240812+00:00,tratamento,,2,aproximada,landsat_overlap_referencia
ascenty-paulinia,2019,landsat,30,2,vegetacao_rala,31636800.0,3163.68,31.5106,111556,1.0,rf_v2.0-dw,2026-09-13T15:46:34.240812+00:00,tratamento,,2,aproximada,landsat_overlap_referencia
ascenty-paulinia,2019,landsat,30,3,solo_exposto_obras,3329100.0,332.91,3.3158,111556,1.0,rf_v2.0-dw,2026-09-13T15:46:34.240812+00:00,tratamento,,2,aproximada,landsat_overlap_referencia
ascenty-paulinia,2019,landsat,30,4,construida_urbana,24752700.0,2475.27,24.654,111556,1.0,rf_v2.0-dw,2026-09-13T15:46:34.240812+00:00,tratamento,,2,aproximada,landsat_overlap_referencia
ascenty-paulinia,2019,landsat,30,5,agua,3834900.0,383.49,3.8196,111556,1.0,rf_v2.0-dw,2026-09-13T15:46:34.240812+00:00,tratamento,,2,aproximada,landsat_overlap_referencia
ascenty-paulinia,2019,sentinel2,10,1,vegetacao_densa,32188000.0,3218.8,32.0596,1004004,1.0,rf_v2.0-dw,2026-09-13T15:46:34.240812+00:00,tratamento,,2,aproximada,sentinel2_oficial_2019_2025
ascenty-paulinia,2019,sentinel2,10,2,vegetacao_rala,30427700.0,3042.77,30.3064,1004004,1.0,rf_v2.0-dw,2026-09-13T15:46:34.240812+00:00,tratamento,,2,aproximada,sentinel2_oficial_2019_2025
ascenty-paulinia,2019,sentinel2,10,3,solo_exposto_obras,4014200.0,401.42,3.9982,1004004,1.0,rf_v2.0-dw,2026-09-13T15:46:34.240812+00:00,tratamento,,2,aproximada,sentinel2_oficial_2019_2025
ascenty-paulinia,2019,sentinel2,10,4,construida_urbana,31597600.0,3159.76,31.4716,1004004,1.0,rf_v2.0-dw,2026-09-13T15:46:34.240812+00:00,tratamento,,2,aproximada,sentinel2_oficial_2019_2025
ascenty-paulinia,2019,sentinel2,10,5,agua,2172900.0,217.29,2.1642,1004004,1.0,rf_v2.0-dw,2026-09-13T15:46:34.240812+00:00,tratamento,,2,aproximada,sentinel2_oficial_2019_2025
ascenty-paulinia,2020,landsat,30,1,vegetacao_densa,29860200.0,2986.02,29.7411,111556,1.0,rf_v2.0-dw,2026-09-13T15:46:34.240812+00:00,tratamento,,2,aproximada,landsat_overlap_referencia
ascenty-paulinia,2020,landsat,30,2,vegetacao_rala,35291700.0,3529.17,35.151,111556,1.0,rf_v2.0-dw,2026-09-13T15:46:34.240812+00:00,tratamento,,2,aproximada,landsat_overlap_referencia
ascenty-paulinia,2020,landsat,30,3,solo_exposto_obras,4785300.0,478.53,4.7662,111556,1.0,rf_v2.0-dw,2026-09-13T15:46:34.240812+00:00,tratamento,,2,aproximada,landsat_overlap_referencia
ascenty-paulinia,2020,landsat,30,4,construida_urbana,26843400.0,2684.34,26.7363,111556,1.0,rf_v2.0-dw,2026-09-13T15:46:34.240812+00:00,tratamento,,2,aproximada,landsat_overlap_referencia
ascenty-paulinia,2020,landsat,30,5,agua,3619800.0,361.98,3.6054,111556,1.0,rf_v2.0-dw,2026-09-13T15:46:34.240812+00:00,tratamento,,2,aproximada,landsat_overlap_referencia
ascenty-paulinia,2020,sentinel2,10,1,vegetacao_densa,25916500.0,2591.65,25.8131,1004004,1.0,rf_v2.0-dw,2026-09-13T15:46:34.240812+00:00,tratamento,,2,aproximada,sentinel2_oficial_2019_2025
ascenty-paulinia,2020,sentinel2,10,2,vegetacao_rala,34665700.0,3466.57,34.5275,1004004,1.0,rf_v2.0-dw,2026-09-13T15:46:34.240812+00:00,tratamento,,2,aproximada,sentinel2_oficial_2019_2025
ascenty-paulinia,2020,sentinel2,10,3,solo_exposto_obras,4981200.0,498.12,4.9613,1004004,1.0,rf_v2.0-dw,2026-09-13T15:46:34.240812+00:00,tratamento,,2,aproximada,sentinel2_oficial_2019_2025
ascenty-paulinia,2020,sentinel2,10,4,construida_urbana,32573500.0,3257.35,32.4436,1004004,1.0,rf_v2.0-dw,2026-09-13T15:46:34.240812+00:00,tratamento,,2,aproximada,sentinel2_oficial_2019_2025
ascenty-paulinia,2020,sentinel2,10,5,agua,2263500.0,226.35,2.2545,1004004,1.0,rf_v2.0-dw,2026-09-13T15:46:34.240812+00:00,tratamento,,2,aproximada,sentinel2_oficial_2019_2025
ascenty-paulinia,2021,landsat,30,1,vegetacao_densa,28519200.0,2851.92,28.4055,111556,1.0,rf_v2.0-dw,2026-09-13T15:46:34.240812+00:00,tratamento,,2,aproximada,landsat_overlap_referencia
ascenty-paulinia,2021,landsat,30,2,vegetacao_rala,34242300.0,3424.23,34.1057,111556,1.0,rf_v2.0-dw,2026-09-13T15:46:34.240812+00:00,tratamento,,2,aproximada,landsat_overlap_referencia
ascenty-paulinia,2021,landsat,30,3,solo_exposto_obras,4798800.0,479.88,4.7797,111556,1.0,rf_v2.0-dw,2026-09-13T15:46:34.240812+00:00,tratamento,,2,aproximada,landsat_overlap_referencia
ascenty-paulinia,2021,landsat,30,4,construida_urbana,29032200.0,2903.22,28.9164,111556,1.0,rf_v2.0-dw,2026-09-13T15:46:34.240812+00:00,tratamento,,2,aproximada,landsat_overlap_referencia
ascenty-paulinia,2021,landsat,30,5,agua,3807900.0,380.79,3.7927,111556,1.0,rf_v2.0-dw,2026-09-13T15:46:34.240812+00:00,tratamento,,2,aproximada,landsat_overlap_referencia
ascenty-paulinia,2021,sentinel2,10,1,vegetacao_densa,22891800.0,2289.18,22.8005,1004004,1.0,rf_v2.0-dw,2026-09-13T15:46:34.240812+00:00,tratamento,,2,aproximada,sentinel2_oficial_2019_2025
ascenty-paulinia,2021,sentinel2,10,2,vegetacao_rala,38277600.0,3827.76,38.1249,1004004,1.0,rf_v2.0-dw,2026-09-13T15:46:34.240812+00:00,tratamento,,2,aproximada,sentinel2_oficial_2019_2025
ascenty-paulinia,2021,sentinel2,10,3,solo_exposto_obras,5569400.0,556.94,5.5472,1004004,1.0,rf_v2.0-dw,2026-09-13T15:46:34.240812+00:00,tratamento,,2,aproximada,sentinel2_oficial_2019_2025
ascenty-paulinia,2021,sentinel2,10,4,construida_urbana,31905100.0,3190.51,31.7779,1004004,1.0,rf_v2.0-dw,2026-09-13T15:46:34.240812+00:00,tratamento,,2,aproximada,sentinel2_oficial_2019_2025
ascenty-paulinia,2021,sentinel2,10,5,agua,1756500.0,175.65,1.7495,1004004,1.0,rf_v2.0-dw,2026-09-13T15:46:34.240812+00:00,tratamento,,2,aproximada,sentinel2_oficial_2019_2025
ascenty-paulinia,2022,landsat,30,1,vegetacao_densa,28058400.0,2805.84,27.9465,111556,1.0,rf_v2.0-dw,2026-09-13T15:46:34.240812+00:00,tratamento,,2,aproximada,landsat_pre2019_nao_corrigido
ascenty-paulinia,2022,landsat,30,2,vegetacao_rala,36076500.0,3607.65,35.9326,111556,1.0,rf_v2.0-dw,2026-09-13T15:46:34.240812+00:00,tratamento,,2,aproximada,landsat_pre2019_nao_corrigido
ascenty-paulinia,2022,landsat,30,3,solo_exposto_obras,4536900.0,453.69,4.5188,111556,1.0,rf_v2.0-dw,2026-09-13T15:46:34.240812+00:00,tratamento,,2,aproximada,landsat_pre2019_nao_corrigido
ascenty-paulinia,2022,landsat,30,4,construida_urbana,28881900.0,2888.19,28.7667,111556,0.5029,rf_v2.0-dw,2026-09-13T15:46:34.240812+00:00,tratamento,,2,aproximada,landsat_pre2019_corrigido_sv20
ascenty-paulinia,2022,landsat,30,5,agua,2846700.0,284.67,2.8353,111556,1.0,rf_v2.0-dw,2026-09-13T15:46:34.240812+00:00,tratamento,,2,aproximada,landsat_pre2019_nao_corrigido
ascenty-paulinia,2022,sentinel2,10,1,vegetacao_densa,24637400.0,2463.74,24.5391,1004004,1.0,rf_v2.0-dw,2026-09-13T15:46:34.240812+00:00,tratamento,,2,aproximada,sentinel2_oficial_2019_2025
ascenty-paulinia,2022,sentinel2,10,2,vegetacao_rala,35808400.0,3580.84,35.6656,1004004,1.0,rf_v2.0-dw,2026-09-13T15:46:34.240812+00:00,tratamento,,2,aproximada,sentinel2_oficial_2019_2025
ascenty-paulinia,2022,sentinel2,10,3,solo_exposto_obras,5057500.0,505.75,5.0373,1004004,1.0,rf_v2.0-dw,2026-09-13T15:46:34.240812+00:00,tratamento,,2,aproximada,sentinel2_oficial_2019_2025
ascenty-paulinia,2022,sentinel2,10,4,construida_urbana,33113800.0,3311.38,32.9817,1004004,1.0,rf_v2.0-dw,2026-09-13T15:46:34.240812+00:00,tratamento,,2,aproximada,sentinel2_oficial_2019_2025
ascenty-paulinia,2022,sentinel2,10,5,agua,1783300.0,178.33,1.7762,1004004,1.0,rf_v2.0-dw,2026-09-13T15:46:34.240812+00:00,tratamento,,2,aproximada,sentinel2_oficial_2019_2025
ascenty-paulinia,2023,landsat,30,1,vegetacao_densa,37466100.0,3746.61,37.3167,111556,1.0,rf_v2.0-dw,2026-09-13T15:46:34.240812+00:00,tratamento,,2,aproximada,landsat_pre2019_nao_corrigido
ascenty-paulinia,2023,landsat,30,2,vegetacao_rala,30997800.0,3099.78,30.8742,111556,1.0,rf_v2.0-dw,2026-09-13T15:46:34.240812+00:00,tratamento,,2,aproximada,landsat_pre2019_nao_corrigido
ascenty-paulinia,2023,landsat,30,3,solo_exposto_obras,3854700.0,385.47,3.8393,111556,1.0,rf_v2.0-dw,2026-09-13T15:46:34.240812+00:00,tratamento,,2,aproximada,landsat_pre2019_nao_corrigido
ascenty-paulinia,2023,landsat,30,4,construida_urbana,24795000.0,2479.5,24.6961,111556,0.5029,rf_v2.0-dw,2026-09-13T15:46:34.240812+00:00,tratamento,,2,aproximada,landsat_pre2019_corrigido_sv20
ascenty-paulinia,2023,landsat,30,5,agua,3286800.0,328.68,3.2737,111556,1.0,rf_v2.0-dw,2026-09-13T15:46:34.240812+00:00,tratamento,,2,aproximada,landsat_pre2019_nao_corrigido
ascenty-paulinia,2023,sentinel2,10,1,vegetacao_densa,32063800.0,3206.38,31.9359,1004004,1.0,rf_v2.0-dw,2026-09-13T15:46:34.240812+00:00,tratamento,,2,aproximada,sentinel2_oficial_2019_2025
ascenty-paulinia,2023,sentinel2,10,2,vegetacao_rala,30161400.0,3016.14,30.0411,1004004,1.0,rf_v2.0-dw,2026-09-13T15:46:34.240812+00:00,tratamento,,2,aproximada,sentinel2_oficial_2019_2025
ascenty-paulinia,2023,sentinel2,10,3,solo_exposto_obras,4096100.0,409.61,4.0798,1004004,1.0,rf_v2.0-dw,2026-09-13T15:46:34.240812+00:00,tratamento,,2,aproximada,sentinel2_oficial_2019_2025
ascenty-paulinia,2023,sentinel2,10,4,construida_urbana,32082800.0,3208.28,31.9549,1004004,1.0,rf_v2.0-dw,2026-09-13T15:46:34.240812+00:00,tratamento,,2,aproximada,sentinel2_oficial_2019_2025
ascenty-paulinia,2023,sentinel2,10,5,agua,1996300.0,199.63,1.9883,1004004,1.0,rf_v2.0-dw,2026-09-13T15:46:34.240812+00:00,tratamento,,2,aproximada,sentinel2_oficial_2019_2025
ascenty-paulinia,2024,landsat,30,1,vegetacao_densa,29672100.0,2967.21,29.5538,111556,1.0,rf_v2.0-dw,2026-09-13T15:46:34.240812+00:00,tratamento,,2,aproximada,landsat_pre2019_nao_corrigido
ascenty-paulinia,2024,landsat,30,2,vegetacao_rala,31145400.0,3114.54,31.0212,111556,1.0,rf_v2.0-dw,2026-09-13T15:46:34.240812+00:00,tratamento,,2,aproximada,landsat_pre2019_nao_corrigido
ascenty-paulinia,2024,landsat,30,3,solo_exposto_obras,4369500.0,436.95,4.3521,111556,1.0,rf_v2.0-dw,2026-09-13T15:46:34.240812+00:00,tratamento,,2,aproximada,landsat_pre2019_nao_corrigido
ascenty-paulinia,2024,landsat,30,4,construida_urbana,31624200.0,3162.42,31.4981,111556,0.5029,rf_v2.0-dw,2026-09-13T15:46:34.240812+00:00,tratamento,,2,aproximada,landsat_pre2019_corrigido_sv20
ascenty-paulinia,2024,landsat,30,5,agua,3589200.0,358.92,3.5749,111556,1.0,rf_v2.0-dw,2026-09-13T15:46:34.240812+00:00,tratamento,,2,aproximada,landsat_pre2019_nao_corrigido
ascenty-paulinia,2024,sentinel2,10,1,vegetacao_densa,29345700.0,2934.57,29.2287,1004004,1.0,rf_v2.0-dw,2026-09-13T15:46:34.240812+00:00,tratamento,,2,aproximada,sentinel2_oficial_2019_2025
ascenty-paulinia,2024,sentinel2,10,2,vegetacao_rala,31009300.0,3100.93,30.8856,1004004,1.0,rf_v2.0-dw,2026-09-13T15:46:34.240812+00:00,tratamento,,2,aproximada,sentinel2_oficial_2019_2025
ascenty-paulinia,2024,sentinel2,10,3,solo_exposto_obras,5925700.0,592.57,5.9021,1004004,1.0,rf_v2.0-dw,2026-09-13T15:46:34.240812+00:00,tratamento,,2,aproximada,sentinel2_oficial_2019_2025
ascenty-paulinia,2024,sentinel2,10,4,construida_urbana,32200300.0,3220.03,32.0719,1004004,1.0,rf_v2.0-dw,2026-09-13T15:46:34.240812+00:00,tratamento,,2,aproximada,sentinel2_oficial_2019_2025
ascenty-paulinia,2024,sentinel2,10,5,agua,1919400.0,191.94,1.9117,1004004,1.0,rf_v2.0-dw,2026-09-13T15:46:34.240812+00:00,tratamento,,2,aproximada,sentinel2_oficial_2019_2025
ascenty-paulinia,2025,sentinel2,10,1,vegetacao_densa,24659400.0,2465.94,24.5611,1004004,1.0,rf_v2.0-dw,2026-09-13T15:46:34.240812+00:00,tratamento,,2,aproximada,sentinel2_oficial_2019_2025
ascenty-paulinia,2025,sentinel2,10,2,vegetacao_rala,34575700.0,3457.57,34.4378,1004004,1.0,rf_v2.0-dw,2026-09-13T15:46:34.240812+00:00,tratamento,,2,aproximada,sentinel2_oficial_2019_2025
ascenty-paulinia,2025,sentinel2,10,3,solo_exposto_obras,8278200.0,827.82,8.2452,1004004,1.0,rf_v2.0-dw,2026-09-13T15:46:34.240812+00:00,tratamento,,2,aproximada,sentinel2_oficial_2019_2025
ascenty-paulinia,2025,sentinel2,10,4,construida_urbana,31188700.0,3118.87,31.0643,1004004,1.0,rf_v2.0-dw,2026-09-13T15:46:34.240812+00:00,tratamento,,2,aproximada,sentinel2_oficial_2019_2025
ascenty-paulinia,2025,sentinel2,10,5,agua,1698400.0,169.84,1.6916,1004004,1.0,rf_v2.0-dw,2026-09-13T15:46:34.240812+00:00,tratamento,,2,aproximada,sentinel2_oficial_2019_2025
ascenty-sumare,2013,landsat,30,1,vegetacao_densa,28492200.0,2849.22,28.2946,111887,1.0,rf_v2.0-dw,2026-09-13T15:46:34.240812+00:00,tratamento,,1,aproximada,landsat_pre2019_nao_corrigido
ascenty-sumare,2013,landsat,30,2,vegetacao_rala,34027200.0,3402.72,33.7912,111887,1.0,rf_v2.0-dw,2026-09-13T15:46:34.240812+00:00,tratamento,,1,aproximada,landsat_pre2019_nao_corrigido
ascenty-sumare,2013,landsat,30,3,solo_exposto_obras,5270400.0,527.04,5.2339,111887,1.0,rf_v2.0-dw,2026-09-13T15:46:34.240812+00:00,tratamento,,1,aproximada,landsat_pre2019_nao_corrigido
ascenty-sumare,2013,landsat,30,4,construida_urbana,30042900.0,3004.29,29.8346,111887,0.5923,rf_v2.0-dw,2026-09-13T15:46:34.240812+00:00,tratamento,,1,aproximada,landsat_pre2019_corrigido_sv20
ascenty-sumare,2013,landsat,30,5,agua,2865600.0,286.56,2.8457,111887,1.0,rf_v2.0-dw,2026-09-13T15:46:34.240812+00:00,tratamento,,1,aproximada,landsat_pre2019_nao_corrigido
ascenty-sumare,2014,landsat,30,1,vegetacao_densa,16317000.0,1631.7,16.2044,111883,1.0,rf_v2.0-dw,2026-09-13T15:46:34.240812+00:00,tratamento,,1,aproximada,landsat_pre2019_nao_corrigido
ascenty-sumare,2014,landsat,30,2,vegetacao_rala,40777200.0,4077.72,40.4959,111883,1.0,rf_v2.0-dw,2026-09-13T15:46:34.240812+00:00,tratamento,,1,aproximada,landsat_pre2019_nao_corrigido
ascenty-sumare,2014,landsat,30,3,solo_exposto_obras,8453700.0,845.37,8.3954,111883,1.0,rf_v2.0-dw,2026-09-13T15:46:34.240812+00:00,tratamento,,1,aproximada,landsat_pre2019_nao_corrigido
ascenty-sumare,2014,landsat,30,4,construida_urbana,33306300.0,3330.63,33.0765,111883,0.5923,rf_v2.0-dw,2026-09-13T15:46:34.240812+00:00,tratamento,,1,aproximada,landsat_pre2019_corrigido_sv20
ascenty-sumare,2014,landsat,30,5,agua,1840500.0,184.05,1.8278,111883,1.0,rf_v2.0-dw,2026-09-13T15:46:34.240812+00:00,tratamento,,1,aproximada,landsat_pre2019_nao_corrigido
ascenty-sumare,2015,landsat,30,1,vegetacao_densa,26976600.0,2697.66,26.7888,111890,1.0,rf_v2.0-dw,2026-09-13T15:46:34.240812+00:00,tratamento,,1,aproximada,landsat_pre2019_nao_corrigido
ascenty-sumare,2015,landsat,30,2,vegetacao_rala,33192900.0,3319.29,32.9618,111890,1.0,rf_v2.0-dw,2026-09-13T15:46:34.240812+00:00,tratamento,,1,aproximada,landsat_pre2019_nao_corrigido
ascenty-sumare,2015,landsat,30,3,solo_exposto_obras,5644800.0,564.48,5.6055,111890,1.0,rf_v2.0-dw,2026-09-13T15:46:34.240812+00:00,tratamento,,1,aproximada,landsat_pre2019_nao_corrigido
ascenty-sumare,2015,landsat,30,4,construida_urbana,32321700.0,3232.17,32.0967,111890,0.5923,rf_v2.0-dw,2026-09-13T15:46:34.240812+00:00,tratamento,,1,aproximada,landsat_pre2019_corrigido_sv20
ascenty-sumare,2015,landsat,30,5,agua,2565000.0,256.5,2.5471,111890,1.0,rf_v2.0-dw,2026-09-13T15:46:34.240812+00:00,tratamento,,1,aproximada,landsat_pre2019_nao_corrigido
ascenty-sumare,2016,landsat,30,1,vegetacao_densa,19908900.0,1990.89,19.7703,111890,1.0,rf_v2.0-dw,2026-09-13T15:46:34.240812+00:00,tratamento,,1,aproximada,landsat_pre2019_nao_corrigido
ascenty-sumare,2016,landsat,30,2,vegetacao_rala,37540800.0,3754.08,37.2795,111890,1.0,rf_v2.0-dw,2026-09-13T15:46:34.240812+00:00,tratamento,,1,aproximada,landsat_pre2019_nao_corrigido
ascenty-sumare,2016,landsat,30,3,solo_exposto_obras,5695200.0,569.52,5.6556,111890,1.0,rf_v2.0-dw,2026-09-13T15:46:34.240812+00:00,tratamento,,1,aproximada,landsat_pre2019_nao_corrigido
ascenty-sumare,2016,landsat,30,4,construida_urbana,34788600.0,3478.86,34.5464,111890,0.5923,rf_v2.0-dw,2026-09-13T15:46:34.240812+00:00,tratamento,,1,aproximada,landsat_pre2019_corrigido_sv20
ascenty-sumare,2016,landsat,30,5,agua,2767500.0,276.75,2.7482,111890,1.0,rf_v2.0-dw,2026-09-13T15:46:34.240812+00:00,tratamento,,1,aproximada,landsat_pre2019_nao_corrigido
ascenty-sumare,2017,landsat,30,1,vegetacao_densa,18353700.0,1835.37,18.2259,111890,1.0,rf_v2.0-dw,2026-09-13T15:46:34.240812+00:00,tratamento,,1,aproximada,landsat_pre2019_nao_corrigido
ascenty-sumare,2017,landsat,30,2,vegetacao_rala,35737200.0,3573.72,35.4884,111890,1.0,rf_v2.0-dw,2026-09-13T15:46:34.240812+00:00,tratamento,,1,aproximada,landsat_pre2019_nao_corrigido
ascenty-sumare,2017,landsat,30,3,solo_exposto_obras,6487200.0,648.72,6.442,111890,1.0,rf_v2.0-dw,2026-09-13T15:46:34.240812+00:00,tratamento,,1,aproximada,landsat_pre2019_nao_corrigido
ascenty-sumare,2017,landsat,30,4,construida_urbana,38428200.0,3842.82,38.1607,111890,0.5923,rf_v2.0-dw,2026-09-13T15:46:34.240812+00:00,tratamento,,1,aproximada,landsat_pre2019_corrigido_sv20
ascenty-sumare,2017,landsat,30,5,agua,1694700.0,169.47,1.6829,111890,1.0,rf_v2.0-dw,2026-09-13T15:46:34.240812+00:00,tratamento,,1,aproximada,landsat_pre2019_nao_corrigido
ascenty-sumare,2018,landsat,30,1,vegetacao_densa,14661000.0,1466.1,14.5589,111890,1.0,rf_v2.0-dw,2026-09-13T15:46:34.240812+00:00,tratamento,,1,aproximada,landsat_pre2019_nao_corrigido
ascenty-sumare,2018,landsat,30,2,vegetacao_rala,43200900.0,4320.09,42.9002,111890,1.0,rf_v2.0-dw,2026-09-13T15:46:34.240812+00:00,tratamento,,1,aproximada,landsat_pre2019_nao_corrigido
ascenty-sumare,2018,landsat,30,3,solo_exposto_obras,6805800.0,680.58,6.7584,111890,1.0,rf_v2.0-dw,2026-09-13T15:46:34.240812+00:00,tratamento,,1,aproximada,landsat_pre2019_nao_corrigido
ascenty-sumare,2018,landsat,30,4,construida_urbana,34150500.0,3415.05,33.9128,111890,0.5923,rf_v2.0-dw,2026-09-13T15:46:34.240812+00:00,tratamento,,1,aproximada,landsat_pre2019_corrigido_sv20
ascenty-sumare,2018,landsat,30,5,agua,1882800.0,188.28,1.8697,111890,1.0,rf_v2.0-dw,2026-09-13T15:46:34.240812+00:00,tratamento,,1,aproximada,landsat_pre2019_nao_corrigido
ascenty-sumare,2019,landsat,30,1,vegetacao_densa,22960800.0,2296.08,22.8012,111889,1.0,rf_v2.0-dw,2026-09-13T15:46:34.240812+00:00,tratamento,,1,aproximada,landsat_overlap_referencia
ascenty-sumare,2019,landsat,30,2,vegetacao_rala,38119500.0,3811.95,37.8545,111889,1.0,rf_v2.0-dw,2026-09-13T15:46:34.240812+00:00,tratamento,,1,aproximada,landsat_overlap_referencia
ascenty-sumare,2019,landsat,30,3,solo_exposto_obras,4914900.0,491.49,4.8807,111889,1.0,rf_v2.0-dw,2026-09-13T15:46:34.240812+00:00,tratamento,,1,aproximada,landsat_overlap_referencia
ascenty-sumare,2019,landsat,30,4,construida_urbana,32492700.0,3249.27,32.2668,111889,1.0,rf_v2.0-dw,2026-09-13T15:46:34.240812+00:00,tratamento,,1,aproximada,landsat_overlap_referencia
ascenty-sumare,2019,landsat,30,5,agua,2212200.0,221.22,2.1968,111889,1.0,rf_v2.0-dw,2026-09-13T15:46:34.240812+00:00,tratamento,,1,aproximada,landsat_overlap_referencia
ascenty-sumare,2019,sentinel2,10,1,vegetacao_densa,21797400.0,2179.74,21.6457,1007010,1.0,rf_v2.0-dw,2026-09-13T15:46:34.240812+00:00,tratamento,,1,aproximada,sentinel2_oficial_2019_2025
ascenty-sumare,2019,sentinel2,10,2,vegetacao_rala,34797900.0,3479.79,34.5557,1007010,1.0,rf_v2.0-dw,2026-09-13T15:46:34.240812+00:00,tratamento,,1,aproximada,sentinel2_oficial_2019_2025
ascenty-sumare,2019,sentinel2,10,3,solo_exposto_obras,5439500.0,543.95,5.4016,1007010,1.0,rf_v2.0-dw,2026-09-13T15:46:34.240812+00:00,tratamento,,1,aproximada,sentinel2_oficial_2019_2025
ascenty-sumare,2019,sentinel2,10,4,construida_urbana,37508900.0,3750.89,37.2478,1007010,1.0,rf_v2.0-dw,2026-09-13T15:46:34.240812+00:00,tratamento,,1,aproximada,sentinel2_oficial_2019_2025
ascenty-sumare,2019,sentinel2,10,5,agua,1157300.0,115.73,1.1492,1007010,1.0,rf_v2.0-dw,2026-09-13T15:46:34.240812+00:00,tratamento,,1,aproximada,sentinel2_oficial_2019_2025
ascenty-sumare,2020,landsat,30,1,vegetacao_densa,16812900.0,1681.29,16.6959,111890,1.0,rf_v2.0-dw,2026-09-13T15:46:34.240812+00:00,tratamento,,1,aproximada,landsat_overlap_referencia
ascenty-sumare,2020,landsat,30,2,vegetacao_rala,40383900.0,4038.39,40.1028,111890,1.0,rf_v2.0-dw,2026-09-13T15:46:34.240812+00:00,tratamento,,1,aproximada,landsat_overlap_referencia
ascenty-sumare,2020,landsat,30,3,solo_exposto_obras,6720300.0,672.03,6.6735,111890,1.0,rf_v2.0-dw,2026-09-13T15:46:34.240812+00:00,tratamento,,1,aproximada,landsat_overlap_referencia
ascenty-sumare,2020,landsat,30,4,construida_urbana,34869600.0,3486.96,34.6269,111890,1.0,rf_v2.0-dw,2026-09-13T15:46:34.240812+00:00,tratamento,,1,aproximada,landsat_overlap_referencia
ascenty-sumare,2020,landsat,30,5,agua,1914300.0,191.43,1.901,111890,1.0,rf_v2.0-dw,2026-09-13T15:46:34.240812+00:00,tratamento,,1,aproximada,landsat_overlap_referencia
ascenty-sumare,2020,sentinel2,10,1,vegetacao_densa,15475600.0,1547.56,15.3679,1007010,1.0,rf_v2.0-dw,2026-09-13T15:46:34.240812+00:00,tratamento,,1,aproximada,sentinel2_oficial_2019_2025
ascenty-sumare,2020,sentinel2,10,2,vegetacao_rala,37979200.0,3797.92,37.7148,1007010,1.0,rf_v2.0-dw,2026-09-13T15:46:34.240812+00:00,tratamento,,1,aproximada,sentinel2_oficial_2019_2025
ascenty-sumare,2020,sentinel2,10,3,solo_exposto_obras,7779300.0,777.93,7.7251,1007010,1.0,rf_v2.0-dw,2026-09-13T15:46:34.240812+00:00,tratamento,,1,aproximada,sentinel2_oficial_2019_2025
ascenty-sumare,2020,sentinel2,10,4,construida_urbana,38401600.0,3840.16,38.1343,1007010,1.0,rf_v2.0-dw,2026-09-13T15:46:34.240812+00:00,tratamento,,1,aproximada,sentinel2_oficial_2019_2025
ascenty-sumare,2020,sentinel2,10,5,agua,1065300.0,106.53,1.0579,1007010,1.0,rf_v2.0-dw,2026-09-13T15:46:34.240812+00:00,tratamento,,1,aproximada,sentinel2_oficial_2019_2025
ascenty-sumare,2021,landsat,30,1,vegetacao_densa,14798700.0,1479.87,14.6957,111890,1.0,rf_v2.0-dw,2026-09-13T15:46:34.240812+00:00,tratamento,,1,aproximada,landsat_overlap_referencia
ascenty-sumare,2021,landsat,30,2,vegetacao_rala,40337100.0,4033.71,40.0563,111890,1.0,rf_v2.0-dw,2026-09-13T15:46:34.240812+00:00,tratamento,,1,aproximada,landsat_overlap_referencia
ascenty-sumare,2021,landsat,30,3,solo_exposto_obras,6758100.0,675.81,6.7111,111890,1.0,rf_v2.0-dw,2026-09-13T15:46:34.240812+00:00,tratamento,,1,aproximada,landsat_overlap_referencia
ascenty-sumare,2021,landsat,30,4,construida_urbana,36999900.0,3699.99,36.7423,111890,1.0,rf_v2.0-dw,2026-09-13T15:46:34.240812+00:00,tratamento,,1,aproximada,landsat_overlap_referencia
ascenty-sumare,2021,landsat,30,5,agua,1807200.0,180.72,1.7946,111890,1.0,rf_v2.0-dw,2026-09-13T15:46:34.240812+00:00,tratamento,,1,aproximada,landsat_overlap_referencia
ascenty-sumare,2021,sentinel2,10,1,vegetacao_densa,13556700.0,1355.67,13.4623,1007010,1.0,rf_v2.0-dw,2026-09-13T15:46:34.240812+00:00,tratamento,,1,aproximada,sentinel2_oficial_2019_2025
ascenty-sumare,2021,sentinel2,10,2,vegetacao_rala,40452300.0,4045.23,40.1707,1007010,1.0,rf_v2.0-dw,2026-09-13T15:46:34.240812+00:00,tratamento,,1,aproximada,sentinel2_oficial_2019_2025
ascenty-sumare,2021,sentinel2,10,3,solo_exposto_obras,7671400.0,767.14,7.618,1007010,1.0,rf_v2.0-dw,2026-09-13T15:46:34.240812+00:00,tratamento,,1,aproximada,sentinel2_oficial_2019_2025
ascenty-sumare,2021,sentinel2,10,4,construida_urbana,37939500.0,3793.95,37.6754,1007010,1.0,rf_v2.0-dw,2026-09-13T15:46:34.240812+00:00,tratamento,,1,aproximada,sentinel2_oficial_2019_2025
ascenty-sumare,2021,sentinel2,10,5,agua,1081100.0,108.11,1.0736,1007010,1.0,rf_v2.0-dw,2026-09-13T15:46:34.240812+00:00,tratamento,,1,aproximada,sentinel2_oficial_2019_2025
ascenty-sumare,2022,landsat,30,1,vegetacao_densa,15789600.0,1578.96,15.6797,111890,1.0,rf_v2.0-dw,2026-09-13T15:46:34.240812+00:00,tratamento,,1,aproximada,landsat_pre2019_nao_corrigido
ascenty-sumare,2022,landsat,30,2,vegetacao_rala,39753900.0,3975.39,39.4772,111890,1.0,rf_v2.0-dw,2026-09-13T15:46:34.240812+00:00,tratamento,,1,aproximada,landsat_pre2019_nao_corrigido
ascenty-sumare,2022,landsat,30,3,solo_exposto_obras,7004700.0,700.47,6.9559,111890,1.0,rf_v2.0-dw,2026-09-13T15:46:34.240812+00:00,tratamento,,1,aproximada,landsat_pre2019_nao_corrigido
ascenty-sumare,2022,landsat,30,4,construida_urbana,36452700.0,3645.27,36.1989,111890,0.5923,rf_v2.0-dw,2026-09-13T15:46:34.240812+00:00,tratamento,,1,aproximada,landsat_pre2019_corrigido_sv20
ascenty-sumare,2022,landsat,30,5,agua,1700100.0,170.01,1.6883,111890,1.0,rf_v2.0-dw,2026-09-13T15:46:34.240812+00:00,tratamento,,1,aproximada,landsat_pre2019_nao_corrigido
ascenty-sumare,2022,sentinel2,10,1,vegetacao_densa,14371400.0,1437.14,14.2714,1007010,1.0,rf_v2.0-dw,2026-09-13T15:46:34.240812+00:00,tratamento,,1,aproximada,sentinel2_oficial_2019_2025
ascenty-sumare,2022,sentinel2,10,2,vegetacao_rala,36368300.0,3636.83,36.1151,1007010,1.0,rf_v2.0-dw,2026-09-13T15:46:34.240812+00:00,tratamento,,1,aproximada,sentinel2_oficial_2019_2025
ascenty-sumare,2022,sentinel2,10,3,solo_exposto_obras,7185100.0,718.51,7.1351,1007010,1.0,rf_v2.0-dw,2026-09-13T15:46:34.240812+00:00,tratamento,,1,aproximada,sentinel2_oficial_2019_2025
ascenty-sumare,2022,sentinel2,10,4,construida_urbana,41813200.0,4181.32,41.5221,1007010,1.0,rf_v2.0-dw,2026-09-13T15:46:34.240812+00:00,tratamento,,1,aproximada,sentinel2_oficial_2019_2025
ascenty-sumare,2022,sentinel2,10,5,agua,963000.0,96.3,0.9563,1007010,1.0,rf_v2.0-dw,2026-09-13T15:46:34.240812+00:00,tratamento,,1,aproximada,sentinel2_oficial_2019_2025
ascenty-sumare,2023,landsat,30,1,vegetacao_densa,24162300.0,2416.23,23.9941,111890,1.0,rf_v2.0-dw,2026-09-13T15:46:34.240812+00:00,tratamento,,1,aproximada,landsat_pre2019_nao_corrigido
ascenty-sumare,2023,landsat,30,2,vegetacao_rala,36521100.0,3652.11,36.2669,111890,1.0,rf_v2.0-dw,2026-09-13T15:46:34.240812+00:00,tratamento,,1,aproximada,landsat_pre2019_nao_corrigido
ascenty-sumare,2023,landsat,30,3,solo_exposto_obras,5293800.0,529.38,5.2569,111890,1.0,rf_v2.0-dw,2026-09-13T15:46:34.240812+00:00,tratamento,,1,aproximada,landsat_pre2019_nao_corrigido
ascenty-sumare,2023,landsat,30,4,construida_urbana,32211000.0,3221.1,31.9868,111890,0.5923,rf_v2.0-dw,2026-09-13T15:46:34.240812+00:00,tratamento,,1,aproximada,landsat_pre2019_corrigido_sv20
ascenty-sumare,2023,landsat,30,5,agua,2512800.0,251.28,2.4953,111890,1.0,rf_v2.0-dw,2026-09-13T15:46:34.240812+00:00,tratamento,,1,aproximada,landsat_pre2019_nao_corrigido
ascenty-sumare,2023,sentinel2,10,1,vegetacao_densa,20030100.0,2003.01,19.8907,1007010,1.0,rf_v2.0-dw,2026-09-13T15:46:34.240812+00:00,tratamento,,1,aproximada,sentinel2_oficial_2019_2025
ascenty-sumare,2023,sentinel2,10,2,vegetacao_rala,34414900.0,3441.49,34.1753,1007010,1.0,rf_v2.0-dw,2026-09-13T15:46:34.240812+00:00,tratamento,,1,aproximada,sentinel2_oficial_2019_2025
ascenty-sumare,2023,sentinel2,10,3,solo_exposto_obras,5468000.0,546.8,5.4299,1007010,1.0,rf_v2.0-dw,2026-09-13T15:46:34.240812+00:00,tratamento,,1,aproximada,sentinel2_oficial_2019_2025
ascenty-sumare,2023,sentinel2,10,4,construida_urbana,39647800.0,3964.78,39.3718,1007010,1.0,rf_v2.0-dw,2026-09-13T15:46:34.240812+00:00,tratamento,,1,aproximada,sentinel2_oficial_2019_2025
ascenty-sumare,2023,sentinel2,10,5,agua,1140200.0,114.02,1.1323,1007010,1.0,rf_v2.0-dw,2026-09-13T15:46:34.240812+00:00,tratamento,,1,aproximada,sentinel2_oficial_2019_2025
ascenty-sumare,2024,sentinel2,10,1,vegetacao_densa,17844900.0,1784.49,17.7207,1007010,1.0,rf_v2.0-dw,2026-09-13T15:46:34.240812+00:00,tratamento,,1,aproximada,sentinel2_oficial_2019_2025
ascenty-sumare,2024,sentinel2,10,2,vegetacao_rala,35075500.0,3507.55,34.8313,1007010,1.0,rf_v2.0-dw,2026-09-13T15:46:34.240812+00:00,tratamento,,1,aproximada,sentinel2_oficial_2019_2025
ascenty-sumare,2024,sentinel2,10,3,solo_exposto_obras,7177600.0,717.76,7.1276,1007010,1.0,rf_v2.0-dw,2026-09-13T15:46:34.240812+00:00,tratamento,,1,aproximada,sentinel2_oficial_2019_2025
ascenty-sumare,2024,sentinel2,10,4,construida_urbana,39500800.0,3950.08,39.2258,1007010,1.0,rf_v2.0-dw,2026-09-13T15:46:34.240812+00:00,tratamento,,1,aproximada,sentinel2_oficial_2019_2025
ascenty-sumare,2024,sentinel2,10,5,agua,1102200.0,110.22,1.0945,1007010,1.0,rf_v2.0-dw,2026-09-13T15:46:34.240812+00:00,tratamento,,1,aproximada,sentinel2_oficial_2019_2025
ascenty-sumare,2025,sentinel2,10,1,vegetacao_densa,15001800.0,1500.18,14.8974,1007010,1.0,rf_v2.0-dw,2026-09-13T15:46:34.240812+00:00,tratamento,,1,aproximada,sentinel2_oficial_2019_2025
ascenty-sumare,2025,sentinel2,10,2,vegetacao_rala,35707100.0,3570.71,35.4585,1007010,1.0,rf_v2.0-dw,2026-09-13T15:46:34.240812+00:00,tratamento,,1,aproximada,sentinel2_oficial_2019_2025
ascenty-sumare,2025,sentinel2,10,3,solo_exposto_obras,10336100.0,1033.61,10.2641,1007010,1.0,rf_v2.0-dw,2026-09-13T15:46:34.240812+00:00,tratamento,,1,aproximada,sentinel2_oficial_2019_2025
ascenty-sumare,2025,sentinel2,10,4,construida_urbana,38480100.0,3848.01,38.2122,1007010,1.0,rf_v2.0-dw,2026-09-13T15:46:34.240812+00:00,tratamento,,1,aproximada,sentinel2_oficial_2019_2025
ascenty-sumare,2025,sentinel2,10,5,agua,1175900.0,117.59,1.1677,1007010,1.0,rf_v2.0-dw,2026-09-13T15:46:34.240812+00:00,tratamento,,1,aproximada,sentinel2_oficial_2019_2025
ascenty-vinhedo,2013,landsat,30,1,vegetacao_densa,48026700.0,4802.67,47.7009,111870,1.0,rf_v2.0-dw,2026-09-13T15:46:34.240812+00:00,tratamento,,1,exata,landsat_pre2019_nao_corrigido
ascenty-vinhedo,2013,landsat,30,2,vegetacao_rala,33223500.0,3322.35,32.9981,111870,1.0,rf_v2.0-dw,2026-09-13T15:46:34.240812+00:00,tratamento,,1,exata,landsat_pre2019_nao_corrigido
ascenty-vinhedo,2013,landsat,30,3,solo_exposto_obras,2734200.0,273.42,2.7157,111870,1.0,rf_v2.0-dw,2026-09-13T15:46:34.240812+00:00,tratamento,,1,exata,landsat_pre2019_nao_corrigido
ascenty-vinhedo,2013,landsat,30,4,construida_urbana,13663800.0,1366.38,13.5711,111870,0.5353,rf_v2.0-dw,2026-09-13T15:46:34.240812+00:00,tratamento,,1,exata,landsat_pre2019_corrigido_sv20
ascenty-vinhedo,2013,landsat,30,5,agua,3034800.0,303.48,3.0142,111870,1.0,rf_v2.0-dw,2026-09-13T15:46:34.240812+00:00,tratamento,,1,exata,landsat_pre2019_nao_corrigido
ascenty-vinhedo,2014,landsat,30,1,vegetacao_densa,38006100.0,3800.61,37.913,111384,1.0,rf_v2.0-dw,2026-09-13T15:46:34.240812+00:00,tratamento,,1,exata,landsat_pre2019_nao_corrigido
ascenty-vinhedo,2014,landsat,30,2,vegetacao_rala,42426900.0,4242.69,42.323,111384,1.0,rf_v2.0-dw,2026-09-13T15:46:34.240812+00:00,tratamento,,1,exata,landsat_pre2019_nao_corrigido
ascenty-vinhedo,2014,landsat,30,3,solo_exposto_obras,4036500.0,403.65,4.0266,111384,1.0,rf_v2.0-dw,2026-09-13T15:46:34.240812+00:00,tratamento,,1,exata,landsat_pre2019_nao_corrigido
ascenty-vinhedo,2014,landsat,30,4,construida_urbana,12618900.0,1261.89,12.588,111384,0.5353,rf_v2.0-dw,2026-09-13T15:46:34.240812+00:00,tratamento,,1,exata,landsat_pre2019_corrigido_sv20
ascenty-vinhedo,2014,landsat,30,5,agua,3157200.0,315.72,3.1495,111384,1.0,rf_v2.0-dw,2026-09-13T15:46:34.240812+00:00,tratamento,,1,exata,landsat_pre2019_nao_corrigido
ascenty-vinhedo,2015,landsat,30,1,vegetacao_densa,37954800.0,3795.48,37.6973,111870,1.0,rf_v2.0-dw,2026-09-13T15:46:34.240812+00:00,tratamento,,1,exata,landsat_pre2019_nao_corrigido
ascenty-vinhedo,2015,landsat,30,2,vegetacao_rala,43225200.0,4322.52,42.932,111870,1.0,rf_v2.0-dw,2026-09-13T15:46:34.240812+00:00,tratamento,,1,exata,landsat_pre2019_nao_corrigido
ascenty-vinhedo,2015,landsat,30,3,solo_exposto_obras,3600000.0,360.0,3.5756,111870,1.0,rf_v2.0-dw,2026-09-13T15:46:34.240812+00:00,tratamento,,1,exata,landsat_pre2019_nao_corrigido
ascenty-vinhedo,2015,landsat,30,4,construida_urbana,13268700.0,1326.87,13.1787,111870,0.5353,rf_v2.0-dw,2026-09-13T15:46:34.240812+00:00,tratamento,,1,exata,landsat_pre2019_corrigido_sv20
ascenty-vinhedo,2015,landsat,30,5,agua,2634300.0,263.43,2.6164,111870,1.0,rf_v2.0-dw,2026-09-13T15:46:34.240812+00:00,tratamento,,1,exata,landsat_pre2019_nao_corrigido
ascenty-vinhedo,2016,landsat,30,1,vegetacao_densa,36817200.0,3681.72,36.5727,111854,1.0,rf_v2.0-dw,2026-09-13T15:46:34.240812+00:00,tratamento,,1,exata,landsat_pre2019_nao_corrigido
ascenty-vinhedo,2016,landsat,30,2,vegetacao_rala,43561800.0,4356.18,43.2725,111854,1.0,rf_v2.0-dw,2026-09-13T15:46:34.240812+00:00,tratamento,,1,exata,landsat_pre2019_nao_corrigido
ascenty-vinhedo,2016,landsat,30,3,solo_exposto_obras,2984400.0,298.44,2.9646,111854,1.0,rf_v2.0-dw,2026-09-13T15:46:34.240812+00:00,tratamento,,1,exata,landsat_pre2019_nao_corrigido
ascenty-vinhedo,2016,landsat,30,4,construida_urbana,14152500.0,1415.25,14.0585,111854,0.5353,rf_v2.0-dw,2026-09-13T15:46:34.240812+00:00,tratamento,,1,exata,landsat_pre2019_corrigido_sv20
ascenty-vinhedo,2016,landsat,30,5,agua,3152700.0,315.27,3.1318,111854,1.0,rf_v2.0-dw,2026-09-13T15:46:34.240812+00:00,tratamento,,1,exata,landsat_pre2019_nao_corrigido
ascenty-vinhedo,2017,landsat,30,1,vegetacao_densa,34914600.0,3491.46,34.6716,111890,1.0,rf_v2.0-dw,2026-09-13T15:46:34.240812+00:00,tratamento,,1,exata,landsat_pre2019_nao_corrigido
ascenty-vinhedo,2017,landsat,30,2,vegetacao_rala,44720100.0,4472.01,44.4088,111890,1.0,rf_v2.0-dw,2026-09-13T15:46:34.240812+00:00,tratamento,,1,exata,landsat_pre2019_nao_corrigido
ascenty-vinhedo,2017,landsat,30,3,solo_exposto_obras,3397500.0,339.75,3.3738,111890,1.0,rf_v2.0-dw,2026-09-13T15:46:34.240812+00:00,tratamento,,1,exata,landsat_pre2019_nao_corrigido
ascenty-vinhedo,2017,landsat,30,4,construida_urbana,15089400.0,1508.94,14.9844,111890,0.5353,rf_v2.0-dw,2026-09-13T15:46:34.240812+00:00,tratamento,,1,exata,landsat_pre2019_corrigido_sv20
ascenty-vinhedo,2017,landsat,30,5,agua,2579400.0,257.94,2.5614,111890,1.0,rf_v2.0-dw,2026-09-13T15:46:34.240812+00:00,tratamento,,1,exata,landsat_pre2019_nao_corrigido
ascenty-vinhedo,2018,landsat,30,1,vegetacao_densa,31288500.0,3128.85,31.0757,111872,1.0,rf_v2.0-dw,2026-09-13T15:46:34.240812+00:00,tratamento,,1,exata,landsat_pre2019_nao_corrigido
ascenty-vinhedo,2018,landsat,30,2,vegetacao_rala,47866500.0,4786.65,47.5409,111872,1.0,rf_v2.0-dw,2026-09-13T15:46:34.240812+00:00,tratamento,,1,exata,landsat_pre2019_nao_corrigido
ascenty-vinhedo,2018,landsat,30,3,solo_exposto_obras,3953700.0,395.37,3.9268,111872,1.0,rf_v2.0-dw,2026-09-13T15:46:34.240812+00:00,tratamento,,1,exata,landsat_pre2019_nao_corrigido
ascenty-vinhedo,2018,landsat,30,4,construida_urbana,14846400.0,1484.64,14.7454,111872,0.5353,rf_v2.0-dw,2026-09-13T15:46:34.240812+00:00,tratamento,,1,exata,landsat_pre2019_corrigido_sv20
ascenty-vinhedo,2018,landsat,30,5,agua,2729700.0,272.97,2.7111,111872,1.0,rf_v2.0-dw,2026-09-13T15:46:34.240812+00:00,tratamento,,1,exata,landsat_pre2019_nao_corrigido
ascenty-vinhedo,2019,landsat,30,1,vegetacao_densa,44703000.0,4470.3,44.3938,111885,1.0,rf_v2.0-dw,2026-09-13T15:46:34.240812+00:00,tratamento,,1,exata,landsat_overlap_referencia
ascenty-vinhedo,2019,landsat,30,2,vegetacao_rala,37046700.0,3704.67,36.7905,111885,1.0,rf_v2.0-dw,2026-09-13T15:46:34.240812+00:00,tratamento,,1,exata,landsat_overlap_referencia
ascenty-vinhedo,2019,landsat,30,3,solo_exposto_obras,2691900.0,269.19,2.6733,111885,1.0,rf_v2.0-dw,2026-09-13T15:46:34.240812+00:00,tratamento,,1,exata,landsat_overlap_referencia
ascenty-vinhedo,2019,landsat,30,4,construida_urbana,13517100.0,1351.71,13.4236,111885,1.0,rf_v2.0-dw,2026-09-13T15:46:34.240812+00:00,tratamento,,1,exata,landsat_overlap_referencia
ascenty-vinhedo,2019,landsat,30,5,agua,2737800.0,273.78,2.7189,111885,1.0,rf_v2.0-dw,2026-09-13T15:46:34.240812+00:00,tratamento,,1,exata,landsat_overlap_referencia
ascenty-vinhedo,2019,sentinel2,10,1,vegetacao_densa,39475300.0,3947.53,39.2005,1007010,1.0,rf_v2.0-dw,2026-09-13T15:46:34.240812+00:00,tratamento,,1,exata,sentinel2_oficial_2019_2025
ascenty-vinhedo,2019,sentinel2,10,2,vegetacao_rala,35984600.0,3598.46,35.7341,1007010,1.0,rf_v2.0-dw,2026-09-13T15:46:34.240812+00:00,tratamento,,1,exata,sentinel2_oficial_2019_2025
ascenty-vinhedo,2019,sentinel2,10,3,solo_exposto_obras,3026300.0,302.63,3.0052,1007010,1.0,rf_v2.0-dw,2026-09-13T15:46:34.240812+00:00,tratamento,,1,exata,sentinel2_oficial_2019_2025
ascenty-vinhedo,2019,sentinel2,10,4,construida_urbana,20210500.0,2021.05,20.0698,1007010,1.0,rf_v2.0-dw,2026-09-13T15:46:34.240812+00:00,tratamento,,1,exata,sentinel2_oficial_2019_2025
ascenty-vinhedo,2019,sentinel2,10,5,agua,2004300.0,200.43,1.9903,1007010,1.0,rf_v2.0-dw,2026-09-13T15:46:34.240812+00:00,tratamento,,1,exata,sentinel2_oficial_2019_2025
ascenty-vinhedo,2020,landsat,30,1,vegetacao_densa,40504500.0,4050.45,40.261,111783,1.0,rf_v2.0-dw,2026-09-13T15:46:34.240812+00:00,tratamento,,1,exata,landsat_overlap_referencia
ascenty-vinhedo,2020,landsat,30,2,vegetacao_rala,40743900.0,4074.39,40.499,111783,1.0,rf_v2.0-dw,2026-09-13T15:46:34.240812+00:00,tratamento,,1,exata,landsat_overlap_referencia
ascenty-vinhedo,2020,landsat,30,3,solo_exposto_obras,3239100.0,323.91,3.2196,111783,1.0,rf_v2.0-dw,2026-09-13T15:46:34.240812+00:00,tratamento,,1,exata,landsat_overlap_referencia
ascenty-vinhedo,2020,landsat,30,4,construida_urbana,12603600.0,1260.36,12.5278,111783,1.0,rf_v2.0-dw,2026-09-13T15:46:34.240812+00:00,tratamento,,1,exata,landsat_overlap_referencia
ascenty-vinhedo,2020,landsat,30,5,agua,3513600.0,351.36,3.4925,111783,1.0,rf_v2.0-dw,2026-09-13T15:46:34.240812+00:00,tratamento,,1,exata,landsat_overlap_referencia
ascenty-vinhedo,2020,sentinel2,10,1,vegetacao_densa,33229800.0,3322.98,32.9985,1007010,1.0,rf_v2.0-dw,2026-09-13T15:46:34.240812+00:00,tratamento,,1,exata,sentinel2_oficial_2019_2025
ascenty-vinhedo,2020,sentinel2,10,2,vegetacao_rala,41057800.0,4105.78,40.772,1007010,1.0,rf_v2.0-dw,2026-09-13T15:46:34.240812+00:00,tratamento,,1,exata,sentinel2_oficial_2019_2025
ascenty-vinhedo,2020,sentinel2,10,3,solo_exposto_obras,4492900.0,449.29,4.4616,1007010,1.0,rf_v2.0-dw,2026-09-13T15:46:34.240812+00:00,tratamento,,1,exata,sentinel2_oficial_2019_2025
ascenty-vinhedo,2020,sentinel2,10,4,construida_urbana,19927000.0,1992.7,19.7883,1007010,1.0,rf_v2.0-dw,2026-09-13T15:46:34.240812+00:00,tratamento,,1,exata,sentinel2_oficial_2019_2025
ascenty-vinhedo,2020,sentinel2,10,5,agua,1993500.0,199.35,1.9796,1007010,1.0,rf_v2.0-dw,2026-09-13T15:46:34.240812+00:00,tratamento,,1,exata,sentinel2_oficial_2019_2025
ascenty-vinhedo,2021,landsat,30,1,vegetacao_densa,32285700.0,3228.57,32.0621,111886,1.0,rf_v2.0-dw,2026-09-13T15:46:34.240812+00:00,tratamento,,1,exata,landsat_overlap_referencia
ascenty-vinhedo,2021,landsat,30,2,vegetacao_rala,46933200.0,4693.32,46.6082,111886,1.0,rf_v2.0-dw,2026-09-13T15:46:34.240812+00:00,tratamento,,1,exata,landsat_overlap_referencia
ascenty-vinhedo,2021,landsat,30,3,solo_exposto_obras,4209300.0,420.93,4.1801,111886,1.0,rf_v2.0-dw,2026-09-13T15:46:34.240812+00:00,tratamento,,1,exata,landsat_overlap_referencia
ascenty-vinhedo,2021,landsat,30,4,construida_urbana,14468400.0,1446.84,14.3682,111886,1.0,rf_v2.0-dw,2026-09-13T15:46:34.240812+00:00,tratamento,,1,exata,landsat_overlap_referencia
ascenty-vinhedo,2021,landsat,30,5,agua,2800800.0,280.08,2.7814,111886,1.0,rf_v2.0-dw,2026-09-13T15:46:34.240812+00:00,tratamento,,1,exata,landsat_overlap_referencia
ascenty-vinhedo,2021,sentinel2,10,1,vegetacao_densa,32198700.0,3219.87,31.9746,1007010,1.0,rf_v2.0-dw,2026-09-13T15:46:34.240812+00:00,tratamento,,1,exata,sentinel2_oficial_2019_2025
ascenty-vinhedo,2021,sentinel2,10,2,vegetacao_rala,41973400.0,4197.34,41.6812,1007010,1.0,rf_v2.0-dw,2026-09-13T15:46:34.240812+00:00,tratamento,,1,exata,sentinel2_oficial_2019_2025
ascenty-vinhedo,2021,sentinel2,10,3,solo_exposto_obras,4453800.0,445.38,4.4228,1007010,1.0,rf_v2.0-dw,2026-09-13T15:46:34.240812+00:00,tratamento,,1,exata,sentinel2_oficial_2019_2025
ascenty-vinhedo,2021,sentinel2,10,4,construida_urbana,20140300.0,2014.03,20.0001,1007010,1.0,rf_v2.0-dw,2026-09-13T15:46:34.240812+00:00,tratamento,,1,exata,sentinel2_oficial_2019_2025
ascenty-vinhedo,2021,sentinel2,10,5,agua,1934800.0,193.48,1.9213,1007010,1.0,rf_v2.0-dw,2026-09-13T15:46:34.240812+00:00,tratamento,,1,exata,sentinel2_oficial_2019_2025
ascenty-vinhedo,2022,landsat,30,1,vegetacao_densa,40727700.0,4072.77,40.4464,111884,1.0,rf_v2.0-dw,2026-09-13T15:46:34.240812+00:00,tratamento,,1,exata,landsat_pre2019_nao_corrigido
ascenty-vinhedo,2022,landsat,30,2,vegetacao_rala,38560500.0,3856.05,38.2941,111884,1.0,rf_v2.0-dw,2026-09-13T15:46:34.240812+00:00,tratamento,,1,exata,landsat_pre2019_nao_corrigido
ascenty-vinhedo,2022,landsat,30,3,solo_exposto_obras,2845800.0,284.58,2.8261,111884,1.0,rf_v2.0-dw,2026-09-13T15:46:34.240812+00:00,tratamento,,1,exata,landsat_pre2019_nao_corrigido
ascenty-vinhedo,2022,landsat,30,4,construida_urbana,15589800.0,1558.98,15.4821,111884,0.5353,rf_v2.0-dw,2026-09-13T15:46:34.240812+00:00,tratamento,,1,exata,landsat_pre2019_corrigido_sv20
ascenty-vinhedo,2022,landsat,30,5,agua,2971800.0,297.18,2.9513,111884,1.0,rf_v2.0-dw,2026-09-13T15:46:34.240812+00:00,tratamento,,1,exata,landsat_pre2019_nao_corrigido
ascenty-vinhedo,2022,sentinel2,10,1,vegetacao_densa,37404700.0,3740.47,37.1443,1007010,1.0,rf_v2.0-dw,2026-09-13T15:46:34.240812+00:00,tratamento,,1,exata,sentinel2_oficial_2019_2025
ascenty-vinhedo,2022,sentinel2,10,2,vegetacao_rala,36686900.0,3668.69,36.4315,1007010,1.0,rf_v2.0-dw,2026-09-13T15:46:34.240812+00:00,tratamento,,1,exata,sentinel2_oficial_2019_2025
ascenty-vinhedo,2022,sentinel2,10,3,solo_exposto_obras,3560900.0,356.09,3.5361,1007010,1.0,rf_v2.0-dw,2026-09-13T15:46:34.240812+00:00,tratamento,,1,exata,sentinel2_oficial_2019_2025
ascenty-vinhedo,2022,sentinel2,10,4,construida_urbana,21084000.0,2108.4,20.9372,1007010,1.0,rf_v2.0-dw,2026-09-13T15:46:34.240812+00:00,tratamento,,1,exata,sentinel2_oficial_2019_2025
ascenty-vinhedo,2022,sentinel2,10,5,agua,1964500.0,196.45,1.9508,1007010,1.0,rf_v2.0-dw,2026-09-13T15:46:34.240812+00:00,tratamento,,1,exata,sentinel2_oficial_2019_2025
ascenty-vinhedo,2023,landsat,30,1,vegetacao_densa,44684100.0,4468.41,44.4183,111776,1.0,rf_v2.0-dw,2026-09-13T15:46:34.240812+00:00,tratamento,,1,exata,landsat_pre2019_nao_corrigido
ascenty-vinhedo,2023,landsat,30,2,vegetacao_rala,35352000.0,3535.2,35.1417,111776,1.0,rf_v2.0-dw,2026-09-13T15:46:34.240812+00:00,tratamento,,1,exata,landsat_pre2019_nao_corrigido
ascenty-vinhedo,2023,landsat,30,3,solo_exposto_obras,2911500.0,291.15,2.8942,111776,1.0,rf_v2.0-dw,2026-09-13T15:46:34.240812+00:00,tratamento,,1,exata,landsat_pre2019_nao_corrigido
ascenty-vinhedo,2023,landsat,30,4,construida_urbana,14569200.0,1456.92,14.4825,111776,0.5353,rf_v2.0-dw,2026-09-13T15:46:34.240812+00:00,tratamento,,1,exata,landsat_pre2019_corrigido_sv20
ascenty-vinhedo,2023,landsat,30,5,agua,3081600.0,308.16,3.0633,111776,1.0,rf_v2.0-dw,2026-09-13T15:46:34.240812+00:00,tratamento,,1,exata,landsat_pre2019_nao_corrigido
ascenty-vinhedo,2023,sentinel2,10,1,vegetacao_densa,39382800.0,3938.28,39.1086,1007010,1.0,rf_v2.0-dw,2026-09-13T15:46:34.240812+00:00,tratamento,,1,exata,sentinel2_oficial_2019_2025
ascenty-vinhedo,2023,sentinel2,10,2,vegetacao_rala,34407000.0,3440.7,34.1675,1007010,1.0,rf_v2.0-dw,2026-09-13T15:46:34.240812+00:00,tratamento,,1,exata,sentinel2_oficial_2019_2025
ascenty-vinhedo,2023,sentinel2,10,3,solo_exposto_obras,3671400.0,367.14,3.6458,1007010,1.0,rf_v2.0-dw,2026-09-13T15:46:34.240812+00:00,tratamento,,1,exata,sentinel2_oficial_2019_2025
ascenty-vinhedo,2023,sentinel2,10,4,construida_urbana,21270800.0,2127.08,21.1227,1007010,1.0,rf_v2.0-dw,2026-09-13T15:46:34.240812+00:00,tratamento,,1,exata,sentinel2_oficial_2019_2025
ascenty-vinhedo,2023,sentinel2,10,5,agua,1969000.0,196.9,1.9553,1007010,1.0,rf_v2.0-dw,2026-09-13T15:46:34.240812+00:00,tratamento,,1,exata,sentinel2_oficial_2019_2025
ascenty-vinhedo,2024,landsat,30,1,vegetacao_densa,37317600.0,3731.76,37.0605,111882,1.0,rf_v2.0-dw,2026-09-13T15:46:34.240812+00:00,tratamento,,1,exata,landsat_pre2019_nao_corrigido
ascenty-vinhedo,2024,landsat,30,2,vegetacao_rala,41319000.0,4131.9,41.0343,111882,1.0,rf_v2.0-dw,2026-09-13T15:46:34.240812+00:00,tratamento,,1,exata,landsat_pre2019_nao_corrigido
ascenty-vinhedo,2024,landsat,30,3,solo_exposto_obras,2804400.0,280.44,2.7851,111882,1.0,rf_v2.0-dw,2026-09-13T15:46:34.240812+00:00,tratamento,,1,exata,landsat_pre2019_nao_corrigido
ascenty-vinhedo,2024,landsat,30,4,construida_urbana,16230600.0,1623.06,16.1188,111882,0.5353,rf_v2.0-dw,2026-09-13T15:46:34.240812+00:00,tratamento,,1,exata,landsat_pre2019_corrigido_sv20
ascenty-vinhedo,2024,landsat,30,5,agua,3022200.0,302.22,3.0014,111882,1.0,rf_v2.0-dw,2026-09-13T15:46:34.240812+00:00,tratamento,,1,exata,landsat_pre2019_nao_corrigido
ascenty-vinhedo,2024,sentinel2,10,1,vegetacao_densa,37254700.0,3725.47,36.9954,1007010,1.0,rf_v2.0-dw,2026-09-13T15:46:34.240812+00:00,tratamento,,1,exata,sentinel2_oficial_2019_2025
ascenty-vinhedo,2024,sentinel2,10,2,vegetacao_rala,37354800.0,3735.48,37.0948,1007010,1.0,rf_v2.0-dw,2026-09-13T15:46:34.240812+00:00,tratamento,,1,exata,sentinel2_oficial_2019_2025
ascenty-vinhedo,2024,sentinel2,10,3,solo_exposto_obras,3596700.0,359.67,3.5717,1007010,1.0,rf_v2.0-dw,2026-09-13T15:46:34.240812+00:00,tratamento,,1,exata,sentinel2_oficial_2019_2025
ascenty-vinhedo,2024,sentinel2,10,4,construida_urbana,20630300.0,2063.03,20.4867,1007010,1.0,rf_v2.0-dw,2026-09-13T15:46:34.240812+00:00,tratamento,,1,exata,sentinel2_oficial_2019_2025
ascenty-vinhedo,2024,sentinel2,10,5,agua,1864500.0,186.45,1.8515,1007010,1.0,rf_v2.0-dw,2026-09-13T15:46:34.240812+00:00,tratamento,,1,exata,sentinel2_oficial_2019_2025
ascenty-vinhedo,2025,sentinel2,10,1,vegetacao_densa,38083300.0,3808.33,37.8182,1007010,1.0,rf_v2.0-dw,2026-09-13T15:46:34.240812+00:00,tratamento,,1,exata,sentinel2_oficial_2019_2025
ascenty-vinhedo,2025,sentinel2,10,2,vegetacao_rala,35718900.0,3571.89,35.4703,1007010,1.0,rf_v2.0-dw,2026-09-13T15:46:34.240812+00:00,tratamento,,1,exata,sentinel2_oficial_2019_2025
ascenty-vinhedo,2025,sentinel2,10,3,solo_exposto_obras,3775300.0,377.53,3.749,1007010,1.0,rf_v2.0-dw,2026-09-13T15:46:34.240812+00:00,tratamento,,1,exata,sentinel2_oficial_2019_2025
ascenty-vinhedo,2025,sentinel2,10,4,construida_urbana,21216600.0,2121.66,21.0689,1007010,1.0,rf_v2.0-dw,2026-09-13T15:46:34.240812+00:00,tratamento,,1,exata,sentinel2_oficial_2019_2025
ascenty-vinhedo,2025,sentinel2,10,5,agua,1906900.0,190.69,1.8936,1007010,1.0,rf_v2.0-dw,2026-09-13T15:46:34.240812+00:00,tratamento,,1,exata,sentinel2_oficial_2019_2025
clickip-manaus,2013,landsat,30,1,vegetacao_densa,28363500.0,2836.35,28.2044,111738,1.0,rf_v2.0-dw,2026-09-13T15:46:34.240812+00:00,tratamento,,1,exata,landsat_pre2019_nao_corrigido
clickip-manaus,2013,landsat,30,2,vegetacao_rala,15785100.0,1578.51,15.6965,111738,1.0,rf_v2.0-dw,2026-09-13T15:46:34.240812+00:00,tratamento,,1,exata,landsat_pre2019_nao_corrigido
clickip-manaus,2013,landsat,30,3,solo_exposto_obras,6729300.0,672.93,6.6915,111738,1.0,rf_v2.0-dw,2026-09-13T15:46:34.240812+00:00,tratamento,,1,exata,landsat_pre2019_nao_corrigido
clickip-manaus,2013,landsat,30,4,construida_urbana,49043700.0,4904.37,48.7685,111738,0.9084,rf_v2.0-dw,2026-09-13T15:46:34.240812+00:00,tratamento,,1,exata,landsat_pre2019_corrigido_sv20
clickip-manaus,2013,landsat,30,5,agua,642600.0,64.26,0.639,111738,1.0,rf_v2.0-dw,2026-09-13T15:46:34.240812+00:00,tratamento,,1,exata,landsat_pre2019_nao_corrigido
clickip-manaus,2014,landsat,30,1,vegetacao_densa,27310500.0,2731.05,27.1741,111669,1.0,rf_v2.0-dw,2026-09-13T15:46:34.240812+00:00,tratamento,,1,exata,landsat_pre2019_nao_corrigido
clickip-manaus,2014,landsat,30,2,vegetacao_rala,17303400.0,1730.34,17.217,111669,1.0,rf_v2.0-dw,2026-09-13T15:46:34.240812+00:00,tratamento,,1,exata,landsat_pre2019_nao_corrigido
clickip-manaus,2014,landsat,30,3,solo_exposto_obras,7347600.0,734.76,7.3109,111669,1.0,rf_v2.0-dw,2026-09-13T15:46:34.240812+00:00,tratamento,,1,exata,landsat_pre2019_nao_corrigido
clickip-manaus,2014,landsat,30,4,construida_urbana,47682000.0,4768.2,47.4438,111669,0.9084,rf_v2.0-dw,2026-09-13T15:46:34.240812+00:00,tratamento,,1,exata,landsat_pre2019_corrigido_sv20
clickip-manaus,2014,landsat,30,5,agua,858600.0,85.86,0.8543,111669,1.0,rf_v2.0-dw,2026-09-13T15:46:34.240812+00:00,tratamento,,1,exata,landsat_pre2019_nao_corrigido
clickip-manaus,2015,landsat,30,1,vegetacao_densa,23395500.0,2339.55,23.2326,111890,1.0,rf_v2.0-dw,2026-09-13T15:46:34.240812+00:00,tratamento,,1,exata,landsat_pre2019_nao_corrigido
clickip-manaus,2015,landsat,30,2,vegetacao_rala,14360400.0,1436.04,14.2604,111890,1.0,rf_v2.0-dw,2026-09-13T15:46:34.240812+00:00,tratamento,,1,exata,landsat_pre2019_nao_corrigido
clickip-manaus,2015,landsat,30,3,solo_exposto_obras,6215400.0,621.54,6.1721,111890,1.0,rf_v2.0-dw,2026-09-13T15:46:34.240812+00:00,tratamento,,1,exata,landsat_pre2019_nao_corrigido
clickip-manaus,2015,landsat,30,4,construida_urbana,56441700.0,5644.17,56.0488,111890,0.9084,rf_v2.0-dw,2026-09-13T15:46:34.240812+00:00,tratamento,,1,exata,landsat_pre2019_corrigido_sv20
clickip-manaus,2015,landsat,30,5,agua,288000.0,28.8,0.286,111890,1.0,rf_v2.0-dw,2026-09-13T15:46:34.240812+00:00,tratamento,,1,exata,landsat_pre2019_nao_corrigido
clickip-manaus,2016,landsat,30,1,vegetacao_densa,27871200.0,2787.12,27.6772,111890,1.0,rf_v2.0-dw,2026-09-13T15:46:34.240812+00:00,tratamento,,1,exata,landsat_pre2019_nao_corrigido
clickip-manaus,2016,landsat,30,2,vegetacao_rala,13733100.0,1373.31,13.6375,111890,1.0,rf_v2.0-dw,2026-09-13T15:46:34.240812+00:00,tratamento,,1,exata,landsat_pre2019_nao_corrigido
clickip-manaus,2016,landsat,30,3,solo_exposto_obras,5688900.0,568.89,5.6493,111890,1.0,rf_v2.0-dw,2026-09-13T15:46:34.240812+00:00,tratamento,,1,exata,landsat_pre2019_nao_corrigido
clickip-manaus,2016,landsat,30,4,construida_urbana,52904700.0,5290.47,52.5364,111890,0.9084,rf_v2.0-dw,2026-09-13T15:46:34.240812+00:00,tratamento,,1,exata,landsat_pre2019_corrigido_sv20
clickip-manaus,2016,landsat,30,5,agua,503100.0,50.31,0.4996,111890,1.0,rf_v2.0-dw,2026-09-13T15:46:34.240812+00:00,tratamento,,1,exata,landsat_pre2019_nao_corrigido
clickip-manaus,2017,landsat,30,1,vegetacao_densa,27354600.0,2735.46,27.1882,111791,1.0,rf_v2.0-dw,2026-09-13T15:46:34.240812+00:00,tratamento,,1,exata,landsat_pre2019_nao_corrigido
clickip-manaus,2017,landsat,30,2,vegetacao_rala,11400300.0,1140.03,11.331,111791,1.0,rf_v2.0-dw,2026-09-13T15:46:34.240812+00:00,tratamento,,1,exata,landsat_pre2019_nao_corrigido
clickip-manaus,2017,landsat,30,3,solo_exposto_obras,5416200.0,541.62,5.3833,111791,1.0,rf_v2.0-dw,2026-09-13T15:46:34.240812+00:00,tratamento,,1,exata,landsat_pre2019_nao_corrigido
clickip-manaus,2017,landsat,30,4,construida_urbana,55980900.0,5598.09,55.6404,111791,0.9084,rf_v2.0-dw,2026-09-13T15:46:34.240812+00:00,tratamento,,1,exata,landsat_pre2019_corrigido_sv20
clickip-manaus,2017,landsat,30,5,agua,459900.0,45.99,0.4571,111791,1.0,rf_v2.0-dw,2026-09-13T15:46:34.240812+00:00,tratamento,,1,exata,landsat_pre2019_nao_corrigido
clickip-manaus,2018,landsat,30,1,vegetacao_densa,26725500.0,2672.55,26.5395,111890,1.0,rf_v2.0-dw,2026-09-13T15:46:34.240812+00:00,tratamento,,1,exata,landsat_pre2019_nao_corrigido
clickip-manaus,2018,landsat,30,2,vegetacao_rala,11496600.0,1149.66,11.4166,111890,1.0,rf_v2.0-dw,2026-09-13T15:46:34.240812+00:00,tratamento,,1,exata,landsat_pre2019_nao_corrigido
clickip-manaus,2018,landsat,30,3,solo_exposto_obras,4381200.0,438.12,4.3507,111890,1.0,rf_v2.0-dw,2026-09-13T15:46:34.240812+00:00,tratamento,,1,exata,landsat_pre2019_nao_corrigido
clickip-manaus,2018,landsat,30,4,construida_urbana,57730500.0,5773.05,57.3286,111890,0.9084,rf_v2.0-dw,2026-09-13T15:46:34.240812+00:00,tratamento,,1,exata,landsat_pre2019_corrigido_sv20
clickip-manaus,2018,landsat,30,5,agua,367200.0,36.72,0.3646,111890,1.0,rf_v2.0-dw,2026-09-13T15:46:34.240812+00:00,tratamento,,1,exata,landsat_pre2019_nao_corrigido
clickip-manaus,2019,landsat,30,1,vegetacao_densa,25672500.0,2567.25,25.5298,111732,1.0,rf_v2.0-dw,2026-09-13T15:46:34.240812+00:00,tratamento,,1,exata,landsat_overlap_referencia
clickip-manaus,2019,landsat,30,2,vegetacao_rala,12861900.0,1286.19,12.7904,111732,1.0,rf_v2.0-dw,2026-09-13T15:46:34.240812+00:00,tratamento,,1,exata,landsat_overlap_referencia
clickip-manaus,2019,landsat,30,3,solo_exposto_obras,5153400.0,515.34,5.1248,111732,1.0,rf_v2.0-dw,2026-09-13T15:46:34.240812+00:00,tratamento,,1,exata,landsat_overlap_referencia
clickip-manaus,2019,landsat,30,4,construida_urbana,56118600.0,5611.86,55.8068,111732,1.0,rf_v2.0-dw,2026-09-13T15:46:34.240812+00:00,tratamento,,1,exata,landsat_overlap_referencia
clickip-manaus,2019,landsat,30,5,agua,752400.0,75.24,0.7482,111732,1.0,rf_v2.0-dw,2026-09-13T15:46:34.240812+00:00,tratamento,,1,exata,landsat_overlap_referencia
clickip-manaus,2019,sentinel2,10,1,vegetacao_densa,21789300.0,2178.93,21.6376,1007010,1.0,rf_v2.0-dw,2026-09-13T15:46:34.240812+00:00,tratamento,,1,exata,sentinel2_oficial_2019_2025
clickip-manaus,2019,sentinel2,10,2,vegetacao_rala,5403800.0,540.38,5.3662,1007010,1.0,rf_v2.0-dw,2026-09-13T15:46:34.240812+00:00,tratamento,,1,exata,sentinel2_oficial_2019_2025
clickip-manaus,2019,sentinel2,10,3,solo_exposto_obras,4128900.0,412.89,4.1002,1007010,1.0,rf_v2.0-dw,2026-09-13T15:46:34.240812+00:00,tratamento,,1,exata,sentinel2_oficial_2019_2025
clickip-manaus,2019,sentinel2,10,4,construida_urbana,69255800.0,6925.58,68.7737,1007010,1.0,rf_v2.0-dw,2026-09-13T15:46:34.240812+00:00,tratamento,,1,exata,sentinel2_oficial_2019_2025
clickip-manaus,2019,sentinel2,10,5,agua,123200.0,12.32,0.1223,1007010,1.0,rf_v2.0-dw,2026-09-13T15:46:34.240812+00:00,tratamento,,1,exata,sentinel2_oficial_2019_2025
clickip-manaus,2020,landsat,30,1,vegetacao_densa,23834700.0,2383.47,23.6688,111890,1.0,rf_v2.0-dw,2026-09-13T15:46:34.240812+00:00,tratamento,,1,exata,landsat_overlap_referencia
clickip-manaus,2020,landsat,30,2,vegetacao_rala,9054900.0,905.49,8.9919,111890,1.0,rf_v2.0-dw,2026-09-13T15:46:34.240812+00:00,tratamento,,1,exata,landsat_overlap_referencia
clickip-manaus,2020,landsat,30,3,solo_exposto_obras,3187800.0,318.78,3.1656,111890,1.0,rf_v2.0-dw,2026-09-13T15:46:34.240812+00:00,tratamento,,1,exata,landsat_overlap_referencia
clickip-manaus,2020,landsat,30,4,construida_urbana,63106200.0,6310.62,62.6669,111890,1.0,rf_v2.0-dw,2026-09-13T15:46:34.240812+00:00,tratamento,,1,exata,landsat_overlap_referencia
clickip-manaus,2020,landsat,30,5,agua,1517400.0,151.74,1.5068,111890,1.0,rf_v2.0-dw,2026-09-13T15:46:34.240812+00:00,tratamento,,1,exata,landsat_overlap_referencia
clickip-manaus,2020,sentinel2,10,1,vegetacao_densa,21937100.0,2193.71,21.7844,1007010,1.0,rf_v2.0-dw,2026-09-13T15:46:34.240812+00:00,tratamento,,1,exata,sentinel2_oficial_2019_2025
clickip-manaus,2020,sentinel2,10,2,vegetacao_rala,6329900.0,632.99,6.2858,1007010,1.0,rf_v2.0-dw,2026-09-13T15:46:34.240812+00:00,tratamento,,1,exata,sentinel2_oficial_2019_2025
clickip-manaus,2020,sentinel2,10,3,solo_exposto_obras,4704300.0,470.43,4.6716,1007010,1.0,rf_v2.0-dw,2026-09-13T15:46:34.240812+00:00,tratamento,,1,exata,sentinel2_oficial_2019_2025
clickip-manaus,2020,sentinel2,10,4,construida_urbana,67614000.0,6761.4,67.1433,1007010,1.0,rf_v2.0-dw,2026-09-13T15:46:34.240812+00:00,tratamento,,1,exata,sentinel2_oficial_2019_2025
clickip-manaus,2020,sentinel2,10,5,agua,115700.0,11.57,0.1149,1007010,1.0,rf_v2.0-dw,2026-09-13T15:46:34.240812+00:00,tratamento,,1,exata,sentinel2_oficial_2019_2025
clickip-manaus,2021,landsat,30,1,vegetacao_densa,26679600.0,2667.96,26.4939,111890,1.0,rf_v2.0-dw,2026-09-13T15:46:34.240812+00:00,tratamento,,1,exata,landsat_overlap_referencia
clickip-manaus,2021,landsat,30,2,vegetacao_rala,10068300.0,1006.83,9.9982,111890,1.0,rf_v2.0-dw,2026-09-13T15:46:34.240812+00:00,tratamento,,1,exata,landsat_overlap_referencia
clickip-manaus,2021,landsat,30,3,solo_exposto_obras,4292100.0,429.21,4.2622,111890,1.0,rf_v2.0-dw,2026-09-13T15:46:34.240812+00:00,tratamento,,1,exata,landsat_overlap_referencia
clickip-manaus,2021,landsat,30,4,construida_urbana,59241600.0,5924.16,58.8292,111890,1.0,rf_v2.0-dw,2026-09-13T15:46:34.240812+00:00,tratamento,,1,exata,landsat_overlap_referencia
clickip-manaus,2021,landsat,30,5,agua,419400.0,41.94,0.4165,111890,1.0,rf_v2.0-dw,2026-09-13T15:46:34.240812+00:00,tratamento,,1,exata,landsat_overlap_referencia
clickip-manaus,2021,sentinel2,10,1,vegetacao_densa,22121700.0,2212.17,21.9677,1007010,1.0,rf_v2.0-dw,2026-09-13T15:46:34.240812+00:00,tratamento,,1,exata,sentinel2_oficial_2019_2025
clickip-manaus,2021,sentinel2,10,2,vegetacao_rala,4892000.0,489.2,4.8579,1007010,1.0,rf_v2.0-dw,2026-09-13T15:46:34.240812+00:00,tratamento,,1,exata,sentinel2_oficial_2019_2025
clickip-manaus,2021,sentinel2,10,3,solo_exposto_obras,3392700.0,339.27,3.3691,1007010,1.0,rf_v2.0-dw,2026-09-13T15:46:34.240812+00:00,tratamento,,1,exata,sentinel2_oficial_2019_2025
clickip-manaus,2021,sentinel2,10,4,construida_urbana,70187000.0,7018.7,69.6984,1007010,1.0,rf_v2.0-dw,2026-09-13T15:46:34.240812+00:00,tratamento,,1,exata,sentinel2_oficial_2019_2025
clickip-manaus,2021,sentinel2,10,5,agua,107600.0,10.76,0.1069,1007010,1.0,rf_v2.0-dw,2026-09-13T15:46:34.240812+00:00,tratamento,,1,exata,sentinel2_oficial_2019_2025
clickip-manaus,2022,sentinel2,10,1,vegetacao_densa,20320300.0,2032.03,20.1788,1007010,1.0,rf_v2.0-dw,2026-09-13T15:46:34.240812+00:00,tratamento,,1,exata,sentinel2_oficial_2019_2025
clickip-manaus,2022,sentinel2,10,2,vegetacao_rala,5581900.0,558.19,5.543,1007010,1.0,rf_v2.0-dw,2026-09-13T15:46:34.240812+00:00,tratamento,,1,exata,sentinel2_oficial_2019_2025
clickip-manaus,2022,sentinel2,10,3,solo_exposto_obras,3827000.0,382.7,3.8004,1007010,1.0,rf_v2.0-dw,2026-09-13T15:46:34.240812+00:00,tratamento,,1,exata,sentinel2_oficial_2019_2025
clickip-manaus,2022,sentinel2,10,4,construida_urbana,70862700.0,7086.27,70.3694,1007010,1.0,rf_v2.0-dw,2026-09-13T15:46:34.240812+00:00,tratamento,,1,exata,sentinel2_oficial_2019_2025
clickip-manaus,2022,sentinel2,10,5,agua,109100.0,10.91,0.1083,1007010,1.0,rf_v2.0-dw,2026-09-13T15:46:34.240812+00:00,tratamento,,1,exata,sentinel2_oficial_2019_2025
clickip-manaus,2023,sentinel2,10,1,vegetacao_densa,20577600.0,2057.76,20.4344,1007010,1.0,rf_v2.0-dw,2026-09-13T15:46:34.240812+00:00,tratamento,,1,exata,sentinel2_oficial_2019_2025
clickip-manaus,2023,sentinel2,10,2,vegetacao_rala,5367100.0,536.71,5.3297,1007010,1.0,rf_v2.0-dw,2026-09-13T15:46:34.240812+00:00,tratamento,,1,exata,sentinel2_oficial_2019_2025
clickip-manaus,2023,sentinel2,10,3,solo_exposto_obras,3978100.0,397.81,3.9504,1007010,1.0,rf_v2.0-dw,2026-09-13T15:46:34.240812+00:00,tratamento,,1,exata,sentinel2_oficial_2019_2025
clickip-manaus,2023,sentinel2,10,4,construida_urbana,70685100.0,7068.51,70.193,1007010,1.0,rf_v2.0-dw,2026-09-13T15:46:34.240812+00:00,tratamento,,1,exata,sentinel2_oficial_2019_2025
clickip-manaus,2023,sentinel2,10,5,agua,93100.0,9.31,0.0925,1007010,1.0,rf_v2.0-dw,2026-09-13T15:46:34.240812+00:00,tratamento,,1,exata,sentinel2_oficial_2019_2025
clickip-manaus,2024,sentinel2,10,1,vegetacao_densa,20321500.0,2032.15,20.18,1007010,1.0,rf_v2.0-dw,2026-09-13T15:46:34.240812+00:00,tratamento,,1,exata,sentinel2_oficial_2019_2025
clickip-manaus,2024,sentinel2,10,2,vegetacao_rala,5333300.0,533.33,5.2962,1007010,1.0,rf_v2.0-dw,2026-09-13T15:46:34.240812+00:00,tratamento,,1,exata,sentinel2_oficial_2019_2025
clickip-manaus,2024,sentinel2,10,3,solo_exposto_obras,4287000.0,428.7,4.2572,1007010,1.0,rf_v2.0-dw,2026-09-13T15:46:34.240812+00:00,tratamento,,1,exata,sentinel2_oficial_2019_2025
clickip-manaus,2024,sentinel2,10,4,construida_urbana,70672100.0,7067.21,70.1801,1007010,1.0,rf_v2.0-dw,2026-09-13T15:46:34.240812+00:00,tratamento,,1,exata,sentinel2_oficial_2019_2025
clickip-manaus,2024,sentinel2,10,5,agua,87100.0,8.71,0.0865,1007010,1.0,rf_v2.0-dw,2026-09-13T15:46:34.240812+00:00,tratamento,,1,exata,sentinel2_oficial_2019_2025
clickip-manaus,2025,sentinel2,10,1,vegetacao_densa,21463400.0,2146.34,21.314,1007010,1.0,rf_v2.0-dw,2026-09-13T15:46:34.240812+00:00,tratamento,,1,exata,sentinel2_oficial_2019_2025
clickip-manaus,2025,sentinel2,10,2,vegetacao_rala,4813900.0,481.39,4.7804,1007010,1.0,rf_v2.0-dw,2026-09-13T15:46:34.240812+00:00,tratamento,,1,exata,sentinel2_oficial_2019_2025
clickip-manaus,2025,sentinel2,10,3,solo_exposto_obras,3793100.0,379.31,3.7667,1007010,1.0,rf_v2.0-dw,2026-09-13T15:46:34.240812+00:00,tratamento,,1,exata,sentinel2_oficial_2019_2025
clickip-manaus,2025,sentinel2,10,4,construida_urbana,70532300.0,7053.23,70.0413,1007010,1.0,rf_v2.0-dw,2026-09-13T15:46:34.240812+00:00,tratamento,,1,exata,sentinel2_oficial_2019_2025
clickip-manaus,2025,sentinel2,10,5,agua,98300.0,9.83,0.0976,1007010,1.0,rf_v2.0-dw,2026-09-13T15:46:34.240812+00:00,tratamento,,1,exata,sentinel2_oficial_2019_2025
equinix-santana-parnaiba,2013,landsat,30,1,vegetacao_densa,52524000.0,5252.4,52.2625,111667,1.0,rf_v2.0-dw,2026-09-13T15:46:34.240812+00:00,tratamento,,1,exata,landsat_pre2019_nao_corrigido
equinix-santana-parnaiba,2013,landsat,30,2,vegetacao_rala,10732500.0,1073.25,10.6791,111667,1.0,rf_v2.0-dw,2026-09-13T15:46:34.240812+00:00,tratamento,,1,exata,landsat_pre2019_nao_corrigido
equinix-santana-parnaiba,2013,landsat,30,3,solo_exposto_obras,2609100.0,260.91,2.5961,111667,1.0,rf_v2.0-dw,2026-09-13T15:46:34.240812+00:00,tratamento,,1,exata,landsat_pre2019_nao_corrigido
equinix-santana-parnaiba,2013,landsat,30,4,construida_urbana,29343600.0,2934.36,29.1975,111667,0.6904,rf_v2.0-dw,2026-09-13T15:46:34.240812+00:00,tratamento,,1,exata,landsat_pre2019_corrigido_sv20
equinix-santana-parnaiba,2013,landsat,30,5,agua,5291100.0,529.11,5.2648,111667,1.0,rf_v2.0-dw,2026-09-13T15:46:34.240812+00:00,tratamento,,1,exata,landsat_pre2019_nao_corrigido
equinix-santana-parnaiba,2014,landsat,30,1,vegetacao_densa,49638600.0,4963.86,49.4273,111586,1.0,rf_v2.0-dw,2026-09-13T15:46:34.240812+00:00,tratamento,,1,exata,landsat_pre2019_nao_corrigido
equinix-santana-parnaiba,2014,landsat,30,2,vegetacao_rala,12580200.0,1258.02,12.5267,111586,1.0,rf_v2.0-dw,2026-09-13T15:46:34.240812+00:00,tratamento,,1,exata,landsat_pre2019_nao_corrigido
equinix-santana-parnaiba,2014,landsat,30,3,solo_exposto_obras,3621600.0,362.16,3.6062,111586,1.0,rf_v2.0-dw,2026-09-13T15:46:34.240812+00:00,tratamento,,1,exata,landsat_pre2019_nao_corrigido
equinix-santana-parnaiba,2014,landsat,30,4,construida_urbana,27432000.0,2743.2,27.3153,111586,0.6904,rf_v2.0-dw,2026-09-13T15:46:34.240812+00:00,tratamento,,1,exata,landsat_pre2019_corrigido_sv20
equinix-santana-parnaiba,2014,landsat,30,5,agua,7155000.0,715.5,7.1245,111586,1.0,rf_v2.0-dw,2026-09-13T15:46:34.240812+00:00,tratamento,,1,exata,landsat_pre2019_nao_corrigido
equinix-santana-parnaiba,2015,landsat,30,1,vegetacao_densa,47212200.0,4721.22,46.8886,111878,1.0,rf_v2.0-dw,2026-09-13T15:46:34.240812+00:00,tratamento,,1,exata,landsat_pre2019_nao_corrigido
equinix-santana-parnaiba,2015,landsat,30,2,vegetacao_rala,13619700.0,1361.97,13.5263,111878,1.0,rf_v2.0-dw,2026-09-13T15:46:34.240812+00:00,tratamento,,1,exata,landsat_pre2019_nao_corrigido
equinix-santana-parnaiba,2015,landsat,30,3,solo_exposto_obras,3527100.0,352.71,3.5029,111878,1.0,rf_v2.0-dw,2026-09-13T15:46:34.240812+00:00,tratamento,,1,exata,landsat_pre2019_nao_corrigido
equinix-santana-parnaiba,2015,landsat,30,4,construida_urbana,32508900.0,3250.89,32.2861,111878,0.6904,rf_v2.0-dw,2026-09-13T15:46:34.240812+00:00,tratamento,,1,exata,landsat_pre2019_corrigido_sv20
equinix-santana-parnaiba,2015,landsat,30,5,agua,3822300.0,382.23,3.7961,111878,1.0,rf_v2.0-dw,2026-09-13T15:46:34.240812+00:00,tratamento,,1,exata,landsat_pre2019_nao_corrigido
equinix-santana-parnaiba,2016,landsat,30,1,vegetacao_densa,47579400.0,4757.94,47.3969,111539,1.0,rf_v2.0-dw,2026-09-13T15:46:34.240812+00:00,tratamento,,1,exata,landsat_pre2019_nao_corrigido
equinix-santana-parnaiba,2016,landsat,30,2,vegetacao_rala,13176900.0,1317.69,13.1264,111539,1.0,rf_v2.0-dw,2026-09-13T15:46:34.240812+00:00,tratamento,,1,exata,landsat_pre2019_nao_corrigido
equinix-santana-parnaiba,2016,landsat,30,3,solo_exposto_obras,3105900.0,310.59,3.094,111539,1.0,rf_v2.0-dw,2026-09-13T15:46:34.240812+00:00,tratamento,,1,exata,landsat_pre2019_nao_corrigido
equinix-santana-parnaiba,2016,landsat,30,4,construida_urbana,29808900.0,2980.89,29.6945,111539,0.6904,rf_v2.0-dw,2026-09-13T15:46:34.240812+00:00,tratamento,,1,exata,landsat_pre2019_corrigido_sv20
equinix-santana-parnaiba,2016,landsat,30,5,agua,6714000.0,671.4,6.6882,111539,1.0,rf_v2.0-dw,2026-09-13T15:46:34.240812+00:00,tratamento,,1,exata,landsat_pre2019_nao_corrigido
equinix-santana-parnaiba,2017,landsat,30,1,vegetacao_densa,47936700.0,4793.67,47.6051,111885,1.0,rf_v2.0-dw,2026-09-13T15:46:34.240812+00:00,tratamento,,1,exata,landsat_pre2019_nao_corrigido
equinix-santana-parnaiba,2017,landsat,30,2,vegetacao_rala,13305600.0,1330.56,13.2136,111885,1.0,rf_v2.0-dw,2026-09-13T15:46:34.240812+00:00,tratamento,,1,exata,landsat_pre2019_nao_corrigido
equinix-santana-parnaiba,2017,landsat,30,3,solo_exposto_obras,2858400.0,285.84,2.8386,111885,1.0,rf_v2.0-dw,2026-09-13T15:46:34.240812+00:00,tratamento,,1,exata,landsat_pre2019_nao_corrigido
equinix-santana-parnaiba,2017,landsat,30,4,construida_urbana,32475600.0,3247.56,32.251,111885,0.6904,rf_v2.0-dw,2026-09-13T15:46:34.240812+00:00,tratamento,,1,exata,landsat_pre2019_corrigido_sv20
equinix-santana-parnaiba,2017,landsat,30,5,agua,4120200.0,412.02,4.0917,111885,1.0,rf_v2.0-dw,2026-09-13T15:46:34.240812+00:00,tratamento,,1,exata,landsat_pre2019_nao_corrigido
equinix-santana-parnaiba,2018,landsat,30,1,vegetacao_densa,45101700.0,4510.17,44.7925,111878,1.0,rf_v2.0-dw,2026-09-13T15:46:34.240812+00:00,tratamento,,1,exata,landsat_pre2019_nao_corrigido
equinix-santana-parnaiba,2018,landsat,30,2,vegetacao_rala,15860700.0,1586.07,15.752,111878,1.0,rf_v2.0-dw,2026-09-13T15:46:34.240812+00:00,tratamento,,1,exata,landsat_pre2019_nao_corrigido
equinix-santana-parnaiba,2018,landsat,30,3,solo_exposto_obras,3589200.0,358.92,3.5646,111878,1.0,rf_v2.0-dw,2026-09-13T15:46:34.240812+00:00,tratamento,,1,exata,landsat_pre2019_nao_corrigido
equinix-santana-parnaiba,2018,landsat,30,4,construida_urbana,31145400.0,3114.54,30.9319,111878,0.6904,rf_v2.0-dw,2026-09-13T15:46:34.240812+00:00,tratamento,,1,exata,landsat_pre2019_corrigido_sv20
equinix-santana-parnaiba,2018,landsat,30,5,agua,4993200.0,499.32,4.959,111878,1.0,rf_v2.0-dw,2026-09-13T15:46:34.240812+00:00,tratamento,,1,exata,landsat_pre2019_nao_corrigido
equinix-santana-parnaiba,2019,landsat,30,1,vegetacao_densa,51556500.0,5155.65,51.1976,111890,1.0,rf_v2.0-dw,2026-09-13T15:46:34.240812+00:00,tratamento,,1,exata,landsat_overlap_referencia
equinix-santana-parnaiba,2019,landsat,30,2,vegetacao_rala,11214900.0,1121.49,11.1368,111890,1.0,rf_v2.0-dw,2026-09-13T15:46:34.240812+00:00,tratamento,,1,exata,landsat_overlap_referencia
equinix-santana-parnaiba,2019,landsat,30,3,solo_exposto_obras,2770200.0,277.02,2.7509,111890,1.0,rf_v2.0-dw,2026-09-13T15:46:34.240812+00:00,tratamento,,1,exata,landsat_overlap_referencia
equinix-santana-parnaiba,2019,landsat,30,4,construida_urbana,29610900.0,2961.09,29.4048,111890,1.0,rf_v2.0-dw,2026-09-13T15:46:34.240812+00:00,tratamento,,1,exata,landsat_overlap_referencia
equinix-santana-parnaiba,2019,landsat,30,5,agua,5548500.0,554.85,5.5099,111890,1.0,rf_v2.0-dw,2026-09-13T15:46:34.240812+00:00,tratamento,,1,exata,landsat_overlap_referencia
equinix-santana-parnaiba,2019,sentinel2,10,1,vegetacao_densa,49771200.0,4977.12,49.4247,1007010,1.0,rf_v2.0-dw,2026-09-13T15:46:34.240812+00:00,tratamento,,1,exata,sentinel2_oficial_2019_2025
equinix-santana-parnaiba,2019,sentinel2,10,2,vegetacao_rala,9312200.0,931.22,9.2474,1007010,1.0,rf_v2.0-dw,2026-09-13T15:46:34.240812+00:00,tratamento,,1,exata,sentinel2_oficial_2019_2025
equinix-santana-parnaiba,2019,sentinel2,10,3,solo_exposto_obras,3039200.0,303.92,3.018,1007010,1.0,rf_v2.0-dw,2026-09-13T15:46:34.240812+00:00,tratamento,,1,exata,sentinel2_oficial_2019_2025
equinix-santana-parnaiba,2019,sentinel2,10,4,construida_urbana,35248600.0,3524.86,35.0032,1007010,1.0,rf_v2.0-dw,2026-09-13T15:46:34.240812+00:00,tratamento,,1,exata,sentinel2_oficial_2019_2025
equinix-santana-parnaiba,2019,sentinel2,10,5,agua,3329800.0,332.98,3.3066,1007010,1.0,rf_v2.0-dw,2026-09-13T15:46:34.240812+00:00,tratamento,,1,exata,sentinel2_oficial_2019_2025
equinix-santana-parnaiba,2020,landsat,30,1,vegetacao_densa,48740400.0,4874.04,48.4046,111882,1.0,rf_v2.0-dw,2026-09-13T15:46:34.240812+00:00,tratamento,,1,exata,landsat_overlap_referencia
equinix-santana-parnaiba,2020,landsat,30,2,vegetacao_rala,12677400.0,1267.74,12.5901,111882,1.0,rf_v2.0-dw,2026-09-13T15:46:34.240812+00:00,tratamento,,1,exata,landsat_overlap_referencia
equinix-santana-parnaiba,2020,landsat,30,3,solo_exposto_obras,2741400.0,274.14,2.7225,111882,1.0,rf_v2.0-dw,2026-09-13T15:46:34.240812+00:00,tratamento,,1,exata,landsat_overlap_referencia
equinix-santana-parnaiba,2020,landsat,30,4,construida_urbana,28143000.0,2814.3,27.9491,111882,1.0,rf_v2.0-dw,2026-09-13T15:46:34.240812+00:00,tratamento,,1,exata,landsat_overlap_referencia
equinix-santana-parnaiba,2020,landsat,30,5,agua,8391600.0,839.16,8.3338,111882,1.0,rf_v2.0-dw,2026-09-13T15:46:34.240812+00:00,tratamento,,1,exata,landsat_overlap_referencia
equinix-santana-parnaiba,2020,sentinel2,10,1,vegetacao_densa,45819000.0,4581.9,45.5,1007010,1.0,rf_v2.0-dw,2026-09-13T15:46:34.240812+00:00,tratamento,,1,exata,sentinel2_oficial_2019_2025
equinix-santana-parnaiba,2020,sentinel2,10,2,vegetacao_rala,10771500.0,1077.15,10.6965,1007010,1.0,rf_v2.0-dw,2026-09-13T15:46:34.240812+00:00,tratamento,,1,exata,sentinel2_oficial_2019_2025
equinix-santana-parnaiba,2020,sentinel2,10,3,solo_exposto_obras,3344300.0,334.43,3.321,1007010,1.0,rf_v2.0-dw,2026-09-13T15:46:34.240812+00:00,tratamento,,1,exata,sentinel2_oficial_2019_2025
equinix-santana-parnaiba,2020,sentinel2,10,4,construida_urbana,38001200.0,3800.12,37.7367,1007010,1.0,rf_v2.0-dw,2026-09-13T15:46:34.240812+00:00,tratamento,,1,exata,sentinel2_oficial_2019_2025
equinix-santana-parnaiba,2020,sentinel2,10,5,agua,2765000.0,276.5,2.7458,1007010,1.0,rf_v2.0-dw,2026-09-13T15:46:34.240812+00:00,tratamento,,1,exata,sentinel2_oficial_2019_2025
equinix-santana-parnaiba,2021,landsat,30,1,vegetacao_densa,46287000.0,4628.7,45.9693,111879,1.0,rf_v2.0-dw,2026-09-13T15:46:34.240812+00:00,tratamento,,1,exata,landsat_overlap_referencia
equinix-santana-parnaiba,2021,landsat,30,2,vegetacao_rala,12406500.0,1240.65,12.3213,111879,1.0,rf_v2.0-dw,2026-09-13T15:46:34.240812+00:00,tratamento,,1,exata,landsat_overlap_referencia
equinix-santana-parnaiba,2021,landsat,30,3,solo_exposto_obras,3439800.0,343.98,3.4162,111879,1.0,rf_v2.0-dw,2026-09-13T15:46:34.240812+00:00,tratamento,,1,exata,landsat_overlap_referencia
equinix-santana-parnaiba,2021,landsat,30,4,construida_urbana,32314500.0,3231.45,32.0927,111879,1.0,rf_v2.0-dw,2026-09-13T15:46:34.240812+00:00,tratamento,,1,exata,landsat_overlap_referencia
equinix-santana-parnaiba,2021,landsat,30,5,agua,6243300.0,624.33,6.2004,111879,1.0,rf_v2.0-dw,2026-09-13T15:46:34.240812+00:00,tratamento,,1,exata,landsat_overlap_referencia
equinix-santana-parnaiba,2021,sentinel2,10,1,vegetacao_densa,43556900.0,4355.69,43.2537,1007010,1.0,rf_v2.0-dw,2026-09-13T15:46:34.240812+00:00,tratamento,,1,exata,sentinel2_oficial_2019_2025
equinix-santana-parnaiba,2021,sentinel2,10,2,vegetacao_rala,10818300.0,1081.83,10.743,1007010,1.0,rf_v2.0-dw,2026-09-13T15:46:34.240812+00:00,tratamento,,1,exata,sentinel2_oficial_2019_2025
equinix-santana-parnaiba,2021,sentinel2,10,3,solo_exposto_obras,3649500.0,364.95,3.6241,1007010,1.0,rf_v2.0-dw,2026-09-13T15:46:34.240812+00:00,tratamento,,1,exata,sentinel2_oficial_2019_2025
equinix-santana-parnaiba,2021,sentinel2,10,4,construida_urbana,39958100.0,3995.81,39.6799,1007010,1.0,rf_v2.0-dw,2026-09-13T15:46:34.240812+00:00,tratamento,,1,exata,sentinel2_oficial_2019_2025
equinix-santana-parnaiba,2021,sentinel2,10,5,agua,2718200.0,271.82,2.6993,1007010,1.0,rf_v2.0-dw,2026-09-13T15:46:34.240812+00:00,tratamento,,1,exata,sentinel2_oficial_2019_2025
equinix-santana-parnaiba,2022,landsat,30,1,vegetacao_densa,47332800.0,4733.28,47.0454,111790,1.0,rf_v2.0-dw,2026-09-13T15:46:34.240812+00:00,tratamento,,1,exata,landsat_pre2019_nao_corrigido
equinix-santana-parnaiba,2022,landsat,30,2,vegetacao_rala,11343600.0,1134.36,11.2747,111790,1.0,rf_v2.0-dw,2026-09-13T15:46:34.240812+00:00,tratamento,,1,exata,landsat_pre2019_nao_corrigido
equinix-santana-parnaiba,2022,landsat,30,3,solo_exposto_obras,2769300.0,276.93,2.7525,111790,1.0,rf_v2.0-dw,2026-09-13T15:46:34.240812+00:00,tratamento,,1,exata,landsat_pre2019_nao_corrigido
equinix-santana-parnaiba,2022,landsat,30,4,construida_urbana,32616900.0,3261.69,32.4188,111790,0.6904,rf_v2.0-dw,2026-09-13T15:46:34.240812+00:00,tratamento,,1,exata,landsat_pre2019_corrigido_sv20
equinix-santana-parnaiba,2022,landsat,30,5,agua,6548400.0,654.84,6.5086,111790,1.0,rf_v2.0-dw,2026-09-13T15:46:34.240812+00:00,tratamento,,1,exata,landsat_pre2019_nao_corrigido
equinix-santana-parnaiba,2022,sentinel2,10,1,vegetacao_densa,47101200.0,4710.12,46.7733,1007010,1.0,rf_v2.0-dw,2026-09-13T15:46:34.240812+00:00,tratamento,,1,exata,sentinel2_oficial_2019_2025
equinix-santana-parnaiba,2022,sentinel2,10,2,vegetacao_rala,8708000.0,870.8,8.6474,1007010,1.0,rf_v2.0-dw,2026-09-13T15:46:34.240812+00:00,tratamento,,1,exata,sentinel2_oficial_2019_2025
equinix-santana-parnaiba,2022,sentinel2,10,3,solo_exposto_obras,2957400.0,295.74,2.9368,1007010,1.0,rf_v2.0-dw,2026-09-13T15:46:34.240812+00:00,tratamento,,1,exata,sentinel2_oficial_2019_2025
equinix-santana-parnaiba,2022,sentinel2,10,4,construida_urbana,38300800.0,3830.08,38.0342,1007010,1.0,rf_v2.0-dw,2026-09-13T15:46:34.240812+00:00,tratamento,,1,exata,sentinel2_oficial_2019_2025
equinix-santana-parnaiba,2022,sentinel2,10,5,agua,3633600.0,363.36,3.6083,1007010,1.0,rf_v2.0-dw,2026-09-13T15:46:34.240812+00:00,tratamento,,1,exata,sentinel2_oficial_2019_2025
equinix-santana-parnaiba,2023,landsat,30,1,vegetacao_densa,49633200.0,4963.32,49.3569,111733,1.0,rf_v2.0-dw,2026-09-13T15:46:34.240812+00:00,tratamento,,1,exata,landsat_pre2019_nao_corrigido
equinix-santana-parnaiba,2023,landsat,30,2,vegetacao_rala,10321200.0,1032.12,10.2638,111733,1.0,rf_v2.0-dw,2026-09-13T15:46:34.240812+00:00,tratamento,,1,exata,landsat_pre2019_nao_corrigido
equinix-santana-parnaiba,2023,landsat,30,3,solo_exposto_obras,2986200.0,298.62,2.9696,111733,1.0,rf_v2.0-dw,2026-09-13T15:46:34.240812+00:00,tratamento,,1,exata,landsat_pre2019_nao_corrigido
equinix-santana-parnaiba,2023,landsat,30,4,construida_urbana,31195800.0,3119.58,31.0222,111733,0.6904,rf_v2.0-dw,2026-09-13T15:46:34.240812+00:00,tratamento,,1,exata,landsat_pre2019_corrigido_sv20
equinix-santana-parnaiba,2023,landsat,30,5,agua,6423300.0,642.33,6.3875,111733,1.0,rf_v2.0-dw,2026-09-13T15:46:34.240812+00:00,tratamento,,1,exata,landsat_pre2019_nao_corrigido
equinix-santana-parnaiba,2023,sentinel2,10,1,vegetacao_densa,47686400.0,4768.64,47.3544,1007010,1.0,rf_v2.0-dw,2026-09-13T15:46:34.240812+00:00,tratamento,,1,exata,sentinel2_oficial_2019_2025
equinix-santana-parnaiba,2023,sentinel2,10,2,vegetacao_rala,8303000.0,830.3,8.2452,1007010,1.0,rf_v2.0-dw,2026-09-13T15:46:34.240812+00:00,tratamento,,1,exata,sentinel2_oficial_2019_2025
equinix-santana-parnaiba,2023,sentinel2,10,3,solo_exposto_obras,3002100.0,300.21,2.9812,1007010,1.0,rf_v2.0-dw,2026-09-13T15:46:34.240812+00:00,tratamento,,1,exata,sentinel2_oficial_2019_2025
equinix-santana-parnaiba,2023,sentinel2,10,4,construida_urbana,37847500.0,3784.75,37.584,1007010,1.0,rf_v2.0-dw,2026-09-13T15:46:34.240812+00:00,tratamento,,1,exata,sentinel2_oficial_2019_2025
equinix-santana-parnaiba,2023,sentinel2,10,5,agua,3862000.0,386.2,3.8351,1007010,1.0,rf_v2.0-dw,2026-09-13T15:46:34.240812+00:00,tratamento,,1,exata,sentinel2_oficial_2019_2025
equinix-santana-parnaiba,2024,landsat,30,1,vegetacao_densa,48606300.0,4860.63,48.2783,111866,1.0,rf_v2.0-dw,2026-09-13T15:46:34.240812+00:00,tratamento,,1,exata,landsat_pre2019_nao_corrigido
equinix-santana-parnaiba,2024,landsat,30,2,vegetacao_rala,10844100.0,1084.41,10.7709,111866,1.0,rf_v2.0-dw,2026-09-13T15:46:34.240812+00:00,tratamento,,1,exata,landsat_pre2019_nao_corrigido
equinix-santana-parnaiba,2024,landsat,30,3,solo_exposto_obras,2886300.0,288.63,2.8668,111866,1.0,rf_v2.0-dw,2026-09-13T15:46:34.240812+00:00,tratamento,,1,exata,landsat_pre2019_nao_corrigido
equinix-santana-parnaiba,2024,landsat,30,4,construida_urbana,31602600.0,3160.26,31.3893,111866,0.6904,rf_v2.0-dw,2026-09-13T15:46:34.240812+00:00,tratamento,,1,exata,landsat_pre2019_corrigido_sv20
equinix-santana-parnaiba,2024,landsat,30,5,agua,6740100.0,674.01,6.6946,111866,1.0,rf_v2.0-dw,2026-09-13T15:46:34.240812+00:00,tratamento,,1,exata,landsat_pre2019_nao_corrigido
equinix-santana-parnaiba,2024,sentinel2,10,1,vegetacao_densa,46080300.0,4608.03,45.7595,1007010,1.0,rf_v2.0-dw,2026-09-13T15:46:34.240812+00:00,tratamento,,1,exata,sentinel2_oficial_2019_2025
equinix-santana-parnaiba,2024,sentinel2,10,2,vegetacao_rala,9847900.0,984.79,9.7793,1007010,1.0,rf_v2.0-dw,2026-09-13T15:46:34.240812+00:00,tratamento,,1,exata,sentinel2_oficial_2019_2025
equinix-santana-parnaiba,2024,sentinel2,10,3,solo_exposto_obras,3004400.0,300.44,2.9835,1007010,1.0,rf_v2.0-dw,2026-09-13T15:46:34.240812+00:00,tratamento,,1,exata,sentinel2_oficial_2019_2025
equinix-santana-parnaiba,2024,sentinel2,10,4,construida_urbana,38514700.0,3851.47,38.2466,1007010,1.0,rf_v2.0-dw,2026-09-13T15:46:34.240812+00:00,tratamento,,1,exata,sentinel2_oficial_2019_2025
equinix-santana-parnaiba,2024,sentinel2,10,5,agua,3253700.0,325.37,3.2311,1007010,1.0,rf_v2.0-dw,2026-09-13T15:46:34.240812+00:00,tratamento,,1,exata,sentinel2_oficial_2019_2025
equinix-santana-parnaiba,2025,sentinel2,10,1,vegetacao_densa,47898300.0,4789.83,47.5649,1007010,1.0,rf_v2.0-dw,2026-09-13T15:46:34.240812+00:00,tratamento,,1,exata,sentinel2_oficial_2019_2025
equinix-santana-parnaiba,2025,sentinel2,10,2,vegetacao_rala,7372800.0,737.28,7.3215,1007010,1.0,rf_v2.0-dw,2026-09-13T15:46:34.240812+00:00,tratamento,,1,exata,sentinel2_oficial_2019_2025
equinix-santana-parnaiba,2025,sentinel2,10,3,solo_exposto_obras,2888000.0,288.8,2.8679,1007010,1.0,rf_v2.0-dw,2026-09-13T15:46:34.240812+00:00,tratamento,,1,exata,sentinel2_oficial_2019_2025
equinix-santana-parnaiba,2025,sentinel2,10,4,construida_urbana,39276500.0,3927.65,39.0031,1007010,1.0,rf_v2.0-dw,2026-09-13T15:46:34.240812+00:00,tratamento,,1,exata,sentinel2_oficial_2019_2025
equinix-santana-parnaiba,2025,sentinel2,10,5,agua,3265400.0,326.54,3.2427,1007010,1.0,rf_v2.0-dw,2026-09-13T15:46:34.240812+00:00,tratamento,,1,exata,sentinel2_oficial_2019_2025
everest-goiania,2013,landsat,30,1,vegetacao_densa,13536900.0,1353.69,13.4829,111556,1.0,rf_v2.0-dw,2026-09-13T15:46:34.240812+00:00,tratamento,,1,aproximada,landsat_pre2019_nao_corrigido
everest-goiania,2013,landsat,30,2,vegetacao_rala,24316200.0,2431.62,24.2192,111556,1.0,rf_v2.0-dw,2026-09-13T15:46:34.240812+00:00,tratamento,,1,aproximada,landsat_pre2019_nao_corrigido
everest-goiania,2013,landsat,30,3,solo_exposto_obras,7404300.0,740.43,7.3748,111556,1.0,rf_v2.0-dw,2026-09-13T15:46:34.240812+00:00,tratamento,,1,aproximada,landsat_pre2019_nao_corrigido
everest-goiania,2013,landsat,30,4,construida_urbana,52447500.0,5244.75,52.2383,111556,0.8181,rf_v2.0-dw,2026-09-13T15:46:34.240812+00:00,tratamento,,1,aproximada,landsat_pre2019_corrigido_sv20
everest-goiania,2013,landsat,30,5,agua,2695500.0,269.55,2.6848,111556,1.0,rf_v2.0-dw,2026-09-13T15:46:34.240812+00:00,tratamento,,1,aproximada,landsat_pre2019_nao_corrigido
everest-goiania,2014,landsat,30,1,vegetacao_densa,14135400.0,1413.54,14.079,111556,1.0,rf_v2.0-dw,2026-09-13T15:46:34.240812+00:00,tratamento,,1,aproximada,landsat_pre2019_nao_corrigido
everest-goiania,2014,landsat,30,2,vegetacao_rala,23208300.0,2320.83,23.1157,111556,1.0,rf_v2.0-dw,2026-09-13T15:46:34.240812+00:00,tratamento,,1,aproximada,landsat_pre2019_nao_corrigido
everest-goiania,2014,landsat,30,3,solo_exposto_obras,7514100.0,751.41,7.4841,111556,1.0,rf_v2.0-dw,2026-09-13T15:46:34.240812+00:00,tratamento,,1,aproximada,landsat_pre2019_nao_corrigido
everest-goiania,2014,landsat,30,4,construida_urbana,52344900.0,5234.49,52.1361,111556,0.8181,rf_v2.0-dw,2026-09-13T15:46:34.240812+00:00,tratamento,,1,aproximada,landsat_pre2019_corrigido_sv20
everest-goiania,2014,landsat,30,5,agua,3197700.0,319.77,3.1849,111556,1.0,rf_v2.0-dw,2026-09-13T15:46:34.240812+00:00,tratamento,,1,aproximada,landsat_pre2019_nao_corrigido
everest-goiania,2015,landsat,30,1,vegetacao_densa,17791200.0,1779.12,17.7202,111556,1.0,rf_v2.0-dw,2026-09-13T15:46:34.240812+00:00,tratamento,,1,aproximada,landsat_pre2019_nao_corrigido
everest-goiania,2015,landsat,30,2,vegetacao_rala,25499700.0,2549.97,25.398,111556,1.0,rf_v2.0-dw,2026-09-13T15:46:34.240812+00:00,tratamento,,1,aproximada,landsat_pre2019_nao_corrigido
everest-goiania,2015,landsat,30,3,solo_exposto_obras,6807600.0,680.76,6.7805,111556,1.0,rf_v2.0-dw,2026-09-13T15:46:34.240812+00:00,tratamento,,1,aproximada,landsat_pre2019_nao_corrigido
everest-goiania,2015,landsat,30,4,construida_urbana,45773100.0,4577.31,45.5906,111556,0.8181,rf_v2.0-dw,2026-09-13T15:46:34.240812+00:00,tratamento,,1,aproximada,landsat_pre2019_corrigido_sv20
everest-goiania,2015,landsat,30,5,agua,4528800.0,452.88,4.5107,111556,1.0,rf_v2.0-dw,2026-09-13T15:46:34.240812+00:00,tratamento,,1,aproximada,landsat_pre2019_nao_corrigido
everest-goiania,2016,landsat,30,1,vegetacao_densa,13075200.0,1307.52,13.0231,111556,1.0,rf_v2.0-dw,2026-09-13T15:46:34.240812+00:00,tratamento,,1,aproximada,landsat_pre2019_nao_corrigido
everest-goiania,2016,landsat,30,2,vegetacao_rala,20997000.0,2099.7,20.9133,111556,1.0,rf_v2.0-dw,2026-09-13T15:46:34.240812+00:00,tratamento,,1,aproximada,landsat_pre2019_nao_corrigido
everest-goiania,2016,landsat,30,3,solo_exposto_obras,7743600.0,774.36,7.7127,111556,1.0,rf_v2.0-dw,2026-09-13T15:46:34.240812+00:00,tratamento,,1,aproximada,landsat_pre2019_nao_corrigido
everest-goiania,2016,landsat,30,4,construida_urbana,55485000.0,5548.5,55.2637,111556,0.8181,rf_v2.0-dw,2026-09-13T15:46:34.240812+00:00,tratamento,,1,aproximada,landsat_pre2019_corrigido_sv20
everest-goiania,2016,landsat,30,5,agua,3099600.0,309.96,3.0872,111556,1.0,rf_v2.0-dw,2026-09-13T15:46:34.240812+00:00,tratamento,,1,aproximada,landsat_pre2019_nao_corrigido
everest-goiania,2017,landsat,30,1,vegetacao_densa,14775300.0,1477.53,14.7164,111556,1.0,rf_v2.0-dw,2026-09-13T15:46:34.240812+00:00,tratamento,,1,aproximada,landsat_pre2019_nao_corrigido
everest-goiania,2017,landsat,30,2,vegetacao_rala,18880200.0,1888.02,18.8049,111556,1.0,rf_v2.0-dw,2026-09-13T15:46:34.240812+00:00,tratamento,,1,aproximada,landsat_pre2019_nao_corrigido
everest-goiania,2017,landsat,30,3,solo_exposto_obras,8770500.0,877.05,8.7355,111556,1.0,rf_v2.0-dw,2026-09-13T15:46:34.240812+00:00,tratamento,,1,aproximada,landsat_pre2019_nao_corrigido
everest-goiania,2017,landsat,30,4,construida_urbana,55273500.0,5527.35,55.0531,111556,0.8181,rf_v2.0-dw,2026-09-13T15:46:34.240812+00:00,tratamento,,1,aproximada,landsat_pre2019_corrigido_sv20
everest-goiania,2017,landsat,30,5,agua,2700900.0,270.09,2.6901,111556,1.0,rf_v2.0-dw,2026-09-13T15:46:34.240812+00:00,tratamento,,1,aproximada,landsat_pre2019_nao_corrigido
everest-goiania,2018,landsat,30,1,vegetacao_densa,14757300.0,1475.73,14.6988,111553,1.0,rf_v2.0-dw,2026-09-13T15:46:34.240812+00:00,tratamento,,1,aproximada,landsat_pre2019_nao_corrigido
everest-goiania,2018,landsat,30,2,vegetacao_rala,23292000.0,2329.2,23.1997,111553,1.0,rf_v2.0-dw,2026-09-13T15:46:34.240812+00:00,tratamento,,1,aproximada,landsat_pre2019_nao_corrigido
everest-goiania,2018,landsat,30,3,solo_exposto_obras,8410500.0,841.05,8.3772,111553,1.0,rf_v2.0-dw,2026-09-13T15:46:34.240812+00:00,tratamento,,1,aproximada,landsat_pre2019_nao_corrigido
everest-goiania,2018,landsat,30,4,construida_urbana,50615100.0,5061.51,50.4146,111553,0.8181,rf_v2.0-dw,2026-09-13T15:46:34.240812+00:00,tratamento,,1,aproximada,landsat_pre2019_corrigido_sv20
everest-goiania,2018,landsat,30,5,agua,3322800.0,332.28,3.3096,111553,1.0,rf_v2.0-dw,2026-09-13T15:46:34.240812+00:00,tratamento,,1,aproximada,landsat_pre2019_nao_corrigido
everest-goiania,2019,landsat,30,1,vegetacao_densa,14909400.0,1490.94,14.8499,111556,1.0,rf_v2.0-dw,2026-09-13T15:46:34.240812+00:00,tratamento,,1,aproximada,landsat_overlap_referencia
everest-goiania,2019,landsat,30,2,vegetacao_rala,21422700.0,2142.27,21.3373,111556,1.0,rf_v2.0-dw,2026-09-13T15:46:34.240812+00:00,tratamento,,1,aproximada,landsat_overlap_referencia
everest-goiania,2019,landsat,30,3,solo_exposto_obras,7213500.0,721.35,7.1847,111556,1.0,rf_v2.0-dw,2026-09-13T15:46:34.240812+00:00,tratamento,,1,aproximada,landsat_overlap_referencia
everest-goiania,2019,landsat,30,4,construida_urbana,53729100.0,5372.91,53.5148,111556,1.0,rf_v2.0-dw,2026-09-13T15:46:34.240812+00:00,tratamento,,1,aproximada,landsat_overlap_referencia
everest-goiania,2019,landsat,30,5,agua,3125700.0,312.57,3.1132,111556,1.0,rf_v2.0-dw,2026-09-13T15:46:34.240812+00:00,tratamento,,1,aproximada,landsat_overlap_referencia
everest-goiania,2019,sentinel2,10,1,vegetacao_densa,13562900.0,1356.29,13.5088,1004004,1.0,rf_v2.0-dw,2026-09-13T15:46:34.240812+00:00,tratamento,,1,aproximada,sentinel2_oficial_2019_2025
everest-goiania,2019,sentinel2,10,2,vegetacao_rala,13267400.0,1326.74,13.2145,1004004,1.0,rf_v2.0-dw,2026-09-13T15:46:34.240812+00:00,tratamento,,1,aproximada,sentinel2_oficial_2019_2025
everest-goiania,2019,sentinel2,10,3,solo_exposto_obras,5349800.0,534.98,5.3285,1004004,1.0,rf_v2.0-dw,2026-09-13T15:46:34.240812+00:00,tratamento,,1,aproximada,sentinel2_oficial_2019_2025
everest-goiania,2019,sentinel2,10,4,construida_urbana,66721100.0,6672.11,66.455,1004004,1.0,rf_v2.0-dw,2026-09-13T15:46:34.240812+00:00,tratamento,,1,aproximada,sentinel2_oficial_2019_2025
everest-goiania,2019,sentinel2,10,5,agua,1499200.0,149.92,1.4932,1004004,1.0,rf_v2.0-dw,2026-09-13T15:46:34.240812+00:00,tratamento,,1,aproximada,sentinel2_oficial_2019_2025
everest-goiania,2020,landsat,30,1,vegetacao_densa,14526900.0,1452.69,14.469,111556,1.0,rf_v2.0-dw,2026-09-13T15:46:34.240812+00:00,tratamento,,1,aproximada,landsat_overlap_referencia
everest-goiania,2020,landsat,30,2,vegetacao_rala,21312900.0,2131.29,21.2279,111556,1.0,rf_v2.0-dw,2026-09-13T15:46:34.240812+00:00,tratamento,,1,aproximada,landsat_overlap_referencia
everest-goiania,2020,landsat,30,3,solo_exposto_obras,7772400.0,777.24,7.7414,111556,1.0,rf_v2.0-dw,2026-09-13T15:46:34.240812+00:00,tratamento,,1,aproximada,landsat_overlap_referencia
everest-goiania,2020,landsat,30,4,construida_urbana,54178200.0,5417.82,53.9621,111556,1.0,rf_v2.0-dw,2026-09-13T15:46:34.240812+00:00,tratamento,,1,aproximada,landsat_overlap_referencia
everest-goiania,2020,landsat,30,5,agua,2610000.0,261.0,2.5996,111556,1.0,rf_v2.0-dw,2026-09-13T15:46:34.240812+00:00,tratamento,,1,aproximada,landsat_overlap_referencia
everest-goiania,2020,sentinel2,10,1,vegetacao_densa,12590200.0,1259.02,12.54,1004004,1.0,rf_v2.0-dw,2026-09-13T15:46:34.240812+00:00,tratamento,,1,aproximada,sentinel2_oficial_2019_2025
everest-goiania,2020,sentinel2,10,2,vegetacao_rala,13364500.0,1336.45,13.3112,1004004,1.0,rf_v2.0-dw,2026-09-13T15:46:34.240812+00:00,tratamento,,1,aproximada,sentinel2_oficial_2019_2025
everest-goiania,2020,sentinel2,10,3,solo_exposto_obras,6787800.0,678.78,6.7607,1004004,1.0,rf_v2.0-dw,2026-09-13T15:46:34.240812+00:00,tratamento,,1,aproximada,sentinel2_oficial_2019_2025
everest-goiania,2020,sentinel2,10,4,construida_urbana,66168100.0,6616.81,65.9042,1004004,1.0,rf_v2.0-dw,2026-09-13T15:46:34.240812+00:00,tratamento,,1,aproximada,sentinel2_oficial_2019_2025
everest-goiania,2020,sentinel2,10,5,agua,1489800.0,148.98,1.4839,1004004,1.0,rf_v2.0-dw,2026-09-13T15:46:34.240812+00:00,tratamento,,1,aproximada,sentinel2_oficial_2019_2025
everest-goiania,2021,landsat,30,1,vegetacao_densa,13327200.0,1332.72,13.2741,111556,1.0,rf_v2.0-dw,2026-09-13T15:46:34.240812+00:00,tratamento,,1,aproximada,landsat_overlap_referencia
everest-goiania,2021,landsat,30,2,vegetacao_rala,18792900.0,1879.29,18.718,111556,1.0,rf_v2.0-dw,2026-09-13T15:46:34.240812+00:00,tratamento,,1,aproximada,landsat_overlap_referencia
everest-goiania,2021,landsat,30,3,solo_exposto_obras,8583300.0,858.33,8.5491,111556,1.0,rf_v2.0-dw,2026-09-13T15:46:34.240812+00:00,tratamento,,1,aproximada,landsat_overlap_referencia
everest-goiania,2021,landsat,30,4,construida_urbana,56817000.0,5681.7,56.5904,111556,1.0,rf_v2.0-dw,2026-09-13T15:46:34.240812+00:00,tratamento,,1,aproximada,landsat_overlap_referencia
everest-goiania,2021,landsat,30,5,agua,2880000.0,288.0,2.8685,111556,1.0,rf_v2.0-dw,2026-09-13T15:46:34.240812+00:00,tratamento,,1,aproximada,landsat_overlap_referencia
everest-goiania,2021,sentinel2,10,1,vegetacao_densa,11903100.0,1190.31,11.8556,1004004,1.0,rf_v2.0-dw,2026-09-13T15:46:34.240812+00:00,tratamento,,1,aproximada,sentinel2_oficial_2019_2025
everest-goiania,2021,sentinel2,10,2,vegetacao_rala,12365300.0,1236.53,12.316,1004004,1.0,rf_v2.0-dw,2026-09-13T15:46:34.240812+00:00,tratamento,,1,aproximada,sentinel2_oficial_2019_2025
everest-goiania,2021,sentinel2,10,3,solo_exposto_obras,7308300.0,730.83,7.2792,1004004,1.0,rf_v2.0-dw,2026-09-13T15:46:34.240812+00:00,tratamento,,1,aproximada,sentinel2_oficial_2019_2025
everest-goiania,2021,sentinel2,10,4,construida_urbana,67362400.0,6736.24,67.0938,1004004,1.0,rf_v2.0-dw,2026-09-13T15:46:34.240812+00:00,tratamento,,1,aproximada,sentinel2_oficial_2019_2025
everest-goiania,2021,sentinel2,10,5,agua,1461300.0,146.13,1.4555,1004004,1.0,rf_v2.0-dw,2026-09-13T15:46:34.240812+00:00,tratamento,,1,aproximada,sentinel2_oficial_2019_2025
everest-goiania,2022,landsat,30,1,vegetacao_densa,13110300.0,1311.03,13.058,111556,1.0,rf_v2.0-dw,2026-09-13T15:46:34.240812+00:00,tratamento,,1,aproximada,landsat_pre2019_nao_corrigido
everest-goiania,2022,landsat,30,2,vegetacao_rala,18214200.0,1821.42,18.1416,111556,1.0,rf_v2.0-dw,2026-09-13T15:46:34.240812+00:00,tratamento,,1,aproximada,landsat_pre2019_nao_corrigido
everest-goiania,2022,landsat,30,3,solo_exposto_obras,9135900.0,913.59,9.0995,111556,1.0,rf_v2.0-dw,2026-09-13T15:46:34.240812+00:00,tratamento,,1,aproximada,landsat_pre2019_nao_corrigido
everest-goiania,2022,landsat,30,4,construida_urbana,56886300.0,5688.63,56.6594,111556,0.8181,rf_v2.0-dw,2026-09-13T15:46:34.240812+00:00,tratamento,,1,aproximada,landsat_pre2019_corrigido_sv20
everest-goiania,2022,landsat,30,5,agua,3053700.0,305.37,3.0415,111556,1.0,rf_v2.0-dw,2026-09-13T15:46:34.240812+00:00,tratamento,,1,aproximada,landsat_pre2019_nao_corrigido
everest-goiania,2022,sentinel2,10,1,vegetacao_densa,12586200.0,1258.62,12.536,1004004,1.0,rf_v2.0-dw,2026-09-13T15:46:34.240812+00:00,tratamento,,1,aproximada,sentinel2_oficial_2019_2025
everest-goiania,2022,sentinel2,10,2,vegetacao_rala,12266600.0,1226.66,12.2177,1004004,1.0,rf_v2.0-dw,2026-09-13T15:46:34.240812+00:00,tratamento,,1,aproximada,sentinel2_oficial_2019_2025
everest-goiania,2022,sentinel2,10,3,solo_exposto_obras,7206400.0,720.64,7.1777,1004004,1.0,rf_v2.0-dw,2026-09-13T15:46:34.240812+00:00,tratamento,,1,aproximada,sentinel2_oficial_2019_2025
everest-goiania,2022,sentinel2,10,4,construida_urbana,66637000.0,6663.7,66.3712,1004004,1.0,rf_v2.0-dw,2026-09-13T15:46:34.240812+00:00,tratamento,,1,aproximada,sentinel2_oficial_2019_2025
everest-goiania,2022,sentinel2,10,5,agua,1704200.0,170.42,1.6974,1004004,1.0,rf_v2.0-dw,2026-09-13T15:46:34.240812+00:00,tratamento,,1,aproximada,sentinel2_oficial_2019_2025
everest-goiania,2023,landsat,30,1,vegetacao_densa,15494400.0,1549.44,15.4326,111556,1.0,rf_v2.0-dw,2026-09-13T15:46:34.240812+00:00,tratamento,,1,aproximada,landsat_pre2019_nao_corrigido
everest-goiania,2023,landsat,30,2,vegetacao_rala,23151600.0,2315.16,23.0593,111556,1.0,rf_v2.0-dw,2026-09-13T15:46:34.240812+00:00,tratamento,,1,aproximada,landsat_pre2019_nao_corrigido
everest-goiania,2023,landsat,30,3,solo_exposto_obras,7843500.0,784.35,7.8122,111556,1.0,rf_v2.0-dw,2026-09-13T15:46:34.240812+00:00,tratamento,,1,aproximada,landsat_pre2019_nao_corrigido
everest-goiania,2023,landsat,30,4,construida_urbana,50391900.0,5039.19,50.1909,111556,0.8181,rf_v2.0-dw,2026-09-13T15:46:34.240812+00:00,tratamento,,1,aproximada,landsat_pre2019_corrigido_sv20
everest-goiania,2023,landsat,30,5,agua,3519000.0,351.9,3.505,111556,1.0,rf_v2.0-dw,2026-09-13T15:46:34.240812+00:00,tratamento,,1,aproximada,landsat_pre2019_nao_corrigido
everest-goiania,2023,sentinel2,10,1,vegetacao_densa,13898000.0,1389.8,13.8426,1004004,1.0,rf_v2.0-dw,2026-09-13T15:46:34.240812+00:00,tratamento,,1,aproximada,sentinel2_oficial_2019_2025
everest-goiania,2023,sentinel2,10,2,vegetacao_rala,12526100.0,1252.61,12.4761,1004004,1.0,rf_v2.0-dw,2026-09-13T15:46:34.240812+00:00,tratamento,,1,aproximada,sentinel2_oficial_2019_2025
everest-goiania,2023,sentinel2,10,3,solo_exposto_obras,4978900.0,497.89,4.959,1004004,1.0,rf_v2.0-dw,2026-09-13T15:46:34.240812+00:00,tratamento,,1,aproximada,sentinel2_oficial_2019_2025
everest-goiania,2023,sentinel2,10,4,construida_urbana,67228800.0,6722.88,66.9607,1004004,1.0,rf_v2.0-dw,2026-09-13T15:46:34.240812+00:00,tratamento,,1,aproximada,sentinel2_oficial_2019_2025
everest-goiania,2023,sentinel2,10,5,agua,1768600.0,176.86,1.7615,1004004,1.0,rf_v2.0-dw,2026-09-13T15:46:34.240812+00:00,tratamento,,1,aproximada,sentinel2_oficial_2019_2025
everest-goiania,2024,landsat,30,1,vegetacao_densa,13759200.0,1375.92,13.7043,111556,1.0,rf_v2.0-dw,2026-09-13T15:46:34.240812+00:00,tratamento,,1,aproximada,landsat_pre2019_nao_corrigido
everest-goiania,2024,landsat,30,2,vegetacao_rala,16119000.0,1611.9,16.0547,111556,1.0,rf_v2.0-dw,2026-09-13T15:46:34.240812+00:00,tratamento,,1,aproximada,landsat_pre2019_nao_corrigido
everest-goiania,2024,landsat,30,3,solo_exposto_obras,8801100.0,880.11,8.766,111556,1.0,rf_v2.0-dw,2026-09-13T15:46:34.240812+00:00,tratamento,,1,aproximada,landsat_pre2019_nao_corrigido
everest-goiania,2024,landsat,30,4,construida_urbana,58631400.0,5863.14,58.3976,111556,0.8181,rf_v2.0-dw,2026-09-13T15:46:34.240812+00:00,tratamento,,1,aproximada,landsat_pre2019_corrigido_sv20
everest-goiania,2024,landsat,30,5,agua,3089700.0,308.97,3.0774,111556,1.0,rf_v2.0-dw,2026-09-13T15:46:34.240812+00:00,tratamento,,1,aproximada,landsat_pre2019_nao_corrigido
everest-goiania,2024,sentinel2,10,1,vegetacao_densa,13237400.0,1323.74,13.1846,1004004,1.0,rf_v2.0-dw,2026-09-13T15:46:34.240812+00:00,tratamento,,1,aproximada,sentinel2_oficial_2019_2025
everest-goiania,2024,sentinel2,10,2,vegetacao_rala,11484800.0,1148.48,11.439,1004004,1.0,rf_v2.0-dw,2026-09-13T15:46:34.240812+00:00,tratamento,,1,aproximada,sentinel2_oficial_2019_2025
everest-goiania,2024,sentinel2,10,3,solo_exposto_obras,7387000.0,738.7,7.3575,1004004,1.0,rf_v2.0-dw,2026-09-13T15:46:34.240812+00:00,tratamento,,1,aproximada,sentinel2_oficial_2019_2025
everest-goiania,2024,sentinel2,10,4,construida_urbana,66543600.0,6654.36,66.2782,1004004,1.0,rf_v2.0-dw,2026-09-13T15:46:34.240812+00:00,tratamento,,1,aproximada,sentinel2_oficial_2019_2025
everest-goiania,2024,sentinel2,10,5,agua,1747600.0,174.76,1.7406,1004004,1.0,rf_v2.0-dw,2026-09-13T15:46:34.240812+00:00,tratamento,,1,aproximada,sentinel2_oficial_2019_2025
everest-goiania,2025,sentinel2,10,1,vegetacao_densa,13837100.0,1383.71,13.7819,1004004,1.0,rf_v2.0-dw,2026-09-13T15:46:34.240812+00:00,tratamento,,1,aproximada,sentinel2_oficial_2019_2025
everest-goiania,2025,sentinel2,10,2,vegetacao_rala,11988500.0,1198.85,11.9407,1004004,1.0,rf_v2.0-dw,2026-09-13T15:46:34.240812+00:00,tratamento,,1,aproximada,sentinel2_oficial_2019_2025
everest-goiania,2025,sentinel2,10,3,solo_exposto_obras,6845300.0,684.53,6.818,1004004,1.0,rf_v2.0-dw,2026-09-13T15:46:34.240812+00:00,tratamento,,1,aproximada,sentinel2_oficial_2019_2025
everest-goiania,2025,sentinel2,10,4,construida_urbana,66124200.0,6612.42,65.8605,1004004,1.0,rf_v2.0-dw,2026-09-13T15:46:34.240812+00:00,tratamento,,1,aproximada,sentinel2_oficial_2019_2025
everest-goiania,2025,sentinel2,10,5,agua,1605300.0,160.53,1.5989,1004004,1.0,rf_v2.0-dw,2026-09-13T15:46:34.240812+00:00,tratamento,,1,aproximada,sentinel2_oficial_2019_2025
hostdime-joao-pessoa,2013,landsat,30,1,vegetacao_densa,30043800.0,3004.38,30.1442,110741,1.0,rf_v2.0-dw,2026-09-13T15:46:34.240812+00:00,tratamento,,2,exata,landsat_pre2019_nao_corrigido
hostdime-joao-pessoa,2013,landsat,30,2,vegetacao_rala,22078800.0,2207.88,22.1526,110741,1.0,rf_v2.0-dw,2026-09-13T15:46:34.240812+00:00,tratamento,,2,exata,landsat_pre2019_nao_corrigido
hostdime-joao-pessoa,2013,landsat,30,3,solo_exposto_obras,3789900.0,378.99,3.8026,110741,1.0,rf_v2.0-dw,2026-09-13T15:46:34.240812+00:00,tratamento,,2,exata,landsat_pre2019_nao_corrigido
hostdime-joao-pessoa,2013,landsat,30,4,construida_urbana,24007500.0,2400.75,24.0877,110741,1.0977,rf_v2.0-dw,2026-09-13T15:46:34.240812+00:00,tratamento,,2,exata,landsat_pre2019_corrigido_sv20
hostdime-joao-pessoa,2013,landsat,30,5,agua,19746900.0,1974.69,19.8129,110741,1.0,rf_v2.0-dw,2026-09-13T15:46:34.240812+00:00,tratamento,,2,exata,landsat_pre2019_nao_corrigido
hostdime-joao-pessoa,2014,landsat,30,1,vegetacao_densa,29565900.0,2956.59,30.974,106060,1.0,rf_v2.0-dw,2026-09-13T15:46:34.240812+00:00,tratamento,,2,exata,landsat_pre2019_nao_corrigido
hostdime-joao-pessoa,2014,landsat,30,2,vegetacao_rala,19466100.0,1946.61,20.3932,106060,1.0,rf_v2.0-dw,2026-09-13T15:46:34.240812+00:00,tratamento,,2,exata,landsat_pre2019_nao_corrigido
hostdime-joao-pessoa,2014,landsat,30,3,solo_exposto_obras,3390300.0,339.03,3.5518,106060,1.0,rf_v2.0-dw,2026-09-13T15:46:34.240812+00:00,tratamento,,2,exata,landsat_pre2019_nao_corrigido
hostdime-joao-pessoa,2014,landsat,30,4,construida_urbana,23940900.0,2394.09,25.0811,106060,1.0977,rf_v2.0-dw,2026-09-13T15:46:34.240812+00:00,tratamento,,2,exata,landsat_pre2019_corrigido_sv20
hostdime-joao-pessoa,2014,landsat,30,5,agua,19090800.0,1909.08,20.0,106060,1.0,rf_v2.0-dw,2026-09-13T15:46:34.240812+00:00,tratamento,,2,exata,landsat_pre2019_nao_corrigido
hostdime-joao-pessoa,2015,landsat,30,1,vegetacao_densa,26865900.0,2686.59,28.6792,104086,1.0,rf_v2.0-dw,2026-09-13T15:46:34.240812+00:00,tratamento,,2,exata,landsat_pre2019_nao_corrigido
hostdime-joao-pessoa,2015,landsat,30,2,vegetacao_rala,19123200.0,1912.32,20.4139,104086,1.0,rf_v2.0-dw,2026-09-13T15:46:34.240812+00:00,tratamento,,2,exata,landsat_pre2019_nao_corrigido
hostdime-joao-pessoa,2015,landsat,30,3,solo_exposto_obras,4809600.0,480.96,5.1342,104086,1.0,rf_v2.0-dw,2026-09-13T15:46:34.240812+00:00,tratamento,,2,exata,landsat_pre2019_nao_corrigido
hostdime-joao-pessoa,2015,landsat,30,4,construida_urbana,24300900.0,2430.09,25.941,104086,1.0977,rf_v2.0-dw,2026-09-13T15:46:34.240812+00:00,tratamento,,2,exata,landsat_pre2019_corrigido_sv20
hostdime-joao-pessoa,2015,landsat,30,5,agua,18577800.0,1857.78,19.8317,104086,1.0,rf_v2.0-dw,2026-09-13T15:46:34.240812+00:00,tratamento,,2,exata,landsat_pre2019_nao_corrigido
hostdime-joao-pessoa,2016,landsat,30,1,vegetacao_densa,27536400.0,2753.64,28.9809,105573,1.0,rf_v2.0-dw,2026-09-13T15:46:34.240812+00:00,tratamento,,2,exata,landsat_pre2019_nao_corrigido
hostdime-joao-pessoa,2016,landsat,30,2,vegetacao_rala,18739800.0,1873.98,19.7228,105573,1.0,rf_v2.0-dw,2026-09-13T15:46:34.240812+00:00,tratamento,,2,exata,landsat_pre2019_nao_corrigido
hostdime-joao-pessoa,2016,landsat,30,3,solo_exposto_obras,4524300.0,452.43,4.7616,105573,1.0,rf_v2.0-dw,2026-09-13T15:46:34.240812+00:00,tratamento,,2,exata,landsat_pre2019_nao_corrigido
hostdime-joao-pessoa,2016,landsat,30,4,construida_urbana,25525800.0,2552.58,26.8648,105573,1.0977,rf_v2.0-dw,2026-09-13T15:46:34.240812+00:00,tratamento,,2,exata,landsat_pre2019_corrigido_sv20
hostdime-joao-pessoa,2016,landsat,30,5,agua,18689400.0,1868.94,19.6698,105573,1.0,rf_v2.0-dw,2026-09-13T15:46:34.240812+00:00,tratamento,,2,exata,landsat_pre2019_nao_corrigido
hostdime-joao-pessoa,2017,landsat,30,1,vegetacao_densa,26966700.0,2696.67,28.7735,104134,1.0,rf_v2.0-dw,2026-09-13T15:46:34.240812+00:00,tratamento,,2,exata,landsat_pre2019_nao_corrigido
hostdime-joao-pessoa,2017,landsat,30,2,vegetacao_rala,20134800.0,2013.48,21.4839,104134,1.0,rf_v2.0-dw,2026-09-13T15:46:34.240812+00:00,tratamento,,2,exata,landsat_pre2019_nao_corrigido
hostdime-joao-pessoa,2017,landsat,30,3,solo_exposto_obras,3636000.0,363.6,3.8796,104134,1.0,rf_v2.0-dw,2026-09-13T15:46:34.240812+00:00,tratamento,,2,exata,landsat_pre2019_nao_corrigido
hostdime-joao-pessoa,2017,landsat,30,4,construida_urbana,23377500.0,2337.75,24.9438,104134,1.0977,rf_v2.0-dw,2026-09-13T15:46:34.240812+00:00,tratamento,,2,exata,landsat_pre2019_corrigido_sv20
hostdime-joao-pessoa,2017,landsat,30,5,agua,19605600.0,1960.56,20.9192,104134,1.0,rf_v2.0-dw,2026-09-13T15:46:34.240812+00:00,tratamento,,2,exata,landsat_pre2019_nao_corrigido
hostdime-joao-pessoa,2018,landsat,30,1,vegetacao_densa,27903600.0,2790.36,27.7978,111534,1.0,rf_v2.0-dw,2026-09-13T15:46:34.240812+00:00,tratamento,,2,exata,landsat_pre2019_nao_corrigido
hostdime-joao-pessoa,2018,landsat,30,2,vegetacao_rala,15573600.0,1557.36,15.5146,111534,1.0,rf_v2.0-dw,2026-09-13T15:46:34.240812+00:00,tratamento,,2,exata,landsat_pre2019_nao_corrigido
hostdime-joao-pessoa,2018,landsat,30,3,solo_exposto_obras,5252400.0,525.24,5.2325,111534,1.0,rf_v2.0-dw,2026-09-13T15:46:34.240812+00:00,tratamento,,2,exata,landsat_pre2019_nao_corrigido
hostdime-joao-pessoa,2018,landsat,30,4,construida_urbana,31548600.0,3154.86,31.429,111534,1.0977,rf_v2.0-dw,2026-09-13T15:46:34.240812+00:00,tratamento,,2,exata,landsat_pre2019_corrigido_sv20
hostdime-joao-pessoa,2018,landsat,30,5,agua,20102400.0,2010.24,20.0262,111534,1.0,rf_v2.0-dw,2026-09-13T15:46:34.240812+00:00,tratamento,,2,exata,landsat_pre2019_nao_corrigido
hostdime-joao-pessoa,2019,landsat,30,1,vegetacao_densa,26241300.0,2624.13,27.6003,105640,1.0,rf_v2.0-dw,2026-09-13T15:46:34.240812+00:00,tratamento,,2,exata,landsat_overlap_referencia
hostdime-joao-pessoa,2019,landsat,30,2,vegetacao_rala,21829500.0,2182.95,22.9601,105640,1.0,rf_v2.0-dw,2026-09-13T15:46:34.240812+00:00,tratamento,,2,exata,landsat_overlap_referencia
hostdime-joao-pessoa,2019,landsat,30,3,solo_exposto_obras,5163300.0,516.33,5.4307,105640,1.0,rf_v2.0-dw,2026-09-13T15:46:34.240812+00:00,tratamento,,2,exata,landsat_overlap_referencia
hostdime-joao-pessoa,2019,landsat,30,4,construida_urbana,20133000.0,2013.3,21.1757,105640,1.0,rf_v2.0-dw,2026-09-13T15:46:34.240812+00:00,tratamento,,2,exata,landsat_overlap_referencia
hostdime-joao-pessoa,2019,landsat,30,5,agua,21708900.0,2170.89,22.8332,105640,1.0,rf_v2.0-dw,2026-09-13T15:46:34.240812+00:00,tratamento,,2,exata,landsat_overlap_referencia
hostdime-joao-pessoa,2019,sentinel2,10,1,vegetacao_densa,25362000.0,2536.2,25.2609,1004004,1.0,rf_v2.0-dw,2026-09-13T15:46:34.240812+00:00,tratamento,,2,exata,sentinel2_oficial_2019_2025
hostdime-joao-pessoa,2019,sentinel2,10,2,vegetacao_rala,5009000.0,500.9,4.989,1004004,1.0,rf_v2.0-dw,2026-09-13T15:46:34.240812+00:00,tratamento,,2,exata,sentinel2_oficial_2019_2025
hostdime-joao-pessoa,2019,sentinel2,10,3,solo_exposto_obras,3453300.0,345.33,3.4395,1004004,1.0,rf_v2.0-dw,2026-09-13T15:46:34.240812+00:00,tratamento,,2,exata,sentinel2_oficial_2019_2025
hostdime-joao-pessoa,2019,sentinel2,10,4,construida_urbana,45502800.0,4550.28,45.3213,1004004,1.0,rf_v2.0-dw,2026-09-13T15:46:34.240812+00:00,tratamento,,2,exata,sentinel2_oficial_2019_2025
hostdime-joao-pessoa,2019,sentinel2,10,5,agua,21073300.0,2107.33,20.9893,1004004,1.0,rf_v2.0-dw,2026-09-13T15:46:34.240812+00:00,tratamento,,2,exata,sentinel2_oficial_2019_2025
hostdime-joao-pessoa,2020,landsat,30,1,vegetacao_densa,25362900.0,2536.29,26.2132,107507,1.0,rf_v2.0-dw,2026-09-13T15:46:34.240812+00:00,tratamento,,2,exata,landsat_overlap_referencia
hostdime-joao-pessoa,2020,landsat,30,2,vegetacao_rala,23400000.0,2340.0,24.1845,107507,1.0,rf_v2.0-dw,2026-09-13T15:46:34.240812+00:00,tratamento,,2,exata,landsat_overlap_referencia
hostdime-joao-pessoa,2020,landsat,30,3,solo_exposto_obras,6251400.0,625.14,6.461,107507,1.0,rf_v2.0-dw,2026-09-13T15:46:34.240812+00:00,tratamento,,2,exata,landsat_overlap_referencia
hostdime-joao-pessoa,2020,landsat,30,4,construida_urbana,20683800.0,2068.38,21.3772,107507,1.0,rf_v2.0-dw,2026-09-13T15:46:34.240812+00:00,tratamento,,2,exata,landsat_overlap_referencia
hostdime-joao-pessoa,2020,landsat,30,5,agua,21058200.0,2105.82,21.7642,107507,1.0,rf_v2.0-dw,2026-09-13T15:46:34.240812+00:00,tratamento,,2,exata,landsat_overlap_referencia
hostdime-joao-pessoa,2020,sentinel2,10,1,vegetacao_densa,26060900.0,2606.09,25.957,1004004,1.0,rf_v2.0-dw,2026-09-13T15:46:34.240812+00:00,tratamento,,2,exata,sentinel2_oficial_2019_2025
hostdime-joao-pessoa,2020,sentinel2,10,2,vegetacao_rala,5705000.0,570.5,5.6822,1004004,1.0,rf_v2.0-dw,2026-09-13T15:46:34.240812+00:00,tratamento,,2,exata,sentinel2_oficial_2019_2025
hostdime-joao-pessoa,2020,sentinel2,10,3,solo_exposto_obras,2981000.0,298.1,2.9691,1004004,1.0,rf_v2.0-dw,2026-09-13T15:46:34.240812+00:00,tratamento,,2,exata,sentinel2_oficial_2019_2025
hostdime-joao-pessoa,2020,sentinel2,10,4,construida_urbana,44603700.0,4460.37,44.4258,1004004,1.0,rf_v2.0-dw,2026-09-13T15:46:34.240812+00:00,tratamento,,2,exata,sentinel2_oficial_2019_2025
hostdime-joao-pessoa,2020,sentinel2,10,5,agua,21049800.0,2104.98,20.9659,1004004,1.0,rf_v2.0-dw,2026-09-13T15:46:34.240812+00:00,tratamento,,2,exata,sentinel2_oficial_2019_2025
hostdime-joao-pessoa,2021,landsat,30,1,vegetacao_densa,25623900.0,2562.39,27.9199,101974,1.0,rf_v2.0-dw,2026-09-13T15:46:34.240812+00:00,tratamento,,2,exata,landsat_overlap_referencia
hostdime-joao-pessoa,2021,landsat,30,2,vegetacao_rala,18483300.0,1848.33,20.1394,101974,1.0,rf_v2.0-dw,2026-09-13T15:46:34.240812+00:00,tratamento,,2,exata,landsat_overlap_referencia
hostdime-joao-pessoa,2021,landsat,30,3,solo_exposto_obras,5490000.0,549.0,5.9819,101974,1.0,rf_v2.0-dw,2026-09-13T15:46:34.240812+00:00,tratamento,,2,exata,landsat_overlap_referencia
hostdime-joao-pessoa,2021,landsat,30,4,construida_urbana,22552200.0,2255.22,24.5729,101974,1.0,rf_v2.0-dw,2026-09-13T15:46:34.240812+00:00,tratamento,,2,exata,landsat_overlap_referencia
hostdime-joao-pessoa,2021,landsat,30,5,agua,19627200.0,1962.72,21.3858,101974,1.0,rf_v2.0-dw,2026-09-13T15:46:34.240812+00:00,tratamento,,2,exata,landsat_overlap_referencia
hostdime-joao-pessoa,2021,sentinel2,10,1,vegetacao_densa,25578900.0,2557.89,25.4769,1004004,1.0,rf_v2.0-dw,2026-09-13T15:46:34.240812+00:00,tratamento,,2,exata,sentinel2_oficial_2019_2025
hostdime-joao-pessoa,2021,sentinel2,10,2,vegetacao_rala,5128200.0,512.82,5.1077,1004004,1.0,rf_v2.0-dw,2026-09-13T15:46:34.240812+00:00,tratamento,,2,exata,sentinel2_oficial_2019_2025
hostdime-joao-pessoa,2021,sentinel2,10,3,solo_exposto_obras,2915600.0,291.56,2.904,1004004,1.0,rf_v2.0-dw,2026-09-13T15:46:34.240812+00:00,tratamento,,2,exata,sentinel2_oficial_2019_2025
hostdime-joao-pessoa,2021,sentinel2,10,4,construida_urbana,45635100.0,4563.51,45.4531,1004004,1.0,rf_v2.0-dw,2026-09-13T15:46:34.240812+00:00,tratamento,,2,exata,sentinel2_oficial_2019_2025
hostdime-joao-pessoa,2021,sentinel2,10,5,agua,21142600.0,2114.26,21.0583,1004004,1.0,rf_v2.0-dw,2026-09-13T15:46:34.240812+00:00,tratamento,,2,exata,sentinel2_oficial_2019_2025
hostdime-joao-pessoa,2022,landsat,30,1,vegetacao_densa,27256500.0,2725.65,27.3874,110580,1.0,rf_v2.0-dw,2026-09-13T15:46:34.240812+00:00,tratamento,,2,exata,landsat_pre2019_nao_corrigido
hostdime-joao-pessoa,2022,landsat,30,2,vegetacao_rala,20936700.0,2093.67,21.0373,110580,1.0,rf_v2.0-dw,2026-09-13T15:46:34.240812+00:00,tratamento,,2,exata,landsat_pre2019_nao_corrigido
hostdime-joao-pessoa,2022,landsat,30,3,solo_exposto_obras,4817700.0,481.77,4.8408,110580,1.0,rf_v2.0-dw,2026-09-13T15:46:34.240812+00:00,tratamento,,2,exata,landsat_pre2019_nao_corrigido
hostdime-joao-pessoa,2022,landsat,30,4,construida_urbana,25614900.0,2561.49,25.7379,110580,1.0977,rf_v2.0-dw,2026-09-13T15:46:34.240812+00:00,tratamento,,2,exata,landsat_pre2019_corrigido_sv20
hostdime-joao-pessoa,2022,landsat,30,5,agua,20896200.0,2089.62,20.9966,110580,1.0,rf_v2.0-dw,2026-09-13T15:46:34.240812+00:00,tratamento,,2,exata,landsat_pre2019_nao_corrigido
hostdime-joao-pessoa,2022,sentinel2,10,1,vegetacao_densa,26603900.0,2660.39,26.4978,1004004,1.0,rf_v2.0-dw,2026-09-13T15:46:34.240812+00:00,tratamento,,2,exata,sentinel2_oficial_2019_2025
hostdime-joao-pessoa,2022,sentinel2,10,2,vegetacao_rala,4027600.0,402.76,4.0115,1004004,1.0,rf_v2.0-dw,2026-09-13T15:46:34.240812+00:00,tratamento,,2,exata,sentinel2_oficial_2019_2025
hostdime-joao-pessoa,2022,sentinel2,10,3,solo_exposto_obras,2593700.0,259.37,2.5834,1004004,1.0,rf_v2.0-dw,2026-09-13T15:46:34.240812+00:00,tratamento,,2,exata,sentinel2_oficial_2019_2025
hostdime-joao-pessoa,2022,sentinel2,10,4,construida_urbana,46291700.0,4629.17,46.1071,1004004,1.0,rf_v2.0-dw,2026-09-13T15:46:34.240812+00:00,tratamento,,2,exata,sentinel2_oficial_2019_2025
hostdime-joao-pessoa,2022,sentinel2,10,5,agua,20883500.0,2088.35,20.8002,1004004,1.0,rf_v2.0-dw,2026-09-13T15:46:34.240812+00:00,tratamento,,2,exata,sentinel2_oficial_2019_2025
hostdime-joao-pessoa,2023,landsat,30,1,vegetacao_densa,29070000.0,2907.0,29.0087,111346,1.0,rf_v2.0-dw,2026-09-13T15:46:34.240812+00:00,tratamento,,2,exata,landsat_pre2019_nao_corrigido
hostdime-joao-pessoa,2023,landsat,30,2,vegetacao_rala,20905200.0,2090.52,20.8611,111346,1.0,rf_v2.0-dw,2026-09-13T15:46:34.240812+00:00,tratamento,,2,exata,landsat_pre2019_nao_corrigido
hostdime-joao-pessoa,2023,landsat,30,3,solo_exposto_obras,4342500.0,434.25,4.3333,111346,1.0,rf_v2.0-dw,2026-09-13T15:46:34.240812+00:00,tratamento,,2,exata,landsat_pre2019_nao_corrigido
hostdime-joao-pessoa,2023,landsat,30,4,construida_urbana,25024500.0,2502.45,24.9717,111346,1.0977,rf_v2.0-dw,2026-09-13T15:46:34.240812+00:00,tratamento,,2,exata,landsat_pre2019_corrigido_sv20
hostdime-joao-pessoa,2023,landsat,30,5,agua,20869200.0,2086.92,20.8252,111346,1.0,rf_v2.0-dw,2026-09-13T15:46:34.240812+00:00,tratamento,,2,exata,landsat_pre2019_nao_corrigido
hostdime-joao-pessoa,2023,sentinel2,10,1,vegetacao_densa,25181400.0,2518.14,25.081,1004003,1.0,rf_v2.0-dw,2026-09-13T15:46:34.240812+00:00,tratamento,,2,exata,sentinel2_oficial_2019_2025
hostdime-joao-pessoa,2023,sentinel2,10,2,vegetacao_rala,5567200.0,556.72,5.545,1004003,1.0,rf_v2.0-dw,2026-09-13T15:46:34.240812+00:00,tratamento,,2,exata,sentinel2_oficial_2019_2025
hostdime-joao-pessoa,2023,sentinel2,10,3,solo_exposto_obras,2664300.0,266.43,2.6537,1004003,1.0,rf_v2.0-dw,2026-09-13T15:46:34.240812+00:00,tratamento,,2,exata,sentinel2_oficial_2019_2025
hostdime-joao-pessoa,2023,sentinel2,10,4,construida_urbana,44957500.0,4495.75,44.7783,1004003,1.0,rf_v2.0-dw,2026-09-13T15:46:34.240812+00:00,tratamento,,2,exata,sentinel2_oficial_2019_2025
hostdime-joao-pessoa,2023,sentinel2,10,5,agua,22029900.0,2202.99,21.9421,1004003,1.0,rf_v2.0-dw,2026-09-13T15:46:34.240812+00:00,tratamento,,2,exata,sentinel2_oficial_2019_2025
hostdime-joao-pessoa,2024,sentinel2,10,1,vegetacao_densa,25565100.0,2556.51,25.4631,1004004,1.0,rf_v2.0-dw,2026-09-13T15:46:34.240812+00:00,tratamento,,2,exata,sentinel2_oficial_2019_2025
hostdime-joao-pessoa,2024,sentinel2,10,2,vegetacao_rala,4254000.0,425.4,4.237,1004004,1.0,rf_v2.0-dw,2026-09-13T15:46:34.240812+00:00,tratamento,,2,exata,sentinel2_oficial_2019_2025
hostdime-joao-pessoa,2024,sentinel2,10,3,solo_exposto_obras,1904400.0,190.44,1.8968,1004004,1.0,rf_v2.0-dw,2026-09-13T15:46:34.240812+00:00,tratamento,,2,exata,sentinel2_oficial_2019_2025
hostdime-joao-pessoa,2024,sentinel2,10,4,construida_urbana,47299800.0,4729.98,47.1112,1004004,1.0,rf_v2.0-dw,2026-09-13T15:46:34.240812+00:00,tratamento,,2,exata,sentinel2_oficial_2019_2025
hostdime-joao-pessoa,2024,sentinel2,10,5,agua,21377100.0,2137.71,21.2918,1004004,1.0,rf_v2.0-dw,2026-09-13T15:46:34.240812+00:00,tratamento,,2,exata,sentinel2_oficial_2019_2025
hostdime-joao-pessoa,2025,sentinel2,10,1,vegetacao_densa,25360600.0,2536.06,25.2595,1004004,1.0,rf_v2.0-dw,2026-09-13T15:46:34.240812+00:00,tratamento,,2,exata,sentinel2_oficial_2019_2025
hostdime-joao-pessoa,2025,sentinel2,10,2,vegetacao_rala,5636700.0,563.67,5.6142,1004004,1.0,rf_v2.0-dw,2026-09-13T15:46:34.240812+00:00,tratamento,,2,exata,sentinel2_oficial_2019_2025
hostdime-joao-pessoa,2025,sentinel2,10,3,solo_exposto_obras,3272500.0,327.25,3.2594,1004004,1.0,rf_v2.0-dw,2026-09-13T15:46:34.240812+00:00,tratamento,,2,exata,sentinel2_oficial_2019_2025
hostdime-joao-pessoa,2025,sentinel2,10,4,construida_urbana,45182300.0,4518.23,45.0021,1004004,1.0,rf_v2.0-dw,2026-09-13T15:46:34.240812+00:00,tratamento,,2,exata,sentinel2_oficial_2019_2025
hostdime-joao-pessoa,2025,sentinel2,10,5,agua,20948300.0,2094.83,20.8648,1004004,1.0,rf_v2.0-dw,2026-09-13T15:46:34.240812+00:00,tratamento,,2,exata,sentinel2_oficial_2019_2025
odata-hortolandia,2013,landsat,30,1,vegetacao_densa,28967400.0,2896.74,28.8581,111532,1.0,rf_v2.0-dw,2026-09-13T15:46:34.240812+00:00,tratamento,,1,exata,landsat_pre2019_nao_corrigido
odata-hortolandia,2013,landsat,30,2,vegetacao_rala,30735000.0,3073.5,30.619,111532,1.0,rf_v2.0-dw,2026-09-13T15:46:34.240812+00:00,tratamento,,1,exata,landsat_pre2019_nao_corrigido
odata-hortolandia,2013,landsat,30,3,solo_exposto_obras,3527100.0,352.71,3.5138,111532,1.0,rf_v2.0-dw,2026-09-13T15:46:34.240812+00:00,tratamento,,1,exata,landsat_pre2019_nao_corrigido
odata-hortolandia,2013,landsat,30,4,construida_urbana,35162100.0,3516.21,35.0294,111532,0.6657,rf_v2.0-dw,2026-09-13T15:46:34.240812+00:00,tratamento,,1,exata,landsat_pre2019_corrigido_sv20
odata-hortolandia,2013,landsat,30,5,agua,1987200.0,198.72,1.9797,111532,1.0,rf_v2.0-dw,2026-09-13T15:46:34.240812+00:00,tratamento,,1,exata,landsat_pre2019_nao_corrigido
odata-hortolandia,2014,landsat,30,1,vegetacao_densa,18179100.0,1817.91,18.1292,111417,1.0,rf_v2.0-dw,2026-09-13T15:46:34.240812+00:00,tratamento,,1,exata,landsat_pre2019_nao_corrigido
odata-hortolandia,2014,landsat,30,2,vegetacao_rala,34857900.0,3485.79,34.7622,111417,1.0,rf_v2.0-dw,2026-09-13T15:46:34.240812+00:00,tratamento,,1,exata,landsat_pre2019_nao_corrigido
odata-hortolandia,2014,landsat,30,3,solo_exposto_obras,6561000.0,656.1,6.543,111417,1.0,rf_v2.0-dw,2026-09-13T15:46:34.240812+00:00,tratamento,,1,exata,landsat_pre2019_nao_corrigido
odata-hortolandia,2014,landsat,30,4,construida_urbana,39142800.0,3914.28,39.0353,111417,0.6657,rf_v2.0-dw,2026-09-13T15:46:34.240812+00:00,tratamento,,1,exata,landsat_pre2019_corrigido_sv20
odata-hortolandia,2014,landsat,30,5,agua,1534500.0,153.45,1.5303,111417,1.0,rf_v2.0-dw,2026-09-13T15:46:34.240812+00:00,tratamento,,1,exata,landsat_pre2019_nao_corrigido
odata-hortolandia,2015,landsat,30,1,vegetacao_densa,27231300.0,2723.13,27.1271,111538,1.0,rf_v2.0-dw,2026-09-13T15:46:34.240812+00:00,tratamento,,1,exata,landsat_pre2019_nao_corrigido
odata-hortolandia,2015,landsat,30,2,vegetacao_rala,29775600.0,2977.56,29.6616,111538,1.0,rf_v2.0-dw,2026-09-13T15:46:34.240812+00:00,tratamento,,1,exata,landsat_pre2019_nao_corrigido
odata-hortolandia,2015,landsat,30,3,solo_exposto_obras,3857400.0,385.74,3.8426,111538,1.0,rf_v2.0-dw,2026-09-13T15:46:34.240812+00:00,tratamento,,1,exata,landsat_pre2019_nao_corrigido
odata-hortolandia,2015,landsat,30,4,construida_urbana,37269900.0,3726.99,37.1273,111538,0.6657,rf_v2.0-dw,2026-09-13T15:46:34.240812+00:00,tratamento,,1,exata,landsat_pre2019_corrigido_sv20
odata-hortolandia,2015,landsat,30,5,agua,2250000.0,225.0,2.2414,111538,1.0,rf_v2.0-dw,2026-09-13T15:46:34.240812+00:00,tratamento,,1,exata,landsat_pre2019_nao_corrigido
odata-hortolandia,2016,landsat,30,1,vegetacao_densa,20580300.0,2058.03,20.4993,111550,1.0,rf_v2.0-dw,2026-09-13T15:46:34.240812+00:00,tratamento,,1,exata,landsat_pre2019_nao_corrigido
odata-hortolandia,2016,landsat,30,2,vegetacao_rala,34335000.0,3433.5,34.1999,111550,1.0,rf_v2.0-dw,2026-09-13T15:46:34.240812+00:00,tratamento,,1,exata,landsat_pre2019_nao_corrigido
odata-hortolandia,2016,landsat,30,3,solo_exposto_obras,3685500.0,368.55,3.671,111550,1.0,rf_v2.0-dw,2026-09-13T15:46:34.240812+00:00,tratamento,,1,exata,landsat_pre2019_nao_corrigido
odata-hortolandia,2016,landsat,30,4,construida_urbana,39765600.0,3976.56,39.6091,111550,0.6657,rf_v2.0-dw,2026-09-13T15:46:34.240812+00:00,tratamento,,1,exata,landsat_pre2019_corrigido_sv20
odata-hortolandia,2016,landsat,30,5,agua,2028600.0,202.86,2.0206,111550,1.0,rf_v2.0-dw,2026-09-13T15:46:34.240812+00:00,tratamento,,1,exata,landsat_pre2019_nao_corrigido
odata-hortolandia,2017,landsat,30,1,vegetacao_densa,19953900.0,1995.39,19.8743,111556,1.0,rf_v2.0-dw,2026-09-13T15:46:34.240812+00:00,tratamento,,1,exata,landsat_pre2019_nao_corrigido
odata-hortolandia,2017,landsat,30,2,vegetacao_rala,33173100.0,3317.31,33.0408,111556,1.0,rf_v2.0-dw,2026-09-13T15:46:34.240812+00:00,tratamento,,1,exata,landsat_pre2019_nao_corrigido
odata-hortolandia,2017,landsat,30,3,solo_exposto_obras,4429800.0,442.98,4.4121,111556,1.0,rf_v2.0-dw,2026-09-13T15:46:34.240812+00:00,tratamento,,1,exata,landsat_pre2019_nao_corrigido
odata-hortolandia,2017,landsat,30,4,construida_urbana,41549400.0,4154.94,41.3837,111556,0.6657,rf_v2.0-dw,2026-09-13T15:46:34.240812+00:00,tratamento,,1,exata,landsat_pre2019_corrigido_sv20
odata-hortolandia,2017,landsat,30,5,agua,1294200.0,129.42,1.289,111556,1.0,rf_v2.0-dw,2026-09-13T15:46:34.240812+00:00,tratamento,,1,exata,landsat_pre2019_nao_corrigido
odata-hortolandia,2018,landsat,30,1,vegetacao_densa,16694100.0,1669.41,16.628,111553,1.0,rf_v2.0-dw,2026-09-13T15:46:34.240812+00:00,tratamento,,1,exata,landsat_pre2019_nao_corrigido
odata-hortolandia,2018,landsat,30,2,vegetacao_rala,37550700.0,3755.07,37.402,111553,1.0,rf_v2.0-dw,2026-09-13T15:46:34.240812+00:00,tratamento,,1,exata,landsat_pre2019_nao_corrigido
odata-hortolandia,2018,landsat,30,3,solo_exposto_obras,4918500.0,491.85,4.899,111553,1.0,rf_v2.0-dw,2026-09-13T15:46:34.240812+00:00,tratamento,,1,exata,landsat_pre2019_nao_corrigido
odata-hortolandia,2018,landsat,30,4,construida_urbana,39503700.0,3950.37,39.3472,111553,0.6657,rf_v2.0-dw,2026-09-13T15:46:34.240812+00:00,tratamento,,1,exata,landsat_pre2019_corrigido_sv20
odata-hortolandia,2018,landsat,30,5,agua,1730700.0,173.07,1.7238,111553,1.0,rf_v2.0-dw,2026-09-13T15:46:34.240812+00:00,tratamento,,1,exata,landsat_pre2019_nao_corrigido
odata-hortolandia,2019,landsat,30,1,vegetacao_densa,24579900.0,2457.99,24.4836,111548,1.0,rf_v2.0-dw,2026-09-13T15:46:34.240812+00:00,tratamento,,1,exata,landsat_overlap_referencia
odata-hortolandia,2019,landsat,30,2,vegetacao_rala,33561900.0,3356.19,33.4305,111548,1.0,rf_v2.0-dw,2026-09-13T15:46:34.240812+00:00,tratamento,,1,exata,landsat_overlap_referencia
odata-hortolandia,2019,landsat,30,3,solo_exposto_obras,3829500.0,382.95,3.8145,111548,1.0,rf_v2.0-dw,2026-09-13T15:46:34.240812+00:00,tratamento,,1,exata,landsat_overlap_referencia
odata-hortolandia,2019,landsat,30,4,construida_urbana,36573300.0,3657.33,36.4301,111548,1.0,rf_v2.0-dw,2026-09-13T15:46:34.240812+00:00,tratamento,,1,exata,landsat_overlap_referencia
odata-hortolandia,2019,landsat,30,5,agua,1848600.0,184.86,1.8414,111548,1.0,rf_v2.0-dw,2026-09-13T15:46:34.240812+00:00,tratamento,,1,exata,landsat_overlap_referencia
odata-hortolandia,2019,sentinel2,10,1,vegetacao_densa,20707400.0,2070.74,20.6248,1004004,1.0,rf_v2.0-dw,2026-09-13T15:46:34.240812+00:00,tratamento,,1,exata,sentinel2_oficial_2019_2025
odata-hortolandia,2019,sentinel2,10,2,vegetacao_rala,30784800.0,3078.48,30.662,1004004,1.0,rf_v2.0-dw,2026-09-13T15:46:34.240812+00:00,tratamento,,1,exata,sentinel2_oficial_2019_2025
odata-hortolandia,2019,sentinel2,10,3,solo_exposto_obras,4224800.0,422.48,4.208,1004004,1.0,rf_v2.0-dw,2026-09-13T15:46:34.240812+00:00,tratamento,,1,exata,sentinel2_oficial_2019_2025
odata-hortolandia,2019,sentinel2,10,4,construida_urbana,43758700.0,4375.87,43.5842,1004004,1.0,rf_v2.0-dw,2026-09-13T15:46:34.240812+00:00,tratamento,,1,exata,sentinel2_oficial_2019_2025
odata-hortolandia,2019,sentinel2,10,5,agua,924700.0,92.47,0.921,1004004,1.0,rf_v2.0-dw,2026-09-13T15:46:34.240812+00:00,tratamento,,1,exata,sentinel2_oficial_2019_2025
odata-hortolandia,2020,landsat,30,1,vegetacao_densa,21766500.0,2176.65,21.6799,111555,1.0,rf_v2.0-dw,2026-09-13T15:46:34.240812+00:00,tratamento,,1,exata,landsat_overlap_referencia
odata-hortolandia,2020,landsat,30,2,vegetacao_rala,35029800.0,3502.98,34.8904,111555,1.0,rf_v2.0-dw,2026-09-13T15:46:34.240812+00:00,tratamento,,1,exata,landsat_overlap_referencia
odata-hortolandia,2020,landsat,30,3,solo_exposto_obras,4439700.0,443.97,4.422,111555,1.0,rf_v2.0-dw,2026-09-13T15:46:34.240812+00:00,tratamento,,1,exata,landsat_overlap_referencia
odata-hortolandia,2020,landsat,30,4,construida_urbana,37264500.0,3726.45,37.1162,111555,1.0,rf_v2.0-dw,2026-09-13T15:46:34.240812+00:00,tratamento,,1,exata,landsat_overlap_referencia
odata-hortolandia,2020,landsat,30,5,agua,1899000.0,189.9,1.8914,111555,1.0,rf_v2.0-dw,2026-09-13T15:46:34.240812+00:00,tratamento,,1,exata,landsat_overlap_referencia
odata-hortolandia,2020,sentinel2,10,1,vegetacao_densa,17587100.0,1758.71,17.517,1004004,1.0,rf_v2.0-dw,2026-09-13T15:46:34.240812+00:00,tratamento,,1,exata,sentinel2_oficial_2019_2025
odata-hortolandia,2020,sentinel2,10,2,vegetacao_rala,33033800.0,3303.38,32.9021,1004004,1.0,rf_v2.0-dw,2026-09-13T15:46:34.240812+00:00,tratamento,,1,exata,sentinel2_oficial_2019_2025
odata-hortolandia,2020,sentinel2,10,3,solo_exposto_obras,5178000.0,517.8,5.1573,1004004,1.0,rf_v2.0-dw,2026-09-13T15:46:34.240812+00:00,tratamento,,1,exata,sentinel2_oficial_2019_2025
odata-hortolandia,2020,sentinel2,10,4,construida_urbana,43700600.0,4370.06,43.5263,1004004,1.0,rf_v2.0-dw,2026-09-13T15:46:34.240812+00:00,tratamento,,1,exata,sentinel2_oficial_2019_2025
odata-hortolandia,2020,sentinel2,10,5,agua,900900.0,90.09,0.8973,1004004,1.0,rf_v2.0-dw,2026-09-13T15:46:34.240812+00:00,tratamento,,1,exata,sentinel2_oficial_2019_2025
odata-hortolandia,2021,landsat,30,1,vegetacao_densa,17123400.0,1712.34,17.056,111550,1.0,rf_v2.0-dw,2026-09-13T15:46:34.240812+00:00,tratamento,,1,exata,landsat_overlap_referencia
odata-hortolandia,2021,landsat,30,2,vegetacao_rala,34160400.0,3416.04,34.026,111550,1.0,rf_v2.0-dw,2026-09-13T15:46:34.240812+00:00,tratamento,,1,exata,landsat_overlap_referencia
odata-hortolandia,2021,landsat,30,3,solo_exposto_obras,5467500.0,546.75,5.446,111550,1.0,rf_v2.0-dw,2026-09-13T15:46:34.240812+00:00,tratamento,,1,exata,landsat_overlap_referencia
odata-hortolandia,2021,landsat,30,4,construida_urbana,41817600.0,4181.76,41.6531,111550,1.0,rf_v2.0-dw,2026-09-13T15:46:34.240812+00:00,tratamento,,1,exata,landsat_overlap_referencia
odata-hortolandia,2021,landsat,30,5,agua,1826100.0,182.61,1.8189,111550,1.0,rf_v2.0-dw,2026-09-13T15:46:34.240812+00:00,tratamento,,1,exata,landsat_overlap_referencia
odata-hortolandia,2021,sentinel2,10,1,vegetacao_densa,14449900.0,1444.99,14.3923,1004004,1.0,rf_v2.0-dw,2026-09-13T15:46:34.240812+00:00,tratamento,,1,exata,sentinel2_oficial_2019_2025
odata-hortolandia,2021,sentinel2,10,2,vegetacao_rala,33257200.0,3325.72,33.1246,1004004,1.0,rf_v2.0-dw,2026-09-13T15:46:34.240812+00:00,tratamento,,1,exata,sentinel2_oficial_2019_2025
odata-hortolandia,2021,sentinel2,10,3,solo_exposto_obras,5519200.0,551.92,5.4972,1004004,1.0,rf_v2.0-dw,2026-09-13T15:46:34.240812+00:00,tratamento,,1,exata,sentinel2_oficial_2019_2025
odata-hortolandia,2021,sentinel2,10,4,construida_urbana,46330700.0,4633.07,46.1459,1004004,1.0,rf_v2.0-dw,2026-09-13T15:46:34.240812+00:00,tratamento,,1,exata,sentinel2_oficial_2019_2025
odata-hortolandia,2021,sentinel2,10,5,agua,843400.0,84.34,0.84,1004004,1.0,rf_v2.0-dw,2026-09-13T15:46:34.240812+00:00,tratamento,,1,exata,sentinel2_oficial_2019_2025
odata-hortolandia,2022,sentinel2,10,1,vegetacao_densa,15695200.0,1569.52,15.6326,1004004,1.0,rf_v2.0-dw,2026-09-13T15:46:34.240812+00:00,tratamento,,1,exata,sentinel2_oficial_2019_2025
odata-hortolandia,2022,sentinel2,10,2,vegetacao_rala,30153200.0,3015.32,30.0329,1004004,1.0,rf_v2.0-dw,2026-09-13T15:46:34.240812+00:00,tratamento,,1,exata,sentinel2_oficial_2019_2025
odata-hortolandia,2022,sentinel2,10,3,solo_exposto_obras,4999800.0,499.98,4.9799,1004004,1.0,rf_v2.0-dw,2026-09-13T15:46:34.240812+00:00,tratamento,,1,exata,sentinel2_oficial_2019_2025
odata-hortolandia,2022,sentinel2,10,4,construida_urbana,48480400.0,4848.04,48.2871,1004004,1.0,rf_v2.0-dw,2026-09-13T15:46:34.240812+00:00,tratamento,,1,exata,sentinel2_oficial_2019_2025
odata-hortolandia,2022,sentinel2,10,5,agua,1071800.0,107.18,1.0675,1004004,1.0,rf_v2.0-dw,2026-09-13T15:46:34.240812+00:00,tratamento,,1,exata,sentinel2_oficial_2019_2025
odata-hortolandia,2023,sentinel2,10,1,vegetacao_densa,19153600.0,1915.36,19.0772,1004004,1.0,rf_v2.0-dw,2026-09-13T15:46:34.240812+00:00,tratamento,,1,exata,sentinel2_oficial_2019_2025
odata-hortolandia,2023,sentinel2,10,2,vegetacao_rala,29584700.0,2958.47,29.4667,1004004,1.0,rf_v2.0-dw,2026-09-13T15:46:34.240812+00:00,tratamento,,1,exata,sentinel2_oficial_2019_2025
odata-hortolandia,2023,sentinel2,10,3,solo_exposto_obras,3929400.0,392.94,3.9137,1004004,1.0,rf_v2.0-dw,2026-09-13T15:46:34.240812+00:00,tratamento,,1,exata,sentinel2_oficial_2019_2025
odata-hortolandia,2023,sentinel2,10,4,construida_urbana,46752900.0,4675.29,46.5664,1004004,1.0,rf_v2.0-dw,2026-09-13T15:46:34.240812+00:00,tratamento,,1,exata,sentinel2_oficial_2019_2025
odata-hortolandia,2023,sentinel2,10,5,agua,979800.0,97.98,0.9759,1004004,1.0,rf_v2.0-dw,2026-09-13T15:46:34.240812+00:00,tratamento,,1,exata,sentinel2_oficial_2019_2025
odata-hortolandia,2024,sentinel2,10,1,vegetacao_densa,15224500.0,1522.45,15.1638,1004004,1.0,rf_v2.0-dw,2026-09-13T15:46:34.240812+00:00,tratamento,,1,exata,sentinel2_oficial_2019_2025
odata-hortolandia,2024,sentinel2,10,2,vegetacao_rala,31008700.0,3100.87,30.885,1004004,1.0,rf_v2.0-dw,2026-09-13T15:46:34.240812+00:00,tratamento,,1,exata,sentinel2_oficial_2019_2025
odata-hortolandia,2024,sentinel2,10,3,solo_exposto_obras,5682600.0,568.26,5.6599,1004004,1.0,rf_v2.0-dw,2026-09-13T15:46:34.240812+00:00,tratamento,,1,exata,sentinel2_oficial_2019_2025
odata-hortolandia,2024,sentinel2,10,4,construida_urbana,47530500.0,4753.05,47.3409,1004004,1.0,rf_v2.0-dw,2026-09-13T15:46:34.240812+00:00,tratamento,,1,exata,sentinel2_oficial_2019_2025
odata-hortolandia,2024,sentinel2,10,5,agua,954100.0,95.41,0.9503,1004004,1.0,rf_v2.0-dw,2026-09-13T15:46:34.240812+00:00,tratamento,,1,exata,sentinel2_oficial_2019_2025
odata-hortolandia,2025,sentinel2,10,1,vegetacao_densa,14266400.0,1426.64,14.2095,1004004,1.0,rf_v2.0-dw,2026-09-13T15:46:34.240812+00:00,tratamento,,1,exata,sentinel2_oficial_2019_2025
odata-hortolandia,2025,sentinel2,10,2,vegetacao_rala,32710800.0,3271.08,32.5803,1004004,1.0,rf_v2.0-dw,2026-09-13T15:46:34.240812+00:00,tratamento,,1,exata,sentinel2_oficial_2019_2025
odata-hortolandia,2025,sentinel2,10,3,solo_exposto_obras,5947900.0,594.79,5.9242,1004004,1.0,rf_v2.0-dw,2026-09-13T15:46:34.240812+00:00,tratamento,,1,exata,sentinel2_oficial_2019_2025
odata-hortolandia,2025,sentinel2,10,4,construida_urbana,46541900.0,4654.19,46.3563,1004004,1.0,rf_v2.0-dw,2026-09-13T15:46:34.240812+00:00,tratamento,,1,exata,sentinel2_oficial_2019_2025
odata-hortolandia,2025,sentinel2,10,5,agua,933400.0,93.34,0.9297,1004004,1.0,rf_v2.0-dw,2026-09-13T15:46:34.240812+00:00,tratamento,,1,exata,sentinel2_oficial_2019_2025
scala-sgigsm01,2013,landsat,30,1,vegetacao_densa,6631200.0,663.12,6.585,111890,1.0,rf_v2.0-dw,2026-09-13T15:46:34.240812+00:00,tratamento,,1,exata,landsat_pre2019_nao_corrigido
scala-sgigsm01,2013,landsat,30,2,vegetacao_rala,5425200.0,542.52,5.3874,111890,1.0,rf_v2.0-dw,2026-09-13T15:46:34.240812+00:00,tratamento,,1,exata,landsat_pre2019_nao_corrigido
scala-sgigsm01,2013,landsat,30,3,solo_exposto_obras,4652100.0,465.21,4.6197,111890,1.0,rf_v2.0-dw,2026-09-13T15:46:34.240812+00:00,tratamento,,1,exata,landsat_pre2019_nao_corrigido
scala-sgigsm01,2013,landsat,30,4,construida_urbana,80649900.0,8064.99,80.0885,111890,0.9343,rf_v2.0-dw,2026-09-13T15:46:34.240812+00:00,tratamento,,1,exata,landsat_pre2019_corrigido_sv20
scala-sgigsm01,2013,landsat,30,5,agua,3342600.0,334.26,3.3193,111890,1.0,rf_v2.0-dw,2026-09-13T15:46:34.240812+00:00,tratamento,,1,exata,landsat_pre2019_nao_corrigido
scala-sgigsm01,2014,landsat,30,1,vegetacao_densa,6843600.0,684.36,6.8036,111765,1.0,rf_v2.0-dw,2026-09-13T15:46:34.240812+00:00,tratamento,,1,exata,landsat_pre2019_nao_corrigido
scala-sgigsm01,2014,landsat,30,2,vegetacao_rala,4933800.0,493.38,4.9049,111765,1.0,rf_v2.0-dw,2026-09-13T15:46:34.240812+00:00,tratamento,,1,exata,landsat_pre2019_nao_corrigido
scala-sgigsm01,2014,landsat,30,3,solo_exposto_obras,4313700.0,431.37,4.2885,111765,1.0,rf_v2.0-dw,2026-09-13T15:46:34.240812+00:00,tratamento,,1,exata,landsat_pre2019_nao_corrigido
scala-sgigsm01,2014,landsat,30,4,construida_urbana,82071900.0,8207.19,81.5917,111765,0.9343,rf_v2.0-dw,2026-09-13T15:46:34.240812+00:00,tratamento,,1,exata,landsat_pre2019_corrigido_sv20
scala-sgigsm01,2014,landsat,30,5,agua,2425500.0,242.55,2.4113,111765,1.0,rf_v2.0-dw,2026-09-13T15:46:34.240812+00:00,tratamento,,1,exata,landsat_pre2019_nao_corrigido
scala-sgigsm01,2015,landsat,30,1,vegetacao_densa,5422500.0,542.25,5.3848,111890,1.0,rf_v2.0-dw,2026-09-13T15:46:34.240812+00:00,tratamento,,1,exata,landsat_pre2019_nao_corrigido
scala-sgigsm01,2015,landsat,30,2,vegetacao_rala,3951000.0,395.1,3.9235,111890,1.0,rf_v2.0-dw,2026-09-13T15:46:34.240812+00:00,tratamento,,1,exata,landsat_pre2019_nao_corrigido
scala-sgigsm01,2015,landsat,30,3,solo_exposto_obras,4375800.0,437.58,4.3453,111890,1.0,rf_v2.0-dw,2026-09-13T15:46:34.240812+00:00,tratamento,,1,exata,landsat_pre2019_nao_corrigido
scala-sgigsm01,2015,landsat,30,4,construida_urbana,84617100.0,8461.71,84.0281,111890,0.9343,rf_v2.0-dw,2026-09-13T15:46:34.240812+00:00,tratamento,,1,exata,landsat_pre2019_corrigido_sv20
scala-sgigsm01,2015,landsat,30,5,agua,2334600.0,233.46,2.3183,111890,1.0,rf_v2.0-dw,2026-09-13T15:46:34.240812+00:00,tratamento,,1,exata,landsat_pre2019_nao_corrigido
scala-sgigsm01,2016,landsat,30,1,vegetacao_densa,6464700.0,646.47,6.4262,111776,1.0,rf_v2.0-dw,2026-09-13T15:46:34.240812+00:00,tratamento,,1,exata,landsat_pre2019_nao_corrigido
scala-sgigsm01,2016,landsat,30,2,vegetacao_rala,4139100.0,413.91,4.1145,111776,1.0,rf_v2.0-dw,2026-09-13T15:46:34.240812+00:00,tratamento,,1,exata,landsat_pre2019_nao_corrigido
scala-sgigsm01,2016,landsat,30,3,solo_exposto_obras,5743800.0,574.38,5.7096,111776,1.0,rf_v2.0-dw,2026-09-13T15:46:34.240812+00:00,tratamento,,1,exata,landsat_pre2019_nao_corrigido
scala-sgigsm01,2016,landsat,30,4,construida_urbana,79945200.0,7994.52,79.4697,111776,0.9343,rf_v2.0-dw,2026-09-13T15:46:34.240812+00:00,tratamento,,1,exata,landsat_pre2019_corrigido_sv20
scala-sgigsm01,2016,landsat,30,5,agua,4305600.0,430.56,4.28,111776,1.0,rf_v2.0-dw,2026-09-13T15:46:34.240812+00:00,tratamento,,1,exata,landsat_pre2019_nao_corrigido
scala-sgigsm01,2017,landsat,30,1,vegetacao_densa,6940800.0,694.08,6.8937,111870,1.0,rf_v2.0-dw,2026-09-13T15:46:34.240812+00:00,tratamento,,1,exata,landsat_pre2019_nao_corrigido
scala-sgigsm01,2017,landsat,30,2,vegetacao_rala,3399300.0,339.93,3.3762,111870,1.0,rf_v2.0-dw,2026-09-13T15:46:34.240812+00:00,tratamento,,1,exata,landsat_pre2019_nao_corrigido
scala-sgigsm01,2017,landsat,30,3,solo_exposto_obras,5015700.0,501.57,4.9817,111870,1.0,rf_v2.0-dw,2026-09-13T15:46:34.240812+00:00,tratamento,,1,exata,landsat_pre2019_nao_corrigido
scala-sgigsm01,2017,landsat,30,4,construida_urbana,82130400.0,8213.04,81.5733,111870,0.9343,rf_v2.0-dw,2026-09-13T15:46:34.240812+00:00,tratamento,,1,exata,landsat_pre2019_corrigido_sv20
scala-sgigsm01,2017,landsat,30,5,agua,3196800.0,319.68,3.1751,111870,1.0,rf_v2.0-dw,2026-09-13T15:46:34.240812+00:00,tratamento,,1,exata,landsat_pre2019_nao_corrigido
scala-sgigsm01,2018,landsat,30,1,vegetacao_densa,6949800.0,694.98,6.9017,111885,1.0,rf_v2.0-dw,2026-09-13T15:46:34.240812+00:00,tratamento,,1,exata,landsat_pre2019_nao_corrigido
scala-sgigsm01,2018,landsat,30,2,vegetacao_rala,4065300.0,406.53,4.0372,111885,1.0,rf_v2.0-dw,2026-09-13T15:46:34.240812+00:00,tratamento,,1,exata,landsat_pre2019_nao_corrigido
scala-sgigsm01,2018,landsat,30,3,solo_exposto_obras,5533200.0,553.32,5.4949,111885,1.0,rf_v2.0-dw,2026-09-13T15:46:34.240812+00:00,tratamento,,1,exata,landsat_pre2019_nao_corrigido
scala-sgigsm01,2018,landsat,30,4,construida_urbana,80324100.0,8032.41,79.7685,111885,0.9343,rf_v2.0-dw,2026-09-13T15:46:34.240812+00:00,tratamento,,1,exata,landsat_pre2019_corrigido_sv20
scala-sgigsm01,2018,landsat,30,5,agua,3824100.0,382.41,3.7976,111885,1.0,rf_v2.0-dw,2026-09-13T15:46:34.240812+00:00,tratamento,,1,exata,landsat_pre2019_nao_corrigido
scala-sgigsm01,2019,landsat,30,1,vegetacao_densa,7251300.0,725.13,7.2091,111761,1.0,rf_v2.0-dw,2026-09-13T15:46:34.240812+00:00,tratamento,,1,exata,landsat_overlap_referencia
scala-sgigsm01,2019,landsat,30,2,vegetacao_rala,3532500.0,353.25,3.512,111761,1.0,rf_v2.0-dw,2026-09-13T15:46:34.240812+00:00,tratamento,,1,exata,landsat_overlap_referencia
scala-sgigsm01,2019,landsat,30,3,solo_exposto_obras,6149700.0,614.97,6.1139,111761,1.0,rf_v2.0-dw,2026-09-13T15:46:34.240812+00:00,tratamento,,1,exata,landsat_overlap_referencia
scala-sgigsm01,2019,landsat,30,4,construida_urbana,79591500.0,7959.15,79.1287,111761,1.0,rf_v2.0-dw,2026-09-13T15:46:34.240812+00:00,tratamento,,1,exata,landsat_overlap_referencia
scala-sgigsm01,2019,landsat,30,5,agua,4059900.0,405.99,4.0363,111761,1.0,rf_v2.0-dw,2026-09-13T15:46:34.240812+00:00,tratamento,,1,exata,landsat_overlap_referencia
scala-sgigsm01,2019,sentinel2,10,1,vegetacao_densa,6433600.0,643.36,6.3888,1007010,1.0,rf_v2.0-dw,2026-09-13T15:46:34.240812+00:00,tratamento,,1,exata,sentinel2_oficial_2019_2025
scala-sgigsm01,2019,sentinel2,10,2,vegetacao_rala,3560800.0,356.08,3.536,1007010,1.0,rf_v2.0-dw,2026-09-13T15:46:34.240812+00:00,tratamento,,1,exata,sentinel2_oficial_2019_2025
scala-sgigsm01,2019,sentinel2,10,3,solo_exposto_obras,5149200.0,514.92,5.1134,1007010,1.0,rf_v2.0-dw,2026-09-13T15:46:34.240812+00:00,tratamento,,1,exata,sentinel2_oficial_2019_2025
scala-sgigsm01,2019,sentinel2,10,4,construida_urbana,84493400.0,8449.34,83.9052,1007010,1.0,rf_v2.0-dw,2026-09-13T15:46:34.240812+00:00,tratamento,,1,exata,sentinel2_oficial_2019_2025
scala-sgigsm01,2019,sentinel2,10,5,agua,1064000.0,106.4,1.0566,1007010,1.0,rf_v2.0-dw,2026-09-13T15:46:34.240812+00:00,tratamento,,1,exata,sentinel2_oficial_2019_2025
scala-sgigsm01,2020,landsat,30,1,vegetacao_densa,7115400.0,711.54,7.0659,111890,1.0,rf_v2.0-dw,2026-09-13T15:46:34.240812+00:00,tratamento,,1,exata,landsat_overlap_referencia
scala-sgigsm01,2020,landsat,30,2,vegetacao_rala,3827700.0,382.77,3.8011,111890,1.0,rf_v2.0-dw,2026-09-13T15:46:34.240812+00:00,tratamento,,1,exata,landsat_overlap_referencia
scala-sgigsm01,2020,landsat,30,3,solo_exposto_obras,4191300.0,419.13,4.1621,111890,1.0,rf_v2.0-dw,2026-09-13T15:46:34.240812+00:00,tratamento,,1,exata,landsat_overlap_referencia
scala-sgigsm01,2020,landsat,30,4,construida_urbana,82674000.0,8267.4,82.0985,111890,1.0,rf_v2.0-dw,2026-09-13T15:46:34.240812+00:00,tratamento,,1,exata,landsat_overlap_referencia
scala-sgigsm01,2020,landsat,30,5,agua,2892600.0,289.26,2.8725,111890,1.0,rf_v2.0-dw,2026-09-13T15:46:34.240812+00:00,tratamento,,1,exata,landsat_overlap_referencia
scala-sgigsm01,2020,sentinel2,10,1,vegetacao_densa,6546800.0,654.68,6.5012,1007010,1.0,rf_v2.0-dw,2026-09-13T15:46:34.240812+00:00,tratamento,,1,exata,sentinel2_oficial_2019_2025
scala-sgigsm01,2020,sentinel2,10,2,vegetacao_rala,4113100.0,411.31,4.0845,1007010,1.0,rf_v2.0-dw,2026-09-13T15:46:34.240812+00:00,tratamento,,1,exata,sentinel2_oficial_2019_2025
scala-sgigsm01,2020,sentinel2,10,3,solo_exposto_obras,5026300.0,502.63,4.9913,1007010,1.0,rf_v2.0-dw,2026-09-13T15:46:34.240812+00:00,tratamento,,1,exata,sentinel2_oficial_2019_2025
scala-sgigsm01,2020,sentinel2,10,4,construida_urbana,83787800.0,8378.78,83.2045,1007010,1.0,rf_v2.0-dw,2026-09-13T15:46:34.240812+00:00,tratamento,,1,exata,sentinel2_oficial_2019_2025
scala-sgigsm01,2020,sentinel2,10,5,agua,1227000.0,122.7,1.2185,1007010,1.0,rf_v2.0-dw,2026-09-13T15:46:34.240812+00:00,tratamento,,1,exata,sentinel2_oficial_2019_2025
scala-sgigsm01,2021,landsat,30,1,vegetacao_densa,6774300.0,677.43,6.7271,111890,1.0,rf_v2.0-dw,2026-09-13T15:46:34.240812+00:00,tratamento,,1,exata,landsat_overlap_referencia
scala-sgigsm01,2021,landsat,30,2,vegetacao_rala,4029300.0,402.93,4.0013,111890,1.0,rf_v2.0-dw,2026-09-13T15:46:34.240812+00:00,tratamento,,1,exata,landsat_overlap_referencia
scala-sgigsm01,2021,landsat,30,3,solo_exposto_obras,4983300.0,498.33,4.9486,111890,1.0,rf_v2.0-dw,2026-09-13T15:46:34.240812+00:00,tratamento,,1,exata,landsat_overlap_referencia
scala-sgigsm01,2021,landsat,30,4,construida_urbana,81900900.0,8190.09,81.3308,111890,1.0,rf_v2.0-dw,2026-09-13T15:46:34.240812+00:00,tratamento,,1,exata,landsat_overlap_referencia
scala-sgigsm01,2021,landsat,30,5,agua,3013200.0,301.32,2.9922,111890,1.0,rf_v2.0-dw,2026-09-13T15:46:34.240812+00:00,tratamento,,1,exata,landsat_overlap_referencia
scala-sgigsm01,2021,sentinel2,10,1,vegetacao_densa,6082600.0,608.26,6.0403,1007010,1.0,rf_v2.0-dw,2026-09-13T15:46:34.240812+00:00,tratamento,,1,exata,sentinel2_oficial_2019_2025
scala-sgigsm01,2021,sentinel2,10,2,vegetacao_rala,3715400.0,371.54,3.6895,1007010,1.0,rf_v2.0-dw,2026-09-13T15:46:34.240812+00:00,tratamento,,1,exata,sentinel2_oficial_2019_2025
scala-sgigsm01,2021,sentinel2,10,3,solo_exposto_obras,4954000.0,495.4,4.9195,1007010,1.0,rf_v2.0-dw,2026-09-13T15:46:34.240812+00:00,tratamento,,1,exata,sentinel2_oficial_2019_2025
scala-sgigsm01,2021,sentinel2,10,4,construida_urbana,84937400.0,8493.74,84.3461,1007010,1.0,rf_v2.0-dw,2026-09-13T15:46:34.240812+00:00,tratamento,,1,exata,sentinel2_oficial_2019_2025
scala-sgigsm01,2021,sentinel2,10,5,agua,1011600.0,101.16,1.0046,1007010,1.0,rf_v2.0-dw,2026-09-13T15:46:34.240812+00:00,tratamento,,1,exata,sentinel2_oficial_2019_2025
scala-sgigsm01,2022,sentinel2,10,1,vegetacao_densa,7638800.0,763.88,7.5856,1007010,1.0,rf_v2.0-dw,2026-09-13T15:46:34.240812+00:00,tratamento,,1,exata,sentinel2_oficial_2019_2025
scala-sgigsm01,2022,sentinel2,10,2,vegetacao_rala,3013700.0,301.37,2.9927,1007010,1.0,rf_v2.0-dw,2026-09-13T15:46:34.240812+00:00,tratamento,,1,exata,sentinel2_oficial_2019_2025
scala-sgigsm01,2022,sentinel2,10,3,solo_exposto_obras,4223400.0,422.34,4.194,1007010,1.0,rf_v2.0-dw,2026-09-13T15:46:34.240812+00:00,tratamento,,1,exata,sentinel2_oficial_2019_2025
scala-sgigsm01,2022,sentinel2,10,4,construida_urbana,84607400.0,8460.74,84.0184,1007010,1.0,rf_v2.0-dw,2026-09-13T15:46:34.240812+00:00,tratamento,,1,exata,sentinel2_oficial_2019_2025
scala-sgigsm01,2022,sentinel2,10,5,agua,1217700.0,121.77,1.2092,1007010,1.0,rf_v2.0-dw,2026-09-13T15:46:34.240812+00:00,tratamento,,1,exata,sentinel2_oficial_2019_2025
scala-sgigsm01,2023,sentinel2,10,1,vegetacao_densa,6632900.0,663.29,6.5867,1007010,1.0,rf_v2.0-dw,2026-09-13T15:46:34.240812+00:00,tratamento,,1,exata,sentinel2_oficial_2019_2025
scala-sgigsm01,2023,sentinel2,10,2,vegetacao_rala,2391900.0,239.19,2.3752,1007010,1.0,rf_v2.0-dw,2026-09-13T15:46:34.240812+00:00,tratamento,,1,exata,sentinel2_oficial_2019_2025
scala-sgigsm01,2023,sentinel2,10,3,solo_exposto_obras,5109000.0,510.9,5.0734,1007010,1.0,rf_v2.0-dw,2026-09-13T15:46:34.240812+00:00,tratamento,,1,exata,sentinel2_oficial_2019_2025
scala-sgigsm01,2023,sentinel2,10,4,construida_urbana,85399900.0,8539.99,84.8054,1007010,1.0,rf_v2.0-dw,2026-09-13T15:46:34.240812+00:00,tratamento,,1,exata,sentinel2_oficial_2019_2025
scala-sgigsm01,2023,sentinel2,10,5,agua,1167300.0,116.73,1.1592,1007010,1.0,rf_v2.0-dw,2026-09-13T15:46:34.240812+00:00,tratamento,,1,exata,sentinel2_oficial_2019_2025
scala-sgigsm01,2024,sentinel2,10,1,vegetacao_densa,6436300.0,643.63,6.3915,1007010,1.0,rf_v2.0-dw,2026-09-13T15:46:34.240812+00:00,tratamento,,1,exata,sentinel2_oficial_2019_2025
scala-sgigsm01,2024,sentinel2,10,2,vegetacao_rala,3296300.0,329.63,3.2734,1007010,1.0,rf_v2.0-dw,2026-09-13T15:46:34.240812+00:00,tratamento,,1,exata,sentinel2_oficial_2019_2025
scala-sgigsm01,2024,sentinel2,10,3,solo_exposto_obras,4410200.0,441.02,4.3795,1007010,1.0,rf_v2.0-dw,2026-09-13T15:46:34.240812+00:00,tratamento,,1,exata,sentinel2_oficial_2019_2025
scala-sgigsm01,2024,sentinel2,10,4,construida_urbana,85688800.0,8568.88,85.0923,1007010,1.0,rf_v2.0-dw,2026-09-13T15:46:34.240812+00:00,tratamento,,1,exata,sentinel2_oficial_2019_2025
scala-sgigsm01,2024,sentinel2,10,5,agua,869400.0,86.94,0.8633,1007010,1.0,rf_v2.0-dw,2026-09-13T15:46:34.240812+00:00,tratamento,,1,exata,sentinel2_oficial_2019_2025
scala-sgigsm01,2025,sentinel2,10,1,vegetacao_densa,7477800.0,747.78,7.4257,1007010,1.0,rf_v2.0-dw,2026-09-13T15:46:34.240812+00:00,tratamento,,1,exata,sentinel2_oficial_2019_2025
scala-sgigsm01,2025,sentinel2,10,2,vegetacao_rala,3165400.0,316.54,3.1434,1007010,1.0,rf_v2.0-dw,2026-09-13T15:46:34.240812+00:00,tratamento,,1,exata,sentinel2_oficial_2019_2025
scala-sgigsm01,2025,sentinel2,10,3,solo_exposto_obras,4466400.0,446.64,4.4353,1007010,1.0,rf_v2.0-dw,2026-09-13T15:46:34.240812+00:00,tratamento,,1,exata,sentinel2_oficial_2019_2025
scala-sgigsm01,2025,sentinel2,10,4,construida_urbana,84532800.0,8453.28,83.9444,1007010,1.0,rf_v2.0-dw,2026-09-13T15:46:34.240812+00:00,tratamento,,1,exata,sentinel2_oficial_2019_2025
scala-sgigsm01,2025,sentinel2,10,5,agua,1058600.0,105.86,1.0512,1007010,1.0,rf_v2.0-dw,2026-09-13T15:46:34.240812+00:00,tratamento,,1,exata,sentinel2_oficial_2019_2025
scala-spoapa01,2013,landsat,30,1,vegetacao_densa,19629000.0,1962.9,20.5501,106131,1.0,rf_v2.0-dw,2026-09-13T15:46:34.240812+00:00,tratamento,,1,exata,landsat_pre2019_nao_corrigido
scala-spoapa01,2013,landsat,30,2,vegetacao_rala,4920300.0,492.03,5.1512,106131,1.0,rf_v2.0-dw,2026-09-13T15:46:34.240812+00:00,tratamento,,1,exata,landsat_pre2019_nao_corrigido
scala-spoapa01,2013,landsat,30,3,solo_exposto_obras,5877000.0,587.7,6.1528,106131,1.0,rf_v2.0-dw,2026-09-13T15:46:34.240812+00:00,tratamento,,1,exata,landsat_pre2019_nao_corrigido
scala-spoapa01,2013,landsat,30,4,construida_urbana,36549900.0,3654.99,38.265,106131,0.8058,rf_v2.0-dw,2026-09-13T15:46:34.240812+00:00,tratamento,,1,exata,landsat_pre2019_corrigido_sv20
scala-spoapa01,2013,landsat,30,5,agua,28541700.0,2854.17,29.881,106131,1.0,rf_v2.0-dw,2026-09-13T15:46:34.240812+00:00,tratamento,,1,exata,landsat_pre2019_nao_corrigido
scala-spoapa01,2014,landsat,30,1,vegetacao_densa,21773700.0,2177.37,21.7455,111255,1.0,rf_v2.0-dw,2026-09-13T15:46:34.240812+00:00,tratamento,,1,exata,landsat_pre2019_nao_corrigido
scala-spoapa01,2014,landsat,30,2,vegetacao_rala,7624800.0,762.48,7.6149,111255,1.0,rf_v2.0-dw,2026-09-13T15:46:34.240812+00:00,tratamento,,1,exata,landsat_pre2019_nao_corrigido
scala-spoapa01,2014,landsat,30,3,solo_exposto_obras,5715900.0,571.59,5.7085,111255,1.0,rf_v2.0-dw,2026-09-13T15:46:34.240812+00:00,tratamento,,1,exata,landsat_pre2019_nao_corrigido
scala-spoapa01,2014,landsat,30,4,construida_urbana,28935000.0,2893.5,28.8976,111255,0.8058,rf_v2.0-dw,2026-09-13T15:46:34.240812+00:00,tratamento,,1,exata,landsat_pre2019_corrigido_sv20
scala-spoapa01,2014,landsat,30,5,agua,36080100.0,3608.01,36.0334,111255,1.0,rf_v2.0-dw,2026-09-13T15:46:34.240812+00:00,tratamento,,1,exata,landsat_pre2019_nao_corrigido
scala-spoapa01,2015,landsat,30,1,vegetacao_densa,24351300.0,2435.13,24.2555,111550,1.0,rf_v2.0-dw,2026-09-13T15:46:34.240812+00:00,tratamento,,1,exata,landsat_pre2019_nao_corrigido
scala-spoapa01,2015,landsat,30,2,vegetacao_rala,7195500.0,719.55,7.1672,111550,1.0,rf_v2.0-dw,2026-09-13T15:46:34.240812+00:00,tratamento,,1,exata,landsat_pre2019_nao_corrigido
scala-spoapa01,2015,landsat,30,3,solo_exposto_obras,4788900.0,478.89,4.7701,111550,1.0,rf_v2.0-dw,2026-09-13T15:46:34.240812+00:00,tratamento,,1,exata,landsat_pre2019_nao_corrigido
scala-spoapa01,2015,landsat,30,4,construida_urbana,43443000.0,4344.3,43.2721,111550,0.8058,rf_v2.0-dw,2026-09-13T15:46:34.240812+00:00,tratamento,,1,exata,landsat_pre2019_corrigido_sv20
scala-spoapa01,2015,landsat,30,5,agua,20616300.0,2061.63,20.5352,111550,1.0,rf_v2.0-dw,2026-09-13T15:46:34.240812+00:00,tratamento,,1,exata,landsat_pre2019_nao_corrigido
scala-spoapa01,2016,landsat,30,1,vegetacao_densa,22356900.0,2235.69,23.9801,103590,1.0,rf_v2.0-dw,2026-09-13T15:46:34.240812+00:00,tratamento,,1,exata,landsat_pre2019_nao_corrigido
scala-spoapa01,2016,landsat,30,2,vegetacao_rala,6170400.0,617.04,6.6184,103590,1.0,rf_v2.0-dw,2026-09-13T15:46:34.240812+00:00,tratamento,,1,exata,landsat_pre2019_nao_corrigido
scala-spoapa01,2016,landsat,30,3,solo_exposto_obras,4590900.0,459.09,4.9242,103590,1.0,rf_v2.0-dw,2026-09-13T15:46:34.240812+00:00,tratamento,,1,exata,landsat_pre2019_nao_corrigido
scala-spoapa01,2016,landsat,30,4,construida_urbana,34479900.0,3447.99,36.9833,103590,0.8058,rf_v2.0-dw,2026-09-13T15:46:34.240812+00:00,tratamento,,1,exata,landsat_pre2019_corrigido_sv20
scala-spoapa01,2016,landsat,30,5,agua,25632900.0,2563.29,27.494,103590,1.0,rf_v2.0-dw,2026-09-13T15:46:34.240812+00:00,tratamento,,1,exata,landsat_pre2019_nao_corrigido
scala-spoapa01,2017,landsat,30,1,vegetacao_densa,20388600.0,2038.86,20.308,111552,1.0,rf_v2.0-dw,2026-09-13T15:46:34.240812+00:00,tratamento,,1,exata,landsat_pre2019_nao_corrigido
scala-spoapa01,2017,landsat,30,2,vegetacao_rala,8843400.0,884.34,8.8084,111552,1.0,rf_v2.0-dw,2026-09-13T15:46:34.240812+00:00,tratamento,,1,exata,landsat_pre2019_nao_corrigido
scala-spoapa01,2017,landsat,30,3,solo_exposto_obras,4806000.0,480.6,4.787,111552,1.0,rf_v2.0-dw,2026-09-13T15:46:34.240812+00:00,tratamento,,1,exata,landsat_pre2019_nao_corrigido
scala-spoapa01,2017,landsat,30,4,construida_urbana,39636900.0,3963.69,39.4802,111552,0.8058,rf_v2.0-dw,2026-09-13T15:46:34.240812+00:00,tratamento,,1,exata,landsat_pre2019_corrigido_sv20
scala-spoapa01,2017,landsat,30,5,agua,26721900.0,2672.19,26.6163,111552,1.0,rf_v2.0-dw,2026-09-13T15:46:34.240812+00:00,tratamento,,1,exata,landsat_pre2019_nao_corrigido
scala-spoapa01,2018,landsat,30,1,vegetacao_densa,23463900.0,2346.39,23.3705,111555,1.0,rf_v2.0-dw,2026-09-13T15:46:34.240812+00:00,tratamento,,1,exata,landsat_pre2019_nao_corrigido
scala-spoapa01,2018,landsat,30,2,vegetacao_rala,5976900.0,597.69,5.9531,111555,1.0,rf_v2.0-dw,2026-09-13T15:46:34.240812+00:00,tratamento,,1,exata,landsat_pre2019_nao_corrigido
scala-spoapa01,2018,landsat,30,3,solo_exposto_obras,4847400.0,484.74,4.8281,111555,1.0,rf_v2.0-dw,2026-09-13T15:46:34.240812+00:00,tratamento,,1,exata,landsat_pre2019_nao_corrigido
scala-spoapa01,2018,landsat,30,4,construida_urbana,41603400.0,4160.34,41.4379,111555,0.8058,rf_v2.0-dw,2026-09-13T15:46:34.240812+00:00,tratamento,,1,exata,landsat_pre2019_corrigido_sv20
scala-spoapa01,2018,landsat,30,5,agua,24507900.0,2450.79,24.4104,111555,1.0,rf_v2.0-dw,2026-09-13T15:46:34.240812+00:00,tratamento,,1,exata,landsat_pre2019_nao_corrigido
scala-spoapa01,2019,landsat,30,1,vegetacao_densa,21096900.0,2109.69,21.1193,110993,1.0,rf_v2.0-dw,2026-09-13T15:46:34.240812+00:00,tratamento,,1,exata,landsat_overlap_referencia
scala-spoapa01,2019,landsat,30,2,vegetacao_rala,8223300.0,822.33,8.2321,110993,1.0,rf_v2.0-dw,2026-09-13T15:46:34.240812+00:00,tratamento,,1,exata,landsat_overlap_referencia
scala-spoapa01,2019,landsat,30,3,solo_exposto_obras,4589100.0,458.91,4.594,110993,1.0,rf_v2.0-dw,2026-09-13T15:46:34.240812+00:00,tratamento,,1,exata,landsat_overlap_referencia
scala-spoapa01,2019,landsat,30,4,construida_urbana,37717200.0,3771.72,37.7573,110993,1.0,rf_v2.0-dw,2026-09-13T15:46:34.240812+00:00,tratamento,,1,exata,landsat_overlap_referencia
scala-spoapa01,2019,landsat,30,5,agua,28267200.0,2826.72,28.2973,110993,1.0,rf_v2.0-dw,2026-09-13T15:46:34.240812+00:00,tratamento,,1,exata,landsat_overlap_referencia
scala-spoapa01,2019,sentinel2,10,1,vegetacao_densa,19066300.0,1906.63,18.9903,1004004,1.0,rf_v2.0-dw,2026-09-13T15:46:34.240812+00:00,tratamento,,1,exata,sentinel2_oficial_2019_2025
scala-spoapa01,2019,sentinel2,10,2,vegetacao_rala,5619400.0,561.94,5.597,1004004,1.0,rf_v2.0-dw,2026-09-13T15:46:34.240812+00:00,tratamento,,1,exata,sentinel2_oficial_2019_2025
scala-spoapa01,2019,sentinel2,10,3,solo_exposto_obras,3702800.0,370.28,3.688,1004004,1.0,rf_v2.0-dw,2026-09-13T15:46:34.240812+00:00,tratamento,,1,exata,sentinel2_oficial_2019_2025
scala-spoapa01,2019,sentinel2,10,4,construida_urbana,50193600.0,5019.36,49.9934,1004004,1.0,rf_v2.0-dw,2026-09-13T15:46:34.240812+00:00,tratamento,,1,exata,sentinel2_oficial_2019_2025
scala-spoapa01,2019,sentinel2,10,5,agua,21818300.0,2181.83,21.7313,1004004,1.0,rf_v2.0-dw,2026-09-13T15:46:34.240812+00:00,tratamento,,1,exata,sentinel2_oficial_2019_2025
scala-spoapa01,2020,landsat,30,1,vegetacao_densa,22264200.0,2226.42,22.1885,111490,1.0,rf_v2.0-dw,2026-09-13T15:46:34.240812+00:00,tratamento,,1,exata,landsat_overlap_referencia
scala-spoapa01,2020,landsat,30,2,vegetacao_rala,4565700.0,456.57,4.5502,111490,1.0,rf_v2.0-dw,2026-09-13T15:46:34.240812+00:00,tratamento,,1,exata,landsat_overlap_referencia
scala-spoapa01,2020,landsat,30,3,solo_exposto_obras,4994100.0,499.41,4.9771,111490,1.0,rf_v2.0-dw,2026-09-13T15:46:34.240812+00:00,tratamento,,1,exata,landsat_overlap_referencia
scala-spoapa01,2020,landsat,30,4,construida_urbana,37855800.0,3785.58,37.7272,111490,1.0,rf_v2.0-dw,2026-09-13T15:46:34.240812+00:00,tratamento,,1,exata,landsat_overlap_referencia
scala-spoapa01,2020,landsat,30,5,agua,30661200.0,3066.12,30.557,111490,1.0,rf_v2.0-dw,2026-09-13T15:46:34.240812+00:00,tratamento,,1,exata,landsat_overlap_referencia
scala-spoapa01,2020,sentinel2,10,1,vegetacao_densa,20285500.0,2028.55,20.2046,1004004,1.0,rf_v2.0-dw,2026-09-13T15:46:34.240812+00:00,tratamento,,1,exata,sentinel2_oficial_2019_2025
scala-spoapa01,2020,sentinel2,10,2,vegetacao_rala,4902500.0,490.25,4.8829,1004004,1.0,rf_v2.0-dw,2026-09-13T15:46:34.240812+00:00,tratamento,,1,exata,sentinel2_oficial_2019_2025
scala-spoapa01,2020,sentinel2,10,3,solo_exposto_obras,4307600.0,430.76,4.2904,1004004,1.0,rf_v2.0-dw,2026-09-13T15:46:34.240812+00:00,tratamento,,1,exata,sentinel2_oficial_2019_2025
scala-spoapa01,2020,sentinel2,10,4,construida_urbana,47358000.0,4735.8,47.1691,1004004,1.0,rf_v2.0-dw,2026-09-13T15:46:34.240812+00:00,tratamento,,1,exata,sentinel2_oficial_2019_2025
scala-spoapa01,2020,sentinel2,10,5,agua,23546800.0,2354.68,23.4529,1004004,1.0,rf_v2.0-dw,2026-09-13T15:46:34.240812+00:00,tratamento,,1,exata,sentinel2_oficial_2019_2025
scala-spoapa01,2021,landsat,30,1,vegetacao_densa,23559300.0,2355.93,24.3235,107620,1.0,rf_v2.0-dw,2026-09-13T15:46:34.240812+00:00,tratamento,,1,exata,landsat_overlap_referencia
scala-spoapa01,2021,landsat,30,2,vegetacao_rala,4285800.0,428.58,4.4248,107620,1.0,rf_v2.0-dw,2026-09-13T15:46:34.240812+00:00,tratamento,,1,exata,landsat_overlap_referencia
scala-spoapa01,2021,landsat,30,3,solo_exposto_obras,4475700.0,447.57,4.6209,107620,1.0,rf_v2.0-dw,2026-09-13T15:46:34.240812+00:00,tratamento,,1,exata,landsat_overlap_referencia
scala-spoapa01,2021,landsat,30,4,construida_urbana,31072500.0,3107.25,32.0805,107620,1.0,rf_v2.0-dw,2026-09-13T15:46:34.240812+00:00,tratamento,,1,exata,landsat_overlap_referencia
scala-spoapa01,2021,landsat,30,5,agua,33464700.0,3346.47,34.5503,107620,1.0,rf_v2.0-dw,2026-09-13T15:46:34.240812+00:00,tratamento,,1,exata,landsat_overlap_referencia
scala-spoapa01,2021,sentinel2,10,1,vegetacao_densa,21900200.0,2190.02,21.8129,1004004,1.0,rf_v2.0-dw,2026-09-13T15:46:34.240812+00:00,tratamento,,1,exata,sentinel2_oficial_2019_2025
scala-spoapa01,2021,sentinel2,10,2,vegetacao_rala,4316400.0,431.64,4.2992,1004004,1.0,rf_v2.0-dw,2026-09-13T15:46:34.240812+00:00,tratamento,,1,exata,sentinel2_oficial_2019_2025
scala-spoapa01,2021,sentinel2,10,3,solo_exposto_obras,3809900.0,380.99,3.7947,1004004,1.0,rf_v2.0-dw,2026-09-13T15:46:34.240812+00:00,tratamento,,1,exata,sentinel2_oficial_2019_2025
scala-spoapa01,2021,sentinel2,10,4,construida_urbana,47538700.0,4753.87,47.3491,1004004,1.0,rf_v2.0-dw,2026-09-13T15:46:34.240812+00:00,tratamento,,1,exata,sentinel2_oficial_2019_2025
scala-spoapa01,2021,sentinel2,10,5,agua,22835200.0,2283.52,22.7441,1004004,1.0,rf_v2.0-dw,2026-09-13T15:46:34.240812+00:00,tratamento,,1,exata,sentinel2_oficial_2019_2025
scala-spoapa01,2022,sentinel2,10,1,vegetacao_densa,23794700.0,2379.47,23.6998,1004004,1.0,rf_v2.0-dw,2026-09-13T15:46:34.240812+00:00,tratamento,,1,exata,sentinel2_oficial_2019_2025
scala-spoapa01,2022,sentinel2,10,2,vegetacao_rala,3507000.0,350.7,3.493,1004004,1.0,rf_v2.0-dw,2026-09-13T15:46:34.240812+00:00,tratamento,,1,exata,sentinel2_oficial_2019_2025
scala-spoapa01,2022,sentinel2,10,3,solo_exposto_obras,3386000.0,338.6,3.3725,1004004,1.0,rf_v2.0-dw,2026-09-13T15:46:34.240812+00:00,tratamento,,1,exata,sentinel2_oficial_2019_2025
scala-spoapa01,2022,sentinel2,10,4,construida_urbana,46712100.0,4671.21,46.5258,1004004,1.0,rf_v2.0-dw,2026-09-13T15:46:34.240812+00:00,tratamento,,1,exata,sentinel2_oficial_2019_2025
scala-spoapa01,2022,sentinel2,10,5,agua,23000600.0,2300.06,22.9089,1004004,1.0,rf_v2.0-dw,2026-09-13T15:46:34.240812+00:00,tratamento,,1,exata,sentinel2_oficial_2019_2025
scala-spoapa01,2023,sentinel2,10,1,vegetacao_densa,22539800.0,2253.98,22.4499,1004004,1.0,rf_v2.0-dw,2026-09-13T15:46:34.240812+00:00,tratamento,,1,exata,sentinel2_oficial_2019_2025
scala-spoapa01,2023,sentinel2,10,2,vegetacao_rala,3753600.0,375.36,3.7386,1004004,1.0,rf_v2.0-dw,2026-09-13T15:46:34.240812+00:00,tratamento,,1,exata,sentinel2_oficial_2019_2025
scala-spoapa01,2023,sentinel2,10,3,solo_exposto_obras,3287600.0,328.76,3.2745,1004004,1.0,rf_v2.0-dw,2026-09-13T15:46:34.240812+00:00,tratamento,,1,exata,sentinel2_oficial_2019_2025
scala-spoapa01,2023,sentinel2,10,4,construida_urbana,47495600.0,4749.56,47.3062,1004004,1.0,rf_v2.0-dw,2026-09-13T15:46:34.240812+00:00,tratamento,,1,exata,sentinel2_oficial_2019_2025
scala-spoapa01,2023,sentinel2,10,5,agua,23323800.0,2332.38,23.2308,1004004,1.0,rf_v2.0-dw,2026-09-13T15:46:34.240812+00:00,tratamento,,1,exata,sentinel2_oficial_2019_2025
scala-spoapa01,2024,sentinel2,10,1,vegetacao_densa,12718100.0,1271.81,12.6674,1004004,1.0,rf_v2.0-dw,2026-09-13T15:46:34.240812+00:00,tratamento,,1,exata,sentinel2_oficial_2019_2025
scala-spoapa01,2024,sentinel2,10,2,vegetacao_rala,5121300.0,512.13,5.1009,1004004,1.0,rf_v2.0-dw,2026-09-13T15:46:34.240812+00:00,tratamento,,1,exata,sentinel2_oficial_2019_2025
scala-spoapa01,2024,sentinel2,10,3,solo_exposto_obras,3849700.0,384.97,3.8343,1004004,1.0,rf_v2.0-dw,2026-09-13T15:46:34.240812+00:00,tratamento,,1,exata,sentinel2_oficial_2019_2025
scala-spoapa01,2024,sentinel2,10,4,construida_urbana,47727000.0,4772.7,47.5367,1004004,1.0,rf_v2.0-dw,2026-09-13T15:46:34.240812+00:00,tratamento,,1,exata,sentinel2_oficial_2019_2025
scala-spoapa01,2024,sentinel2,10,5,agua,30984300.0,3098.43,30.8607,1004004,1.0,rf_v2.0-dw,2026-09-13T15:46:34.240812+00:00,tratamento,,1,exata,sentinel2_oficial_2019_2025
scala-spoapa01,2025,sentinel2,10,1,vegetacao_densa,19098000.0,1909.8,19.0218,1004004,1.0,rf_v2.0-dw,2026-09-13T15:46:34.240812+00:00,tratamento,,1,exata,sentinel2_oficial_2019_2025
scala-spoapa01,2025,sentinel2,10,2,vegetacao_rala,3630700.0,363.07,3.6162,1004004,1.0,rf_v2.0-dw,2026-09-13T15:46:34.240812+00:00,tratamento,,1,exata,sentinel2_oficial_2019_2025
scala-spoapa01,2025,sentinel2,10,3,solo_exposto_obras,3517800.0,351.78,3.5038,1004004,1.0,rf_v2.0-dw,2026-09-13T15:46:34.240812+00:00,tratamento,,1,exata,sentinel2_oficial_2019_2025
scala-spoapa01,2025,sentinel2,10,4,construida_urbana,47745400.0,4774.54,47.555,1004004,1.0,rf_v2.0-dw,2026-09-13T15:46:34.240812+00:00,tratamento,,1,exata,sentinel2_oficial_2019_2025
scala-spoapa01,2025,sentinel2,10,5,agua,26408500.0,2640.85,26.3032,1004004,1.0,rf_v2.0-dw,2026-09-13T15:46:34.240812+00:00,tratamento,,1,exata,sentinel2_oficial_2019_2025
scala-tambore,2013,landsat,30,1,vegetacao_densa,32465700.0,3246.57,32.298,111688,1.0,rf_v2.0-dw,2026-09-13T15:46:34.240812+00:00,tratamento,,1,exata,landsat_pre2019_nao_corrigido
scala-tambore,2013,landsat,30,2,vegetacao_rala,7548300.0,754.83,7.5093,111688,1.0,rf_v2.0-dw,2026-09-13T15:46:34.240812+00:00,tratamento,,1,exata,landsat_pre2019_nao_corrigido
scala-tambore,2013,landsat,30,3,solo_exposto_obras,5680800.0,568.08,5.6515,111688,1.0,rf_v2.0-dw,2026-09-13T15:46:34.240812+00:00,tratamento,,1,exata,landsat_pre2019_nao_corrigido
scala-tambore,2013,landsat,30,4,construida_urbana,48518100.0,4851.81,48.2675,111688,0.799,rf_v2.0-dw,2026-09-13T15:46:34.240812+00:00,tratamento,,1,exata,landsat_pre2019_corrigido_sv20
scala-tambore,2013,landsat,30,5,agua,6306300.0,630.63,6.2737,111688,1.0,rf_v2.0-dw,2026-09-13T15:46:34.240812+00:00,tratamento,,1,exata,landsat_pre2019_nao_corrigido
scala-tambore,2014,landsat,30,1,vegetacao_densa,31187700.0,3118.77,31.2578,110862,1.0,rf_v2.0-dw,2026-09-13T15:46:34.240812+00:00,tratamento,,1,exata,landsat_pre2019_nao_corrigido
scala-tambore,2014,landsat,30,2,vegetacao_rala,8151300.0,815.13,8.1696,110862,1.0,rf_v2.0-dw,2026-09-13T15:46:34.240812+00:00,tratamento,,1,exata,landsat_pre2019_nao_corrigido
scala-tambore,2014,landsat,30,3,solo_exposto_obras,7896600.0,789.66,7.9143,110862,1.0,rf_v2.0-dw,2026-09-13T15:46:34.240812+00:00,tratamento,,1,exata,landsat_pre2019_nao_corrigido
scala-tambore,2014,landsat,30,4,construida_urbana,44300700.0,4430.07,44.4002,110862,0.799,rf_v2.0-dw,2026-09-13T15:46:34.240812+00:00,tratamento,,1,exata,landsat_pre2019_corrigido_sv20
scala-tambore,2014,landsat,30,5,agua,8239500.0,823.95,8.258,110862,1.0,rf_v2.0-dw,2026-09-13T15:46:34.240812+00:00,tratamento,,1,exata,landsat_pre2019_nao_corrigido
scala-tambore,2015,landsat,30,1,vegetacao_densa,29408400.0,2940.84,29.2071,111877,1.0,rf_v2.0-dw,2026-09-13T15:46:34.240812+00:00,tratamento,,1,exata,landsat_pre2019_nao_corrigido
scala-tambore,2015,landsat,30,2,vegetacao_rala,8865900.0,886.59,8.8052,111877,1.0,rf_v2.0-dw,2026-09-13T15:46:34.240812+00:00,tratamento,,1,exata,landsat_pre2019_nao_corrigido
scala-tambore,2015,landsat,30,3,solo_exposto_obras,5400000.0,540.0,5.363,111877,1.0,rf_v2.0-dw,2026-09-13T15:46:34.240812+00:00,tratamento,,1,exata,landsat_pre2019_nao_corrigido
scala-tambore,2015,landsat,30,4,construida_urbana,52913700.0,5291.37,52.5515,111877,0.799,rf_v2.0-dw,2026-09-13T15:46:34.240812+00:00,tratamento,,1,exata,landsat_pre2019_corrigido_sv20
scala-tambore,2015,landsat,30,5,agua,4101300.0,410.13,4.0732,111877,1.0,rf_v2.0-dw,2026-09-13T15:46:34.240812+00:00,tratamento,,1,exata,landsat_pre2019_nao_corrigido
scala-tambore,2016,landsat,30,1,vegetacao_densa,30072600.0,3007.26,30.0318,111262,1.0,rf_v2.0-dw,2026-09-13T15:46:34.240812+00:00,tratamento,,1,exata,landsat_pre2019_nao_corrigido
scala-tambore,2016,landsat,30,2,vegetacao_rala,8826300.0,882.63,8.8143,111262,1.0,rf_v2.0-dw,2026-09-13T15:46:34.240812+00:00,tratamento,,1,exata,landsat_pre2019_nao_corrigido
scala-tambore,2016,landsat,30,3,solo_exposto_obras,5798700.0,579.87,5.7908,111262,1.0,rf_v2.0-dw,2026-09-13T15:46:34.240812+00:00,tratamento,,1,exata,landsat_pre2019_nao_corrigido
scala-tambore,2016,landsat,30,4,construida_urbana,48457800.0,4845.78,48.3921,111262,0.799,rf_v2.0-dw,2026-09-13T15:46:34.240812+00:00,tratamento,,1,exata,landsat_pre2019_corrigido_sv20
scala-tambore,2016,landsat,30,5,agua,6980400.0,698.04,6.9709,111262,1.0,rf_v2.0-dw,2026-09-13T15:46:34.240812+00:00,tratamento,,1,exata,landsat_pre2019_nao_corrigido
scala-tambore,2017,landsat,30,1,vegetacao_densa,30541500.0,3054.15,30.3305,111884,1.0,rf_v2.0-dw,2026-09-13T15:46:34.240812+00:00,tratamento,,1,exata,landsat_pre2019_nao_corrigido
scala-tambore,2017,landsat,30,2,vegetacao_rala,8603100.0,860.31,8.5437,111884,1.0,rf_v2.0-dw,2026-09-13T15:46:34.240812+00:00,tratamento,,1,exata,landsat_pre2019_nao_corrigido
scala-tambore,2017,landsat,30,3,solo_exposto_obras,5036400.0,503.64,5.0016,111884,1.0,rf_v2.0-dw,2026-09-13T15:46:34.240812+00:00,tratamento,,1,exata,landsat_pre2019_nao_corrigido
scala-tambore,2017,landsat,30,4,construida_urbana,51967800.0,5196.78,51.6088,111884,0.799,rf_v2.0-dw,2026-09-13T15:46:34.240812+00:00,tratamento,,1,exata,landsat_pre2019_corrigido_sv20
scala-tambore,2017,landsat,30,5,agua,4546800.0,454.68,4.5154,111884,1.0,rf_v2.0-dw,2026-09-13T15:46:34.240812+00:00,tratamento,,1,exata,landsat_pre2019_nao_corrigido
scala-tambore,2018,landsat,30,1,vegetacao_densa,29544300.0,2954.43,29.3426,111875,1.0,rf_v2.0-dw,2026-09-13T15:46:34.240812+00:00,tratamento,,1,exata,landsat_pre2019_nao_corrigido
scala-tambore,2018,landsat,30,2,vegetacao_rala,10467000.0,1046.7,10.3955,111875,1.0,rf_v2.0-dw,2026-09-13T15:46:34.240812+00:00,tratamento,,1,exata,landsat_pre2019_nao_corrigido
scala-tambore,2018,landsat,30,3,solo_exposto_obras,5929200.0,592.92,5.8887,111875,1.0,rf_v2.0-dw,2026-09-13T15:46:34.240812+00:00,tratamento,,1,exata,landsat_pre2019_nao_corrigido
scala-tambore,2018,landsat,30,4,construida_urbana,49878000.0,4987.8,49.5374,111875,0.799,rf_v2.0-dw,2026-09-13T15:46:34.240812+00:00,tratamento,,1,exata,landsat_pre2019_corrigido_sv20
scala-tambore,2018,landsat,30,5,agua,4869000.0,486.9,4.8358,111875,1.0,rf_v2.0-dw,2026-09-13T15:46:34.240812+00:00,tratamento,,1,exata,landsat_pre2019_nao_corrigido
scala-tambore,2019,landsat,30,1,vegetacao_densa,33572700.0,3357.27,33.3393,111889,1.0,rf_v2.0-dw,2026-09-13T15:46:34.240812+00:00,tratamento,,1,exata,landsat_overlap_referencia
scala-tambore,2019,landsat,30,2,vegetacao_rala,7286400.0,728.64,7.2357,111889,1.0,rf_v2.0-dw,2026-09-13T15:46:34.240812+00:00,tratamento,,1,exata,landsat_overlap_referencia
scala-tambore,2019,landsat,30,3,solo_exposto_obras,5455800.0,545.58,5.4179,111889,1.0,rf_v2.0-dw,2026-09-13T15:46:34.240812+00:00,tratamento,,1,exata,landsat_overlap_referencia
scala-tambore,2019,landsat,30,4,construida_urbana,48551400.0,4855.14,48.2139,111889,1.0,rf_v2.0-dw,2026-09-13T15:46:34.240812+00:00,tratamento,,1,exata,landsat_overlap_referencia
scala-tambore,2019,landsat,30,5,agua,5833800.0,583.38,5.7932,111889,1.0,rf_v2.0-dw,2026-09-13T15:46:34.240812+00:00,tratamento,,1,exata,landsat_overlap_referencia
scala-tambore,2019,sentinel2,10,1,vegetacao_densa,32531800.0,3253.18,32.3053,1007010,1.0,rf_v2.0-dw,2026-09-13T15:46:34.240812+00:00,tratamento,,1,exata,sentinel2_oficial_2019_2025
scala-tambore,2019,sentinel2,10,2,vegetacao_rala,6545800.0,654.58,6.5002,1007010,1.0,rf_v2.0-dw,2026-09-13T15:46:34.240812+00:00,tratamento,,1,exata,sentinel2_oficial_2019_2025
scala-tambore,2019,sentinel2,10,3,solo_exposto_obras,4895700.0,489.57,4.8616,1007010,1.0,rf_v2.0-dw,2026-09-13T15:46:34.240812+00:00,tratamento,,1,exata,sentinel2_oficial_2019_2025
scala-tambore,2019,sentinel2,10,4,construida_urbana,53141600.0,5314.16,52.7717,1007010,1.0,rf_v2.0-dw,2026-09-13T15:46:34.240812+00:00,tratamento,,1,exata,sentinel2_oficial_2019_2025
scala-tambore,2019,sentinel2,10,5,agua,3586100.0,358.61,3.5611,1007010,1.0,rf_v2.0-dw,2026-09-13T15:46:34.240812+00:00,tratamento,,1,exata,sentinel2_oficial_2019_2025
scala-tambore,2020,landsat,30,1,vegetacao_densa,31050000.0,3105.0,30.838,111875,1.0,rf_v2.0-dw,2026-09-13T15:46:34.240812+00:00,tratamento,,1,exata,landsat_overlap_referencia
scala-tambore,2020,landsat,30,2,vegetacao_rala,8286300.0,828.63,8.2297,111875,1.0,rf_v2.0-dw,2026-09-13T15:46:34.240812+00:00,tratamento,,1,exata,landsat_overlap_referencia
scala-tambore,2020,landsat,30,3,solo_exposto_obras,6470100.0,647.01,6.4259,111875,1.0,rf_v2.0-dw,2026-09-13T15:46:34.240812+00:00,tratamento,,1,exata,landsat_overlap_referencia
scala-tambore,2020,landsat,30,4,construida_urbana,46004400.0,4600.44,45.6903,111875,1.0,rf_v2.0-dw,2026-09-13T15:46:34.240812+00:00,tratamento,,1,exata,landsat_overlap_referencia
scala-tambore,2020,landsat,30,5,agua,8876700.0,887.67,8.8161,111875,1.0,rf_v2.0-dw,2026-09-13T15:46:34.240812+00:00,tratamento,,1,exata,landsat_overlap_referencia
scala-tambore,2020,sentinel2,10,1,vegetacao_densa,30143200.0,3014.32,29.9334,1007010,1.0,rf_v2.0-dw,2026-09-13T15:46:34.240812+00:00,tratamento,,1,exata,sentinel2_oficial_2019_2025
scala-tambore,2020,sentinel2,10,2,vegetacao_rala,7424900.0,742.49,7.3732,1007010,1.0,rf_v2.0-dw,2026-09-13T15:46:34.240812+00:00,tratamento,,1,exata,sentinel2_oficial_2019_2025
scala-tambore,2020,sentinel2,10,3,solo_exposto_obras,5430200.0,543.02,5.3924,1007010,1.0,rf_v2.0-dw,2026-09-13T15:46:34.240812+00:00,tratamento,,1,exata,sentinel2_oficial_2019_2025
scala-tambore,2020,sentinel2,10,4,construida_urbana,54650800.0,5465.08,54.2704,1007010,1.0,rf_v2.0-dw,2026-09-13T15:46:34.240812+00:00,tratamento,,1,exata,sentinel2_oficial_2019_2025
scala-tambore,2020,sentinel2,10,5,agua,3051900.0,305.19,3.0307,1007010,1.0,rf_v2.0-dw,2026-09-13T15:46:34.240812+00:00,tratamento,,1,exata,sentinel2_oficial_2019_2025
scala-tambore,2021,landsat,30,1,vegetacao_densa,29363400.0,2936.34,29.1624,111877,1.0,rf_v2.0-dw,2026-09-13T15:46:34.240812+00:00,tratamento,,1,exata,landsat_overlap_referencia
scala-tambore,2021,landsat,30,2,vegetacao_rala,8045100.0,804.51,7.99,111877,1.0,rf_v2.0-dw,2026-09-13T15:46:34.240812+00:00,tratamento,,1,exata,landsat_overlap_referencia
scala-tambore,2021,landsat,30,3,solo_exposto_obras,6152400.0,615.24,6.1103,111877,1.0,rf_v2.0-dw,2026-09-13T15:46:34.240812+00:00,tratamento,,1,exata,landsat_overlap_referencia
scala-tambore,2021,landsat,30,4,construida_urbana,51357600.0,5135.76,51.006,111877,1.0,rf_v2.0-dw,2026-09-13T15:46:34.240812+00:00,tratamento,,1,exata,landsat_overlap_referencia
scala-tambore,2021,landsat,30,5,agua,5770800.0,577.08,5.7313,111877,1.0,rf_v2.0-dw,2026-09-13T15:46:34.240812+00:00,tratamento,,1,exata,landsat_overlap_referencia
scala-tambore,2021,sentinel2,10,1,vegetacao_densa,28749300.0,2874.93,28.5492,1007010,1.0,rf_v2.0-dw,2026-09-13T15:46:34.240812+00:00,tratamento,,1,exata,sentinel2_oficial_2019_2025
scala-tambore,2021,sentinel2,10,2,vegetacao_rala,7249100.0,724.91,7.1986,1007010,1.0,rf_v2.0-dw,2026-09-13T15:46:34.240812+00:00,tratamento,,1,exata,sentinel2_oficial_2019_2025
scala-tambore,2021,sentinel2,10,3,solo_exposto_obras,5768300.0,576.83,5.7281,1007010,1.0,rf_v2.0-dw,2026-09-13T15:46:34.240812+00:00,tratamento,,1,exata,sentinel2_oficial_2019_2025
scala-tambore,2021,sentinel2,10,4,construida_urbana,55981800.0,5598.18,55.5921,1007010,1.0,rf_v2.0-dw,2026-09-13T15:46:34.240812+00:00,tratamento,,1,exata,sentinel2_oficial_2019_2025
scala-tambore,2021,sentinel2,10,5,agua,2952500.0,295.25,2.9319,1007010,1.0,rf_v2.0-dw,2026-09-13T15:46:34.240812+00:00,tratamento,,1,exata,sentinel2_oficial_2019_2025
scala-tambore,2022,landsat,30,1,vegetacao_densa,30445200.0,3044.52,30.3053,111624,1.0,rf_v2.0-dw,2026-09-13T15:46:34.240812+00:00,tratamento,,1,exata,landsat_pre2019_nao_corrigido
scala-tambore,2022,landsat,30,2,vegetacao_rala,7547400.0,754.74,7.5127,111624,1.0,rf_v2.0-dw,2026-09-13T15:46:34.240812+00:00,tratamento,,1,exata,landsat_pre2019_nao_corrigido
scala-tambore,2022,landsat,30,3,solo_exposto_obras,5543100.0,554.31,5.5176,111624,1.0,rf_v2.0-dw,2026-09-13T15:46:34.240812+00:00,tratamento,,1,exata,landsat_pre2019_nao_corrigido
scala-tambore,2022,landsat,30,4,construida_urbana,50610600.0,5061.06,50.3781,111624,0.799,rf_v2.0-dw,2026-09-13T15:46:34.240812+00:00,tratamento,,1,exata,landsat_pre2019_corrigido_sv20
scala-tambore,2022,landsat,30,5,agua,6315300.0,631.53,6.2863,111624,1.0,rf_v2.0-dw,2026-09-13T15:46:34.240812+00:00,tratamento,,1,exata,landsat_pre2019_nao_corrigido
scala-tambore,2022,sentinel2,10,1,vegetacao_densa,31008700.0,3100.87,30.7928,1007010,1.0,rf_v2.0-dw,2026-09-13T15:46:34.240812+00:00,tratamento,,1,exata,sentinel2_oficial_2019_2025
scala-tambore,2022,sentinel2,10,2,vegetacao_rala,6086500.0,608.65,6.0441,1007010,1.0,rf_v2.0-dw,2026-09-13T15:46:34.240812+00:00,tratamento,,1,exata,sentinel2_oficial_2019_2025
scala-tambore,2022,sentinel2,10,3,solo_exposto_obras,5260000.0,526.0,5.2234,1007010,1.0,rf_v2.0-dw,2026-09-13T15:46:34.240812+00:00,tratamento,,1,exata,sentinel2_oficial_2019_2025
scala-tambore,2022,sentinel2,10,4,construida_urbana,54795900.0,5479.59,54.4145,1007010,1.0,rf_v2.0-dw,2026-09-13T15:46:34.240812+00:00,tratamento,,1,exata,sentinel2_oficial_2019_2025
scala-tambore,2022,sentinel2,10,5,agua,3549900.0,354.99,3.5252,1007010,1.0,rf_v2.0-dw,2026-09-13T15:46:34.240812+00:00,tratamento,,1,exata,sentinel2_oficial_2019_2025
scala-tambore,2023,landsat,30,1,vegetacao_densa,32509800.0,3250.98,32.3738,111578,1.0,rf_v2.0-dw,2026-09-13T15:46:34.240812+00:00,tratamento,,1,exata,landsat_pre2019_nao_corrigido
scala-tambore,2023,landsat,30,2,vegetacao_rala,6855300.0,685.53,6.8266,111578,1.0,rf_v2.0-dw,2026-09-13T15:46:34.240812+00:00,tratamento,,1,exata,landsat_pre2019_nao_corrigido
scala-tambore,2023,landsat,30,3,solo_exposto_obras,5849100.0,584.91,5.8246,111578,1.0,rf_v2.0-dw,2026-09-13T15:46:34.240812+00:00,tratamento,,1,exata,landsat_pre2019_nao_corrigido
scala-tambore,2023,landsat,30,4,construida_urbana,48297600.0,4829.76,48.0955,111578,0.799,rf_v2.0-dw,2026-09-13T15:46:34.240812+00:00,tratamento,,1,exata,landsat_pre2019_corrigido_sv20
scala-tambore,2023,landsat,30,5,agua,6908400.0,690.84,6.8795,111578,1.0,rf_v2.0-dw,2026-09-13T15:46:34.240812+00:00,tratamento,,1,exata,landsat_pre2019_nao_corrigido
scala-tambore,2023,sentinel2,10,1,vegetacao_densa,31261500.0,3126.15,31.0439,1007010,1.0,rf_v2.0-dw,2026-09-13T15:46:34.240812+00:00,tratamento,,1,exata,sentinel2_oficial_2019_2025
scala-tambore,2023,sentinel2,10,2,vegetacao_rala,5999000.0,599.9,5.9572,1007010,1.0,rf_v2.0-dw,2026-09-13T15:46:34.240812+00:00,tratamento,,1,exata,sentinel2_oficial_2019_2025
scala-tambore,2023,sentinel2,10,3,solo_exposto_obras,4858500.0,485.85,4.8247,1007010,1.0,rf_v2.0-dw,2026-09-13T15:46:34.240812+00:00,tratamento,,1,exata,sentinel2_oficial_2019_2025
scala-tambore,2023,sentinel2,10,4,construida_urbana,54647600.0,5464.76,54.2672,1007010,1.0,rf_v2.0-dw,2026-09-13T15:46:34.240812+00:00,tratamento,,1,exata,sentinel2_oficial_2019_2025
scala-tambore,2023,sentinel2,10,5,agua,3934400.0,393.44,3.907,1007010,1.0,rf_v2.0-dw,2026-09-13T15:46:34.240812+00:00,tratamento,,1,exata,sentinel2_oficial_2019_2025
scala-tambore,2024,landsat,30,1,vegetacao_densa,31572000.0,3157.2,31.3618,111856,1.0,rf_v2.0-dw,2026-09-13T15:46:34.240812+00:00,tratamento,,1,exata,landsat_pre2019_nao_corrigido
scala-tambore,2024,landsat,30,2,vegetacao_rala,7371900.0,737.19,7.3228,111856,1.0,rf_v2.0-dw,2026-09-13T15:46:34.240812+00:00,tratamento,,1,exata,landsat_pre2019_nao_corrigido
scala-tambore,2024,landsat,30,3,solo_exposto_obras,6331500.0,633.15,6.2893,111856,1.0,rf_v2.0-dw,2026-09-13T15:46:34.240812+00:00,tratamento,,1,exata,landsat_pre2019_nao_corrigido
scala-tambore,2024,landsat,30,4,construida_urbana,48428100.0,4842.81,48.1056,111856,0.799,rf_v2.0-dw,2026-09-13T15:46:34.240812+00:00,tratamento,,1,exata,landsat_pre2019_corrigido_sv20
scala-tambore,2024,landsat,30,5,agua,6966900.0,696.69,6.9205,111856,1.0,rf_v2.0-dw,2026-09-13T15:46:34.240812+00:00,tratamento,,1,exata,landsat_pre2019_nao_corrigido
scala-tambore,2024,sentinel2,10,1,vegetacao_densa,30703600.0,3070.36,30.4899,1007010,1.0,rf_v2.0-dw,2026-09-13T15:46:34.240812+00:00,tratamento,,1,exata,sentinel2_oficial_2019_2025
scala-tambore,2024,sentinel2,10,2,vegetacao_rala,6983800.0,698.38,6.9352,1007010,1.0,rf_v2.0-dw,2026-09-13T15:46:34.240812+00:00,tratamento,,1,exata,sentinel2_oficial_2019_2025
scala-tambore,2024,sentinel2,10,3,solo_exposto_obras,4949800.0,494.98,4.9153,1007010,1.0,rf_v2.0-dw,2026-09-13T15:46:34.240812+00:00,tratamento,,1,exata,sentinel2_oficial_2019_2025
scala-tambore,2024,sentinel2,10,4,construida_urbana,54885700.0,5488.57,54.5036,1007010,1.0,rf_v2.0-dw,2026-09-13T15:46:34.240812+00:00,tratamento,,1,exata,sentinel2_oficial_2019_2025
scala-tambore,2024,sentinel2,10,5,agua,3178100.0,317.81,3.156,1007010,1.0,rf_v2.0-dw,2026-09-13T15:46:34.240812+00:00,tratamento,,1,exata,sentinel2_oficial_2019_2025
scala-tambore,2025,sentinel2,10,1,vegetacao_densa,31787900.0,3178.79,31.5666,1007010,1.0,rf_v2.0-dw,2026-09-13T15:46:34.240812+00:00,tratamento,,1,exata,sentinel2_oficial_2019_2025
scala-tambore,2025,sentinel2,10,2,vegetacao_rala,4910800.0,491.08,4.8766,1007010,1.0,rf_v2.0-dw,2026-09-13T15:46:34.240812+00:00,tratamento,,1,exata,sentinel2_oficial_2019_2025
scala-tambore,2025,sentinel2,10,3,solo_exposto_obras,5140100.0,514.01,5.1043,1007010,1.0,rf_v2.0-dw,2026-09-13T15:46:34.240812+00:00,tratamento,,1,exata,sentinel2_oficial_2019_2025
scala-tambore,2025,sentinel2,10,4,construida_urbana,55579100.0,5557.91,55.1922,1007010,1.0,rf_v2.0-dw,2026-09-13T15:46:34.240812+00:00,tratamento,,1,exata,sentinel2_oficial_2019_2025
scala-tambore,2025,sentinel2,10,5,agua,3283100.0,328.31,3.2602,1007010,1.0,rf_v2.0-dw,2026-09-13T15:46:34.240812+00:00,tratamento,,1,exata,sentinel2_oficial_2019_2025
