site_id,pais,tipo,pareado_com,nome,operadora,lat,lon,buffer_km,ano,ano_inicio_obra,fonte_data_obra,ano_relativo_ao_inicio_obra,fase,dist_tratamento_controle_km,instrumento,resolucao_m,pixels_validos,area_ha_vegetacao_densa,area_ha_vegetacao_rala,area_ha_solo_exposto_obras,area_ha_construida_urbana,area_ha_agua,prop_vegetacao_densa,prop_vegetacao_rala,prop_solo_exposto_obras,prop_construida_urbana,prop_agua,municipio,uf,codigo_ibge,n_predios_no_campus,lst_media_celsius,populacao,populacao_buffer_5km,pib_mil_reais,tier,regiao,bioma,qualidade_par,l1_rf
ctrl-angonap-fortaleza-p01,BR,controle,angonap-fortaleza,,,-3.697276,-38.601757,5,2014,2017,declarada_datacentermap,-3,pre,16,rf_v1.0-tuned,30,111538,1468.8,782.91,115.74,2919.87,4751.1,0.146318,0.077991,0.01153,0.290869,0.473292,Caucaia,CE,2303709,0,30.8664,,171517,5582491.0,1.0,Nordeste,Caatinga,aceitavel,0.157896
ctrl-angonap-fortaleza-p01,BR,controle,angonap-fortaleza,,,-3.697276,-38.601757,5,2015,2017,declarada_datacentermap,-2,pre,16,rf_v1.0-tuned,30,111358,1278.09,903.24,112.59,2999.07,4729.23,0.127526,0.090124,0.011234,0.299242,0.471874,Caucaia,CE,2303709,0,30.4603,,171517,5743008.0,1.0,Nordeste,Caatinga,aceitavel,0.157896
ctrl-angonap-fortaleza-p01,BR,controle,angonap-fortaleza,,,-3.697276,-38.601757,5,2016,2017,declarada_datacentermap,-1,pre,16,rf_v1.0-tuned,30,111508,1193.94,952.65,94.5,3045.78,4748.85,0.118969,0.094926,0.009416,0.303494,0.473195,Caucaia,CE,2303709,0,31.0379,358164.0,171517,5443796.0,1.0,Nordeste,Caatinga,aceitavel,0.157896
ctrl-angonap-fortaleza-p01,BR,controle,angonap-fortaleza,,,-3.697276,-38.601757,5,2017,2017,declarada_datacentermap,0,durante,16,rf_v1.0-tuned,30,111528,1314.99,857.43,86.76,3013.83,4764.51,0.131007,0.085422,0.008644,0.300256,0.47467,Caucaia,CE,2303709,0,30.1446,362223.0,171517,5862516.0,1.0,Nordeste,Caatinga,aceitavel,0.157896
ctrl-angonap-fortaleza-p01,BR,controle,angonap-fortaleza,,,-3.697276,-38.601757,5,2018,2017,declarada_datacentermap,1,durante,16,rf_v1.0-tuned,30,111620,1451.34,840.87,97.38,2917.8,4738.41,0.144472,0.083704,0.009694,0.29045,0.471681,Caucaia,CE,2303709,0,30.7043,363982.0,171517,5069517.0,1.0,Nordeste,Caatinga,aceitavel,0.157896
ctrl-angonap-fortaleza-p01,BR,controle,angonap-fortaleza,,,-3.697276,-38.601757,5,2019,2017,declarada_datacentermap,2,durante,16,rf_v1.0-tuned,30,111602,1655.91,877.77,86.58,2688.3,4735.62,0.164863,0.087391,0.00862,0.267648,0.471479,Caucaia,CE,2303709,0,30.5874,361400.0,171517,6915884.0,1.0,Nordeste,Caatinga,aceitavel,0.157896
ctrl-angonap-fortaleza-p01,BR,controle,angonap-fortaleza,,,-3.697276,-38.601757,5,2020,2017,declarada_datacentermap,3,pos,16,rf_v1.0-tuned,30,111550,1670.85,734.31,88.56,2831.04,4714.74,0.166428,0.073142,0.008821,0.28199,0.469619,Caucaia,CE,2303709,0,30.1777,365212.0,171517,7171082.0,1.0,Nordeste,Caatinga,aceitavel,0.157896
angonap-fortaleza,BR,tratamento,angonap-fortaleza,,,-3.734736,-38.462636,5,2014,2017,declarada_datacentermap,-3,pre,16,rf_v1.0-tuned,30,111304,587.43,941.49,256.32,2837.07,5395.05,0.058641,0.093986,0.025588,0.283215,0.53857,Fortaleza,CE,2304400,0,31.5483,,254256,56116644.0,1.0,Nordeste,Caatinga,aceitavel,0.157896
angonap-fortaleza,BR,tratamento,angonap-fortaleza,,,-3.734736,-38.462636,5,2015,2017,declarada_datacentermap,-2,pre,16,rf_v1.0-tuned,30,110436,533.52,984.06,217.8,2808.9,5394.96,0.053678,0.099008,0.021913,0.282607,0.542794,Fortaleza,CE,2304400,0,31.2092,,254256,57211200.0,1.0,Nordeste,Caatinga,aceitavel,0.157896
angonap-fortaleza,BR,tratamento,angonap-fortaleza,,,-3.734736,-38.462636,5,2016,2017,declarada_datacentermap,-1,pre,16,rf_v1.0-tuned,30,111084,534.78,962.82,225.99,2899.53,5374.44,0.053491,0.096305,0.022605,0.290024,0.537575,Fortaleza,CE,2304400,0,31.8431,2609716.0,254256,60088001.0,1.0,Nordeste,Caatinga,aceitavel,0.157896
angonap-fortaleza,BR,tratamento,angonap-fortaleza,,,-3.734736,-38.462636,5,2017,2017,declarada_datacentermap,0,durante,16,rf_v1.0-tuned,30,111220,567.81,988.29,226.17,2844.0,5383.53,0.056725,0.098732,0.022595,0.284122,0.537826,Fortaleza,CE,2304400,0,31.2976,2627482.0,254256,61592347.0,1.0,Nordeste,Caatinga,aceitavel,0.157896
angonap-fortaleza,BR,tratamento,angonap-fortaleza,,,-3.734736,-38.462636,5,2018,2017,declarada_datacentermap,1,durante,16,rf_v1.0-tuned,30,111298,581.4,947.43,214.2,2896.74,5377.05,0.058042,0.094584,0.021384,0.289188,0.536802,Fortaleza,CE,2304400,0,31.5818,2643247.0,254256,66381302.0,1.0,Nordeste,Caatinga,aceitavel,0.157896
angonap-fortaleza,BR,tratamento,angonap-fortaleza,,,-3.734736,-38.462636,5,2019,2017,declarada_datacentermap,2,durante,16,rf_v1.0-tuned,30,111372,642.6,1005.84,171.9,2822.76,5380.38,0.064109,0.100348,0.01715,0.281615,0.536778,Fortaleza,CE,2304400,0,31.8484,2669342.0,254256,67401430.0,1.0,Nordeste,Caatinga,aceitavel,0.157896
angonap-fortaleza,BR,tratamento,angonap-fortaleza,,,-3.734736,-38.462636,5,2020,2017,declarada_datacentermap,3,pos,16,rf_v1.0-tuned,30,111272,643.59,1016.73,194.4,2806.11,5353.65,0.064266,0.101526,0.019412,0.280205,0.534591,Fortaleza,CE,2304400,0,31.1894,2686612.0,254256,64821582.0,1.0,Nordeste,Caatinga,aceitavel,0.157896
ctrl-ascenty-hortolandia-p01,BR,controle,ascenty-hortolandia,,,-22.968204,-47.044123,5,2015,2018,declarada_datacentermap,-3,pre,16,rf_v1.0-tuned,30,111556,682.83,4159.62,82.62,5078.43,36.54,0.068011,0.414303,0.008229,0.505818,0.003639,Campinas,SP,3509502,4,29.9083,,166689,57154532.0,1.0,Sudeste,Mata Atlântica,bom,0.036282
ctrl-ascenty-hortolandia-p01,BR,controle,ascenty-hortolandia,,,-22.968204,-47.044123,5,2016,2018,declarada_datacentermap,-2,pre,16,rf_v1.0-tuned,30,111419,841.32,4176.09,66.87,4904.73,38.7,0.0839,0.416455,0.006669,0.489118,0.003859,Campinas,SP,3509502,4,30.0845,1173370.0,166689,57778152.0,1.0,Sudeste,Mata Atlântica,bom,0.036282
ctrl-ascenty-hortolandia-p01,BR,controle,ascenty-hortolandia,,,-22.968204,-47.044123,5,2017,2018,declarada_datacentermap,-1,pre,16,rf_v1.0-tuned,30,111544,693.9,4100.13,80.82,5131.35,32.76,0.069121,0.408422,0.008051,0.511144,0.003263,Campinas,SP,3509502,4,29.6509,1182429.0,166689,58469540.0,1.0,Sudeste,Mata Atlântica,bom,0.036282
ctrl-ascenty-hortolandia-p01,BR,controle,ascenty-hortolandia,,,-22.968204,-47.044123,5,2018,2018,declarada_datacentermap,0,durante,16,rf_v1.0-tuned,30,111309,740.97,4191.75,78.93,4970.7,35.46,0.073965,0.41843,0.007879,0.496186,0.00354,Campinas,SP,3509502,4,29.9334,1194094.0,166689,61388555.0,1.0,Sudeste,Mata Atlântica,bom,0.036282
ctrl-ascenty-hortolandia-p01,BR,controle,ascenty-hortolandia,,,-22.968204,-47.044123,5,2019,2018,declarada_datacentermap,1,durante,16,rf_v1.0-tuned,30,111555,1193.58,3985.38,53.37,4769.19,38.43,0.118883,0.396952,0.005316,0.475021,0.003828,Campinas,SP,3509502,4,30.2691,1204073.0,166689,65837258.0,1.0,Sudeste,Mata Atlântica,bom,0.036282
ctrl-ascenty-hortolandia-p01,BR,controle,ascenty-hortolandia,,,-22.968204,-47.044123,5,2020,2018,declarada_datacentermap,2,durante,16,rf_v1.0-tuned,30,111552,1251.72,4009.5,50.76,4687.92,39.78,0.124677,0.399365,0.005056,0.466939,0.003962,Campinas,SP,3509502,4,30.7501,1213792.0,166689,65158382.0,1.0,Sudeste,Mata Atlântica,bom,0.036282
ctrl-ascenty-hortolandia-p01,BR,controle,ascenty-hortolandia,,,-22.968204,-47.044123,5,2021,2018,declarada_datacentermap,3,durante,16,rf_v1.0-tuned,30,111552,374.76,3963.15,64.26,5604.21,33.3,0.037328,0.394749,0.006401,0.558206,0.003317,Campinas,SP,3509502,4,30.5628,1223237.0,166689,72946910.0,1.0,Sudeste,Mata Atlântica,bom,0.036282
ctrl-ascenty-hortolandia-p01,BR,controle,ascenty-hortolandia,,,-22.968204,-47.044123,5,2022,2018,declarada_datacentermap,4,durante,16,rf_v1.0-tuned,30,111556,962.19,3938.58,53.91,5050.35,35.01,0.095835,0.392287,0.00537,0.503021,0.003487,Campinas,SP,3509502,4,29.1673,1139047.0,166689,80646591.0,1.0,Sudeste,Mata Atlântica,bom,0.036282
ascenty-hortolandia,BR,tratamento,ascenty-hortolandia,,,-22.896022,-47.179246,5,2015,2018,declarada_datacentermap,-3,pre,16,rf_v1.0-tuned,30,111538,889.65,4168.71,112.68,4833.9,33.48,0.088625,0.415276,0.011225,0.48154,0.003335,Hortolândia,SP,3519071,4,30.8253,,219960,11010484.0,1.0,Sudeste,Mata Atlântica,bom,0.036282
ascenty-hortolandia,BR,tratamento,ascenty-hortolandia,,,-22.896022,-47.179246,5,2016,2018,declarada_datacentermap,-2,pre,16,rf_v1.0-tuned,30,111550,621.0,4148.55,117.27,5121.72,30.96,0.061856,0.413223,0.011681,0.510157,0.003084,Hortolândia,SP,3519071,4,31.2258,219039.0,219960,11245733.0,1.0,Sudeste,Mata Atlântica,bom,0.036282
ascenty-hortolandia,BR,tratamento,ascenty-hortolandia,,,-22.896022,-47.179246,5,2017,2018,declarada_datacentermap,-1,pre,16,rf_v1.0-tuned,30,111556,597.33,4018.68,119.7,5275.17,29.16,0.059495,0.400265,0.011922,0.525413,0.002904,Hortolândia,SP,3519071,4,30.9936,222186.0,219960,12411319.0,1.0,Sudeste,Mata Atlântica,bom,0.036282
ascenty-hortolandia,BR,tratamento,ascenty-hortolandia,,,-22.896022,-47.179246,5,2018,2018,declarada_datacentermap,0,durante,16,rf_v1.0-tuned,30,111553,607.05,4085.64,116.28,5202.18,28.62,0.060465,0.406946,0.011582,0.518157,0.002851,Hortolândia,SP,3519071,4,31.3497,227353.0,219960,13154947.0,1.0,Sudeste,Mata Atlântica,bom,0.036282
ascenty-hortolandia,BR,tratamento,ascenty-hortolandia,,,-22.896022,-47.179246,5,2019,2018,declarada_datacentermap,1,durante,16,rf_v1.0-tuned,30,111548,945.18,4124.52,94.32,4846.95,28.35,0.094148,0.410837,0.009395,0.482797,0.002824,Hortolândia,SP,3519071,4,31.6212,230851.0,219960,14738378.0,1.0,Sudeste,Mata Atlântica,bom,0.036282
ascenty-hortolandia,BR,tratamento,ascenty-hortolandia,,,-22.896022,-47.179246,5,2020,2018,declarada_datacentermap,2,durante,16,rf_v1.0-tuned,30,111555,765.0,4093.65,109.98,5040.81,30.51,0.076196,0.407736,0.010954,0.502075,0.003039,Hortolândia,SP,3519071,4,32.0994,234259.0,219960,16386639.0,1.0,Sudeste,Mata Atlântica,bom,0.036282
ascenty-hortolandia,BR,tratamento,ascenty-hortolandia,,,-22.896022,-47.179246,5,2021,2018,declarada_datacentermap,3,durante,16,rf_v1.0-tuned,30,111550,431.64,3735.0,113.22,5735.79,23.85,0.042994,0.37203,0.011277,0.571322,0.002376,Hortolândia,SP,3519071,4,32.0817,237570.0,219960,18377822.0,1.0,Sudeste,Mata Atlântica,bom,0.036282
ascenty-hortolandia,BR,tratamento,ascenty-hortolandia,,,-22.896022,-47.179246,5,2022,2018,declarada_datacentermap,4,durante,16,rf_v1.0-tuned,30,111556,485.1,3855.78,101.61,5568.12,29.43,0.048317,0.38404,0.01012,0.554591,0.002931,Hortolândia,SP,3519071,4,30.4105,236641.0,219960,21420797.0,1.0,Sudeste,Mata Atlântica,bom,0.036282
ctrl-ascenty-jundiai-p01,BR,controle,ascenty-jundiai,,,-23.24767,-46.74807,5,2016,2019,declarada_datacentermap,-3,pre,24,rf_v1.0-tuned,30,112225,3083.04,4340.88,24.21,2634.3,17.82,0.305244,0.429779,0.002397,0.260815,0.001764,Campo Limpo Paulista,SP,3509601,1,26.5402,81693.0,177684,1764249.0,2.0,Sudeste,Mata Atlântica,bom,0.088258
ctrl-ascenty-jundiai-p01,BR,controle,ascenty-jundiai,,,-23.24767,-46.74807,5,2017,2019,declarada_datacentermap,-2,pre,24,rf_v1.0-tuned,30,112225,3047.85,4315.95,23.49,2697.66,15.3,0.30176,0.427311,0.002326,0.267088,0.001515,Campo Limpo Paulista,SP,3509601,1,26.3213,82520.0,177684,1850600.0,2.0,Sudeste,Mata Atlântica,bom,0.088258
ctrl-ascenty-jundiai-p01,BR,controle,ascenty-jundiai,,,-23.24767,-46.74807,5,2018,2019,declarada_datacentermap,-1,pre,24,rf_v1.0-tuned,30,112224,3092.67,4314.15,52.29,2628.09,12.96,0.3062,0.427137,0.005177,0.260203,0.001283,Campo Limpo Paulista,SP,3509601,1,26.1075,83735.0,177684,2102640.0,2.0,Sudeste,Mata Atlântica,bom,0.088258
ctrl-ascenty-jundiai-p01,BR,controle,ascenty-jundiai,,,-23.24767,-46.74807,5,2019,2019,declarada_datacentermap,0,durante,24,rf_v1.0-tuned,30,112225,3679.92,3942.72,41.85,2418.57,17.19,0.364339,0.390359,0.004143,0.239456,0.001702,Campo Limpo Paulista,SP,3509601,1,26.7993,84650.0,177684,2145809.0,2.0,Sudeste,Mata Atlântica,bom,0.088258
ctrl-ascenty-jundiai-p01,BR,controle,ascenty-jundiai,,,-23.24767,-46.74807,5,2020,2019,declarada_datacentermap,1,pos,24,rf_v1.0-tuned,30,112225,3646.17,3931.29,41.04,2463.93,17.82,0.360998,0.389227,0.004063,0.243947,0.001764,Campo Limpo Paulista,SP,3509601,1,26.815,85541.0,177684,2219744.0,2.0,Sudeste,Mata Atlântica,bom,0.088258
ctrl-ascenty-jundiai-p01,BR,controle,ascenty-jundiai,,,-23.24767,-46.74807,5,2021,2019,declarada_datacentermap,2,pos,24,rf_v1.0-tuned,30,112225,2443.05,4528.8,42.75,3072.06,13.59,0.24188,0.448385,0.004233,0.304157,0.001346,Campo Limpo Paulista,SP,3509601,1,26.4329,86407.0,177684,2530950.0,2.0,Sudeste,Mata Atlântica,bom,0.088258
ctrl-ascenty-jundiai-p01,BR,controle,ascenty-jundiai,,,-23.24767,-46.74807,5,2022,2019,declarada_datacentermap,3,pos,24,rf_v1.0-tuned,30,112225,3267.99,4071.6,25.65,2720.07,14.94,0.323555,0.403119,0.00254,0.269307,0.001479,Campo Limpo Paulista,SP,3509601,1,25.1671,77632.0,177684,2976085.0,2.0,Sudeste,Mata Atlântica,bom,0.088258
ascenty-jundiai,BR,tratamento,ascenty-jundiai,,,-23.191744,-46.974604,5,2016,2019,declarada_datacentermap,-3,pre,24,rf_v1.0-tuned,30,110631,3081.15,4074.84,224.64,2518.11,58.05,0.309452,0.409252,0.022561,0.252904,0.00583,Jundiaí,SP,3525904,1,27.3208,405740.0,51079,40317016.0,2.0,Sudeste,Mata Atlântica,bom,0.088258
ascenty-jundiai,BR,tratamento,ascenty-jundiai,,,-23.191744,-46.974604,5,2017,2019,declarada_datacentermap,-2,pre,24,rf_v1.0-tuned,30,111431,3013.11,4092.93,219.15,2649.69,53.91,0.300446,0.408118,0.021852,0.264208,0.005376,Jundiaí,SP,3525904,1,27.4339,409497.0,51079,41084447.0,2.0,Sudeste,Mata Atlântica,bom,0.088258
ascenty-jundiai,BR,tratamento,ascenty-jundiai,,,-23.191744,-46.974604,5,2018,2019,declarada_datacentermap,-1,pre,24,rf_v1.0-tuned,30,111204,2754.27,4534.65,195.03,2472.84,51.57,0.275197,0.453086,0.019487,0.247077,0.005153,Jundiaí,SP,3525904,1,27.1242,414810.0,51079,43630306.0,2.0,Sudeste,Mata Atlântica,bom,0.088258
ascenty-jundiai,BR,tratamento,ascenty-jundiai,,,-23.191744,-46.974604,5,2019,2019,declarada_datacentermap,0,durante,24,rf_v1.0-tuned,30,111455,3480.3,4031.01,145.35,2320.65,53.64,0.346956,0.401857,0.01449,0.231349,0.005347,Jundiaí,SP,3525904,1,27.411,418962.0,51079,46959283.0,2.0,Sudeste,Mata Atlântica,bom,0.088258
ascenty-jundiai,BR,tratamento,ascenty-jundiai,,,-23.191744,-46.974604,5,2020,2019,declarada_datacentermap,1,pos,24,rf_v1.0-tuned,30,111446,3441.42,4073.49,124.56,2332.08,58.59,0.343108,0.406125,0.012419,0.232507,0.005841,Jundiaí,SP,3525904,1,28.4548,423006.0,51079,51740230.0,2.0,Sudeste,Mata Atlântica,bom,0.088258
ascenty-jundiai,BR,tratamento,ascenty-jundiai,,,-23.191744,-46.974604,5,2021,2019,declarada_datacentermap,2,pos,24,rf_v1.0-tuned,30,111538,2610.54,4493.88,154.8,2730.6,48.6,0.260055,0.447668,0.015421,0.272015,0.004841,Jundiaí,SP,3525904,1,27.4275,426935.0,51079,57670893.0,2.0,Sudeste,Mata Atlântica,bom,0.088258
ascenty-jundiai,BR,tratamento,ascenty-jundiai,,,-23.191744,-46.974604,5,2022,2019,declarada_datacentermap,3,pos,24,rf_v1.0-tuned,30,111349,2931.57,4286.25,116.73,2639.43,47.43,0.292531,0.427709,0.011648,0.263379,0.004733,Jundiaí,SP,3525904,1,26.275,443221.0,51079,63835907.0,2.0,Sudeste,Mata Atlântica,bom,0.088258
ctrl-ascenty-maracanau-p03,BR,controle,ascenty-maracanau,,,-3.600568,-38.840375,5,2013,2014,declarada_datacentermap,-1,pre,36,rf_v1.0-tuned,30,111556,3533.04,4239.99,964.62,969.84,332.55,0.351895,0.422308,0.096077,0.096597,0.033122,Caucaia,CE,2303709,0,32.1975,,6007,4750602.0,1.0,Nordeste,Caatinga,ruim,0.854877
ctrl-ascenty-maracanau-p03,BR,controle,ascenty-maracanau,,,-3.600568,-38.840375,5,2014,2014,declarada_datacentermap,0,durante,36,rf_v1.0-tuned,30,111555,3461.31,4311.9,946.08,1013.58,307.08,0.344754,0.429474,0.094232,0.100955,0.030586,Caucaia,CE,2303709,0,31.9927,,6007,5582491.0,1.0,Nordeste,Caatinga,ruim,0.854877
ctrl-ascenty-maracanau-p03,BR,controle,ascenty-maracanau,,,-3.600568,-38.840375,5,2015,2014,declarada_datacentermap,1,durante,36,rf_v1.0-tuned,30,111556,3145.68,4552.83,736.38,1159.02,446.13,0.313313,0.453467,0.073344,0.11544,0.044435,Caucaia,CE,2303709,0,30.7778,,6007,5743008.0,1.0,Nordeste,Caatinga,ruim,0.854877
ctrl-ascenty-maracanau-p03,BR,controle,ascenty-maracanau,,,-3.600568,-38.840375,5,2016,2014,declarada_datacentermap,2,pos,36,rf_v1.0-tuned,30,111556,2731.32,4871.7,758.07,1260.18,418.77,0.272043,0.485227,0.075505,0.125515,0.04171,Caucaia,CE,2303709,0,31.089,358164.0,6007,5443796.0,1.0,Nordeste,Caatinga,ruim,0.854877
ctrl-ascenty-maracanau-p03,BR,controle,ascenty-maracanau,,,-3.600568,-38.840375,5,2017,2014,declarada_datacentermap,3,pos,36,rf_v1.0-tuned,30,111556,2909.16,4624.38,672.57,1409.31,424.62,0.289756,0.460594,0.066989,0.140369,0.042293,Caucaia,CE,2303709,0,30.7155,362223.0,6007,5862516.0,1.0,Nordeste,Caatinga,ruim,0.854877
ascenty-maracanau,BR,tratamento,ascenty-maracanau,,,-3.830803,-38.611253,5,2013,2014,declarada_datacentermap,-1,pre,36,rf_v1.0-tuned,30,111769,1766.61,2708.46,119.52,5271.39,193.23,0.175621,0.269252,0.011882,0.524036,0.019209,Maracanaú,CE,2307650,0,33.9145,,461235,6291122.0,1.0,Nordeste,Caatinga,ruim,0.854877
ascenty-maracanau,BR,tratamento,ascenty-maracanau,,,-3.830803,-38.611253,5,2014,2014,declarada_datacentermap,0,durante,36,rf_v1.0-tuned,30,111580,1801.08,2562.48,95.58,5399.01,184.05,0.179351,0.255171,0.009518,0.537632,0.018328,Maracanaú,CE,2307650,0,33.6985,,461235,7029386.0,1.0,Nordeste,Caatinga,ruim,0.854877
ascenty-maracanau,BR,tratamento,ascenty-maracanau,,,-3.830803,-38.611253,5,2015,2014,declarada_datacentermap,1,durante,36,rf_v1.0-tuned,30,111627,1422.09,2721.51,110.61,5562.72,229.5,0.141552,0.270893,0.01101,0.553701,0.022844,Maracanaú,CE,2307650,0,32.8113,,461235,7896114.0,1.0,Nordeste,Caatinga,ruim,0.854877
ascenty-maracanau,BR,tratamento,ascenty-maracanau,,,-3.830803,-38.611253,5,2016,2014,declarada_datacentermap,2,pos,36,rf_v1.0-tuned,30,111889,992.07,2895.66,92.97,5853.15,236.16,0.098517,0.287553,0.009232,0.581246,0.023452,Maracanaú,CE,2307650,0,33.8657,223188.0,461235,8100726.0,1.0,Nordeste,Caatinga,ruim,0.854877
ascenty-maracanau,BR,tratamento,ascenty-maracanau,,,-3.830803,-38.611253,5,2017,2014,declarada_datacentermap,3,pos,36,rf_v1.0-tuned,30,111887,1278.0,2609.73,115.83,5835.87,230.4,0.126914,0.259163,0.011503,0.57954,0.02288,Maracanaú,CE,2307650,0,32.4851,224804.0,461235,8540212.0,1.0,Nordeste,Caatinga,ruim,0.854877
ctrl-ascenty-osasco-p01,BR,controle,ascenty-osasco,,,-23.529577,-46.928574,5,2017,2020,declarada_datacentermap,-3,pre,16,rf_v1.0-tuned,30,110913,2136.15,2695.32,73.08,5030.46,47.16,0.213997,0.270013,0.007321,0.503945,0.004724,Itapevi,SP,3522505,2,27.546,229502.0,417826,11253728.0,1.0,Sudeste,Mata Atlântica,ruim,0.265934
ctrl-ascenty-osasco-p01,BR,controle,ascenty-osasco,,,-23.529577,-46.928574,5,2018,2020,declarada_datacentermap,-2,pre,16,rf_v1.0-tuned,30,111257,2182.95,2732.31,102.24,4955.67,39.96,0.218009,0.272873,0.010211,0.494917,0.003991,Itapevi,SP,3522505,2,27.6992,234352.0,417826,12156244.0,1.0,Sudeste,Mata Atlântica,ruim,0.265934
ctrl-ascenty-osasco-p01,BR,controle,ascenty-osasco,,,-23.529577,-46.928574,5,2019,2020,declarada_datacentermap,-1,pre,16,rf_v1.0-tuned,30,111392,2591.55,2492.28,81.0,4814.82,45.63,0.258502,0.2486,0.00808,0.480268,0.004551,Itapevi,SP,3522505,2,28.0512,237700.0,417826,12051610.0,1.0,Sudeste,Mata Atlântica,ruim,0.265934
ctrl-ascenty-osasco-p01,BR,controle,ascenty-osasco,,,-23.529577,-46.928574,5,2020,2020,declarada_datacentermap,0,durante,16,rf_v1.0-tuned,30,110931,2231.73,2666.88,108.0,4906.44,70.74,0.223535,0.267121,0.010818,0.491441,0.007085,Itapevi,SP,3522505,2,28.0501,240961.0,417826,11873293.0,1.0,Sudeste,Mata Atlântica,ruim,0.265934
ctrl-ascenty-osasco-p01,BR,controle,ascenty-osasco,,,-23.529577,-46.928574,5,2021,2020,declarada_datacentermap,1,durante,16,rf_v1.0-tuned,30,111528,2274.84,2400.75,144.18,5167.08,50.67,0.226634,0.239178,0.014364,0.514777,0.005048,Itapevi,SP,3522505,2,27.4981,244131.0,417826,12854995.0,1.0,Sudeste,Mata Atlântica,ruim,0.265934
ctrl-ascenty-osasco-p01,BR,controle,ascenty-osasco,,,-23.529577,-46.928574,5,2022,2020,declarada_datacentermap,2,durante,16,rf_v1.0-tuned,30,111492,2163.24,2566.62,95.22,5158.89,50.31,0.215585,0.255785,0.009489,0.514127,0.005014,Itapevi,SP,3522505,2,26.9143,232297.0,417826,15017261.0,1.0,Sudeste,Mata Atlântica,ruim,0.265934
ctrl-ascenty-osasco-p01,BR,controle,ascenty-osasco,,,-23.529577,-46.928574,5,2023,2020,declarada_datacentermap,3,durante,16,rf_v1.0-tuned,30,110095,2431.44,2447.19,54.27,4924.08,51.57,0.245388,0.246978,0.005477,0.496953,0.005205,Itapevi,SP,3522505,2,27.1763,,417826,15615097.0,1.0,Sudeste,Mata Atlântica,ruim,0.265934
ascenty-osasco,BR,tratamento,ascenty-osasco,,,-23.492259,-46.777232,5,2017,2020,declarada_datacentermap,-3,pre,16,rf_v1.0-tuned,30,111886,2011.32,1538.37,75.06,6361.11,83.88,0.199739,0.152772,0.007454,0.631705,0.00833,Osasco,SP,3534401,2,28.767,697886.0,513609,77927043.0,1.0,Sudeste,Mata Atlântica,ruim,0.265934
ascenty-osasco,BR,tratamento,ascenty-osasco,,,-23.492259,-46.777232,5,2018,2020,declarada_datacentermap,-2,pre,16,rf_v1.0-tuned,30,111884,2028.42,1592.73,80.37,6292.62,75.42,0.201441,0.158173,0.007981,0.624915,0.00749,Osasco,SP,3534401,2,28.6264,696850.0,513609,76607992.0,1.0,Sudeste,Mata Atlântica,ruim,0.265934
ascenty-osasco,BR,tratamento,ascenty-osasco,,,-23.492259,-46.777232,5,2019,2020,declarada_datacentermap,-1,pre,16,rf_v1.0-tuned,30,111890,2259.18,1523.52,66.24,6130.62,90.54,0.224345,0.151291,0.006578,0.608794,0.008991,Osasco,SP,3534401,2,29.4147,698418.0,513609,81908401.0,1.0,Sudeste,Mata Atlântica,ruim,0.265934
ascenty-osasco,BR,tratamento,ascenty-osasco,,,-23.492259,-46.777232,5,2020,2020,declarada_datacentermap,0,durante,16,rf_v1.0-tuned,30,111688,2046.33,1557.81,94.32,6220.98,132.48,0.203576,0.154976,0.009383,0.618885,0.01318,Osasco,SP,3534401,2,29.1138,699944.0,513609,76612072.0,1.0,Sudeste,Mata Atlântica,ruim,0.265934
ascenty-osasco,BR,tratamento,ascenty-osasco,,,-23.492259,-46.777232,5,2021,2020,declarada_datacentermap,1,durante,16,rf_v1.0-tuned,30,111887,1892.97,1587.51,92.88,6411.51,84.96,0.187984,0.15765,0.009224,0.636705,0.008437,Osasco,SP,3534401,2,28.621,701428.0,513609,86111260.0,1.0,Sudeste,Mata Atlântica,ruim,0.265934
ascenty-osasco,BR,tratamento,ascenty-osasco,,,-23.492259,-46.777232,5,2022,2020,declarada_datacentermap,2,durante,16,rf_v1.0-tuned,30,111824,2009.07,1516.14,88.56,6355.8,94.59,0.199626,0.150647,0.0088,0.631528,0.009399,Osasco,SP,3534401,2,27.718,728615.0,513609,112145798.0,1.0,Sudeste,Mata Atlântica,ruim,0.265934
ascenty-osasco,BR,tratamento,ascenty-osasco,,,-23.492259,-46.777232,5,2023,2020,declarada_datacentermap,3,durante,16,rf_v1.0-tuned,30,111559,2167.2,1467.99,64.17,6233.31,107.64,0.21585,0.14621,0.006391,0.620828,0.010721,Osasco,SP,3534401,2,28.3784,,513609,119404053.0,1.0,Sudeste,Mata Atlântica,ruim,0.265934
ctrl-ascenty-paulinia-p02,BR,controle,ascenty-paulinia,,,-22.707019,-47.303129,5,2016,2019,declarada_datacentermap,-3,pre,20,rf_v1.0-tuned,30,111556,963.63,4725.0,83.07,3780.18,488.16,0.095979,0.470616,0.008274,0.37651,0.048621,Americana,SP,3501608,1,30.2664,231621.0,110869,10435437.0,2.0,Sudeste,Mata Atlântica,bom,0.072125
ctrl-ascenty-paulinia-p02,BR,controle,ascenty-paulinia,,,-22.707019,-47.303129,5,2017,2019,declarada_datacentermap,-2,pre,20,rf_v1.0-tuned,30,111556,893.7,4853.88,61.2,3786.21,445.05,0.089014,0.483452,0.006096,0.377111,0.044328,Americana,SP,3501608,1,30.139,233868.0,110869,10984203.0,2.0,Sudeste,Mata Atlântica,bom,0.072125
ctrl-ascenty-paulinia-p02,BR,controle,ascenty-paulinia,,,-22.707019,-47.303129,5,2018,2019,declarada_datacentermap,-1,pre,20,rf_v1.0-tuned,30,111556,1068.84,4780.26,72.54,3837.6,280.8,0.106458,0.47612,0.007225,0.38223,0.027968,Americana,SP,3501608,1,29.8409,237112.0,110869,11340521.0,2.0,Sudeste,Mata Atlântica,bom,0.072125
ctrl-ascenty-paulinia-p02,BR,controle,ascenty-paulinia,,,-22.707019,-47.303129,5,2019,2019,declarada_datacentermap,0,durante,20,rf_v1.0-tuned,30,111556,1225.89,4404.78,59.67,3932.55,417.15,0.1221,0.438721,0.005943,0.391687,0.041549,Americana,SP,3501608,1,30.7465,239597.0,110869,11861436.0,2.0,Sudeste,Mata Atlântica,bom,0.072125
ctrl-ascenty-paulinia-p02,BR,controle,ascenty-paulinia,,,-22.707019,-47.303129,5,2020,2019,declarada_datacentermap,1,pos,20,rf_v1.0-tuned,30,111556,920.07,4771.08,61.74,3870.45,416.7,0.09164,0.475205,0.006149,0.385501,0.041504,Americana,SP,3501608,1,31.0981,242018.0,110869,11956361.0,2.0,Sudeste,Mata Atlântica,bom,0.072125
ctrl-ascenty-paulinia-p02,BR,controle,ascenty-paulinia,,,-22.707019,-47.303129,5,2021,2019,declarada_datacentermap,2,pos,20,rf_v1.0-tuned,30,111556,503.73,4688.19,75.96,4368.24,403.92,0.050172,0.466949,0.007566,0.435082,0.040231,Americana,SP,3501608,1,31.2842,244370.0,110869,15217280.0,2.0,Sudeste,Mata Atlântica,bom,0.072125
ctrl-ascenty-paulinia-p02,BR,controle,ascenty-paulinia,,,-22.707019,-47.303129,5,2022,2019,declarada_datacentermap,3,pos,20,rf_v1.0-tuned,30,111556,709.74,4872.87,73.98,3955.5,427.95,0.070691,0.485344,0.007368,0.393973,0.042624,Americana,SP,3501608,1,29.2722,237240.0,110869,16677591.0,2.0,Sudeste,Mata Atlântica,bom,0.072125
ascenty-paulinia,BR,tratamento,ascenty-paulinia,,,-22.7974087,-47.1345476,5,2016,2019,declarada_datacentermap,-3,pre,20,rf_v1.0-tuned,30,111556,760.86,4973.67,97.65,4092.39,115.47,0.075783,0.495383,0.009726,0.407607,0.011501,Paulínia,SP,3536505,1,31.3377,100128.0,90801,36499593.0,2.0,Sudeste,Mata Atlântica,bom,0.072125
ascenty-paulinia,BR,tratamento,ascenty-paulinia,,,-22.7974087,-47.1345476,5,2017,2019,declarada_datacentermap,-2,pre,20,rf_v1.0-tuned,30,111556,796.68,5144.31,97.02,3900.6,101.43,0.07935,0.512379,0.009663,0.388504,0.010103,Paulínia,SP,3536505,1,31.0803,102499.0,90801,35540436.0,2.0,Sudeste,Mata Atlântica,bom,0.072125
ascenty-paulinia,BR,tratamento,ascenty-paulinia,,,-22.7974087,-47.1345476,5,2018,2019,declarada_datacentermap,-1,pre,20,rf_v1.0-tuned,30,111556,893.34,4850.82,98.46,4103.19,94.23,0.088978,0.483147,0.009807,0.408683,0.009385,Paulínia,SP,3536505,1,31.4341,106776.0,90801,32658835.0,2.0,Sudeste,Mata Atlântica,bom,0.072125
ascenty-paulinia,BR,tratamento,ascenty-paulinia,,,-22.7974087,-47.1345476,5,2019,2019,declarada_datacentermap,0,durante,20,rf_v1.0-tuned,30,111556,1247.4,4988.34,69.21,3640.14,94.95,0.124243,0.496845,0.006893,0.362562,0.009457,Paulínia,SP,3536505,1,31.6709,109424.0,90801,37366101.0,2.0,Sudeste,Mata Atlântica,bom,0.072125
ascenty-paulinia,BR,tratamento,ascenty-paulinia,,,-22.7974087,-47.1345476,5,2020,2019,declarada_datacentermap,1,pos,20,rf_v1.0-tuned,30,111556,975.96,4964.31,84.6,3926.97,88.2,0.097207,0.494451,0.008426,0.391131,0.008785,Paulínia,SP,3536505,1,32.2728,112003.0,90801,39807062.0,2.0,Sudeste,Mata Atlântica,bom,0.072125
ascenty-paulinia,BR,tratamento,ascenty-paulinia,,,-22.7974087,-47.1345476,5,2021,2019,declarada_datacentermap,2,pos,20,rf_v1.0-tuned,30,111556,625.05,4857.3,129.33,4351.59,76.77,0.062256,0.483793,0.012881,0.433424,0.007646,Paulínia,SP,3536505,1,32.183,114508.0,90801,52389437.0,2.0,Sudeste,Mata Atlântica,bom,0.072125
ascenty-paulinia,BR,tratamento,ascenty-paulinia,,,-22.7974087,-47.1345476,5,2022,2019,declarada_datacentermap,3,pos,20,rf_v1.0-tuned,30,111556,794.25,5015.07,113.04,4040.82,76.86,0.079108,0.499507,0.011259,0.402471,0.007655,Paulínia,SP,3536505,1,30.3678,110537.0,90801,70496584.0,2.0,Sudeste,Mata Atlântica,bom,0.072125
ctrl-ascenty-sumare-p01,BR,controle,ascenty-sumare,,,-23.059824,-47.220048,5,2014,2017,declarada_datacentermap,-3,pre,28,rf_v1.0-tuned,30,111556,815.76,6202.89,85.86,2852.91,82.62,0.081251,0.617815,0.008552,0.284153,0.008229,Indaiatuba,SP,3520509,1,31.1446,,109505,11784749.0,1.0,Sudeste,Mata Atlântica,ruim,0.411088
ctrl-ascenty-sumare-p01,BR,controle,ascenty-sumare,,,-23.059824,-47.220048,5,2015,2017,declarada_datacentermap,-2,pre,28,rf_v1.0-tuned,30,111556,1295.46,5991.57,49.68,2600.46,102.87,0.129029,0.596768,0.004948,0.259009,0.010246,Indaiatuba,SP,3520509,1,29.5255,,109505,11634861.0,1.0,Sudeste,Mata Atlântica,ruim,0.411088
ctrl-ascenty-sumare-p01,BR,controle,ascenty-sumare,,,-23.059824,-47.220048,5,2016,2017,declarada_datacentermap,-1,pre,28,rf_v1.0-tuned,30,111556,948.33,6099.57,40.86,2831.31,119.97,0.094455,0.607524,0.00407,0.282002,0.011949,Indaiatuba,SP,3520509,1,29.803,235367.0,109505,12282381.0,1.0,Sudeste,Mata Atlântica,ruim,0.411088
ctrl-ascenty-sumare-p01,BR,controle,ascenty-sumare,,,-23.059824,-47.220048,5,2017,2017,declarada_datacentermap,0,durante,28,rf_v1.0-tuned,30,111556,917.19,5851.35,115.74,3037.59,118.17,0.091353,0.582801,0.011528,0.302548,0.01177,Indaiatuba,SP,3520509,1,29.8685,239602.0,109505,14024836.0,1.0,Sudeste,Mata Atlântica,ruim,0.411088
ctrl-ascenty-sumare-p01,BR,controle,ascenty-sumare,,,-23.059824,-47.220048,5,2018,2017,declarada_datacentermap,1,durante,28,rf_v1.0-tuned,30,111556,865.62,6111.45,66.06,2878.02,118.89,0.086217,0.608708,0.00658,0.286654,0.011842,Indaiatuba,SP,3520509,1,29.5167,246908.0,109505,15595708.0,1.0,Sudeste,Mata Atlântica,ruim,0.411088
ctrl-ascenty-sumare-p01,BR,controle,ascenty-sumare,,,-23.059824,-47.220048,5,2019,2017,declarada_datacentermap,2,durante,28,rf_v1.0-tuned,30,111556,1597.95,5539.86,29.79,2748.78,123.66,0.159158,0.551777,0.002967,0.273782,0.012317,Indaiatuba,SP,3520509,1,30.0482,251627.0,109505,16712153.0,1.0,Sudeste,Mata Atlântica,ruim,0.411088
ctrl-ascenty-sumare-p01,BR,controle,ascenty-sumare,,,-23.059824,-47.220048,5,2020,2017,declarada_datacentermap,3,pos,28,rf_v1.0-tuned,30,111556,1050.93,5908.05,55.8,2906.01,119.25,0.104674,0.588449,0.005558,0.289442,0.011877,Indaiatuba,SP,3520509,1,30.9061,256223.0,109505,18361067.0,1.0,Sudeste,Mata Atlântica,ruim,0.411088
ascenty-sumare,BR,tratamento,ascenty-sumare,,,-22.8069862,-47.2200481,5,2014,2017,declarada_datacentermap,-3,pre,28,rf_v1.0-tuned,30,111883,278.46,4805.01,288.27,4652.01,45.72,0.027654,0.477186,0.028628,0.461992,0.00454,Sumaré,SP,3552403,1,32.6662,,162600,11646358.0,1.0,Sudeste,Mata Atlântica,ruim,0.411088
ascenty-sumare,BR,tratamento,ascenty-sumare,,,-22.8069862,-47.2200481,5,2015,2017,declarada_datacentermap,-2,pre,28,rf_v1.0-tuned,30,111890,494.73,5002.38,197.19,4320.9,54.9,0.049129,0.496756,0.019582,0.429082,0.005452,Sumaré,SP,3552403,1,30.8186,,162600,12258170.0,1.0,Sudeste,Mata Atlântica,ruim,0.411088
ascenty-sumare,BR,tratamento,ascenty-sumare,,,-22.8069862,-47.2200481,5,2016,2017,declarada_datacentermap,-1,pre,28,rf_v1.0-tuned,30,111890,342.45,4714.56,207.63,4743.0,62.46,0.034007,0.468174,0.020618,0.470998,0.006203,Sumaré,SP,3552403,1,31.1843,269522.0,162600,12237213.0,1.0,Sudeste,Mata Atlântica,ruim,0.411088
ascenty-sumare,BR,tratamento,ascenty-sumare,,,-22.8069862,-47.2200481,5,2017,2017,declarada_datacentermap,0,durante,28,rf_v1.0-tuned,30,111890,317.88,4451.31,217.89,5027.85,55.17,0.031567,0.442032,0.021637,0.499285,0.005479,Sumaré,SP,3552403,1,31.1194,273007.0,162600,13615800.0,1.0,Sudeste,Mata Atlântica,ruim,0.411088
ascenty-sumare,BR,tratamento,ascenty-sumare,,,-22.8069862,-47.2200481,5,2018,2017,declarada_datacentermap,1,durante,28,rf_v1.0-tuned,30,111890,343.98,4740.12,232.47,4703.13,50.4,0.034159,0.470712,0.023085,0.467039,0.005005,Sumaré,SP,3552403,1,31.1359,278571.0,162600,14438510.0,1.0,Sudeste,Mata Atlântica,ruim,0.411088
ascenty-sumare,BR,tratamento,ascenty-sumare,,,-22.8069862,-47.2200481,5,2019,2017,declarada_datacentermap,2,durante,28,rf_v1.0-tuned,30,111889,587.61,4796.91,178.2,4456.44,50.85,0.058352,0.476356,0.017696,0.442546,0.00505,Sumaré,SP,3552403,1,31.5931,282441.0,162600,14913287.0,1.0,Sudeste,Mata Atlântica,ruim,0.411088
ascenty-sumare,BR,tratamento,ascenty-sumare,,,-22.8069862,-47.2200481,5,2020,2017,declarada_datacentermap,3,pos,28,rf_v1.0-tuned,30,111890,392.13,4636.62,216.81,4779.45,45.09,0.03894,0.460434,0.02153,0.474618,0.004478,Sumaré,SP,3552403,1,32.199,286211.0,162600,13672590.0,1.0,Sudeste,Mata Atlântica,ruim,0.411088
ctrl-ascenty-vinhedo-p02,BR,controle,ascenty-vinhedo,,,-22.817167,-47.011893,5,2016,2019,declarada_datacentermap,-3,pre,28,rf_v1.0-tuned,30,111556,953.64,6534.45,67.05,2355.39,129.51,0.094984,0.650839,0.006678,0.2346,0.012899,Campinas,SP,3509502,0,29.9206,1173370.0,32478,57778152.0,1.0,Sudeste,Mata Atlântica,aceitavel,0.131596
ctrl-ascenty-vinhedo-p02,BR,controle,ascenty-vinhedo,,,-22.817167,-47.011893,5,2017,2019,declarada_datacentermap,-2,pre,28,rf_v1.0-tuned,30,111556,842.22,6461.1,74.07,2547.81,114.84,0.083886,0.643533,0.007377,0.253765,0.011438,Campinas,SP,3509502,0,29.3745,1182429.0,32478,58469540.0,1.0,Sudeste,Mata Atlântica,aceitavel,0.131596
ctrl-ascenty-vinhedo-p02,BR,controle,ascenty-vinhedo,,,-22.817167,-47.011893,5,2018,2019,declarada_datacentermap,-1,pre,28,rf_v1.0-tuned,30,111453,962.82,6538.14,63.27,2357.64,108.9,0.095987,0.651808,0.006308,0.235041,0.010857,Campinas,SP,3509502,0,29.4419,1194094.0,32478,61388555.0,1.0,Sudeste,Mata Atlântica,aceitavel,0.131596
ctrl-ascenty-vinhedo-p02,BR,controle,ascenty-vinhedo,,,-22.817167,-47.011893,5,2019,2019,declarada_datacentermap,0,durante,28,rf_v1.0-tuned,30,111394,1320.03,6426.63,45.63,2119.77,113.4,0.131668,0.641031,0.004551,0.211439,0.011311,Campinas,SP,3509502,0,30.2983,1204073.0,32478,65837258.0,1.0,Sudeste,Mata Atlântica,aceitavel,0.131596
ctrl-ascenty-vinhedo-p02,BR,controle,ascenty-vinhedo,,,-22.817167,-47.011893,5,2020,2019,declarada_datacentermap,1,durante,28,rf_v1.0-tuned,30,111392,1454.67,6412.59,40.95,2008.17,108.9,0.1451,0.639642,0.004085,0.200311,0.010863,Campinas,SP,3509502,0,30.843,1213792.0,32478,65158382.0,1.0,Sudeste,Mata Atlântica,aceitavel,0.131596
ctrl-ascenty-vinhedo-p02,BR,controle,ascenty-vinhedo,,,-22.817167,-47.011893,5,2021,2019,declarada_datacentermap,2,pos,28,rf_v1.0-tuned,30,111531,472.77,6864.93,61.65,2545.47,92.97,0.047099,0.683909,0.006142,0.253589,0.009262,Campinas,SP,3509502,0,30.7956,1223237.0,32478,72946910.0,1.0,Sudeste,Mata Atlântica,aceitavel,0.131596
ctrl-ascenty-vinhedo-p02,BR,controle,ascenty-vinhedo,,,-22.817167,-47.011893,5,2022,2019,declarada_datacentermap,3,pos,28,rf_v1.0-tuned,30,111533,1120.5,6241.41,57.69,2517.21,101.16,0.111626,0.62178,0.005747,0.250769,0.010078,Campinas,SP,3509502,0,28.9387,1139047.0,32478,80646591.0,1.0,Sudeste,Mata Atlântica,aceitavel,0.131596
ascenty-vinhedo,BR,tratamento,ascenty-vinhedo,,,-23.0700044,-47.0118926,5,2016,2019,declarada_datacentermap,-3,pre,28,rf_v1.0-tuned,30,111854,1745.64,5718.51,93.87,2377.53,131.31,0.173405,0.568053,0.009325,0.236174,0.013044,Vinhedo,SP,3556701,0,28.2856,73855.0,62160,8085038.0,1.0,Sudeste,Mata Atlântica,aceitavel,0.131596
ascenty-vinhedo,BR,tratamento,ascenty-vinhedo,,,-23.0700044,-47.0118926,5,2017,2019,declarada_datacentermap,-2,pre,28,rf_v1.0-tuned,30,111890,1619.82,5726.79,98.64,2499.21,125.64,0.160854,0.568692,0.009795,0.248181,0.012477,Vinhedo,SP,3556701,0,28.2084,75129.0,62160,8704161.0,1.0,Sudeste,Mata Atlântica,aceitavel,0.131596
ascenty-vinhedo,BR,tratamento,ascenty-vinhedo,,,-23.0700044,-47.0118926,5,2018,2019,declarada_datacentermap,-1,pre,28,rf_v1.0-tuned,30,111872,1497.69,5900.22,86.58,2468.43,115.56,0.14875,0.586009,0.008599,0.245164,0.011477,Vinhedo,SP,3556701,0,28.305,77308.0,62160,9275194.0,1.0,Sudeste,Mata Atlântica,aceitavel,0.131596
ascenty-vinhedo,BR,tratamento,ascenty-vinhedo,,,-23.0700044,-47.0118926,5,2019,2019,declarada_datacentermap,0,durante,28,rf_v1.0-tuned,30,111885,2262.78,5385.78,60.48,2240.37,120.24,0.224713,0.534853,0.006006,0.222487,0.011941,Vinhedo,SP,3556701,0,28.7315,78728.0,62160,9665022.0,1.0,Sudeste,Mata Atlântica,aceitavel,0.131596
ascenty-vinhedo,BR,tratamento,ascenty-vinhedo,,,-23.0700044,-47.0118926,5,2020,2019,declarada_datacentermap,1,durante,28,rf_v1.0-tuned,30,111783,2003.76,5641.38,89.28,2204.46,121.59,0.199172,0.560747,0.008874,0.219121,0.012086,Vinhedo,SP,3556701,0,29.631,80111.0,62160,10493525.0,1.0,Sudeste,Mata Atlântica,aceitavel,0.131596
ascenty-vinhedo,BR,tratamento,ascenty-vinhedo,,,-23.0700044,-47.0118926,5,2021,2019,declarada_datacentermap,2,pos,28,rf_v1.0-tuned,30,111886,1536.03,5703.12,95.85,2621.43,113.31,0.152539,0.566362,0.009519,0.260327,0.011253,Vinhedo,SP,3556701,0,28.7235,81516.0,62160,12557909.0,1.0,Sudeste,Mata Atlântica,aceitavel,0.131596
ascenty-vinhedo,BR,tratamento,ascenty-vinhedo,,,-23.0700044,-47.0118926,5,2022,2019,declarada_datacentermap,3,pos,28,rf_v1.0-tuned,30,111884,1909.53,5456.7,59.04,2527.11,117.18,0.189634,0.541901,0.005863,0.250965,0.011637,Vinhedo,SP,3556701,0,27.393,76540.0,62160,14061248.0,1.0,Sudeste,Mata Atlântica,aceitavel,0.131596
ctrl-clickip-manaus-p01,BR,controle,clickip-manaus,,,-3.200229,-60.239135,5,2020,2023,declarada_datacentermap,-3,pre,32,rf_v1.0-tuned,10,1004004,6790.9,2683.64,76.67,69.84,418.99,0.676382,0.267294,0.007636,0.006956,0.041732,Iranduba,AM,1301852,0,28.0803,49011.0,902,727697.0,1.0,Norte,Amazônia,ruim,1.369247
ctrl-clickip-manaus-p01,BR,controle,clickip-manaus,,,-3.200229,-60.239135,5,2021,2023,declarada_datacentermap,-2,pre,32,rf_v1.0-tuned,10,1004004,6711.64,2716.36,72.31,70.28,469.45,0.668487,0.270553,0.007202,0.007,0.046758,Iranduba,AM,1301852,0,28.3575,49718.0,902,1001862.0,1.0,Norte,Amazônia,ruim,1.369247
ctrl-clickip-manaus-p01,BR,controle,clickip-manaus,,,-3.200229,-60.239135,5,2022,2023,declarada_datacentermap,-1,pre,32,rf_v1.0-tuned,10,1004004,6714.61,2719.45,94.41,90.94,420.63,0.668783,0.27086,0.009403,0.009058,0.041895,Iranduba,AM,1301852,0,28.4326,61163.0,902,1044312.0,1.0,Norte,Amazônia,ruim,1.369247
ctrl-clickip-manaus-p01,BR,controle,clickip-manaus,,,-3.200229,-60.239135,5,2023,2023,declarada_datacentermap,0,durante,32,rf_v1.0-tuned,10,1004004,6629.67,2833.45,82.9,97.59,396.43,0.660323,0.282215,0.008257,0.00972,0.039485,Iranduba,AM,1301852,0,29.6777,,902,1263496.0,1.0,Norte,Amazônia,ruim,1.369247
ctrl-clickip-manaus-p01,BR,controle,clickip-manaus,,,-3.200229,-60.239135,5,2024,2023,declarada_datacentermap,1,durante,32,rf_v1.0-tuned,10,1004004,6602.75,2856.16,108.14,114.53,358.46,0.657642,0.284477,0.010771,0.011407,0.035703,Iranduba,AM,1301852,0,29.225,67114.0,902,,1.0,Norte,Amazônia,ruim,1.369247
ctrl-clickip-manaus-p01,BR,controle,clickip-manaus,,,-3.200229,-60.239135,5,2025,2023,declarada_datacentermap,2,pos,32,rf_v1.0-tuned,10,1004004,7163.61,2270.63,69.59,93.37,442.84,0.713504,0.226157,0.006931,0.0093,0.044107,Iranduba,AM,1301852,0,27.4376,68862.0,902,,1.0,Norte,Amazônia,ruim,1.369247
clickip-manaus,BR,tratamento,clickip-manaus,,,-3.055564,-59.989801,5,2020,2023,declarada_datacentermap,-3,pre,32,rf_v1.0-tuned,10,1007010,1384.35,1732.46,939.58,6004.47,9.24,0.137471,0.17204,0.093304,0.596267,0.000918,Manaus,AM,1302603,0,35.4074,2219580.0,638987,91773536.0,1.0,Norte,Amazônia,ruim,1.369247
clickip-manaus,BR,tratamento,clickip-manaus,,,-3.055564,-59.989801,5,2021,2023,declarada_datacentermap,-2,pre,32,rf_v1.0-tuned,10,1007010,1317.51,1823.5,822.3,6090.28,16.51,0.130834,0.181081,0.081658,0.604788,0.00164,Manaus,AM,1302603,0,34.1382,2255903.0,638987,103281400.0,1.0,Norte,Amazônia,ruim,1.369247
clickip-manaus,BR,tratamento,clickip-manaus,,,-3.055564,-59.989801,5,2022,2023,declarada_datacentermap,-1,pre,32,rf_v1.0-tuned,10,1007010,1366.22,1614.78,859.77,6220.37,8.96,0.135671,0.160354,0.085378,0.617707,0.00089,Manaus,AM,1302603,0,33.791,2063689.0,638987,113465435.0,1.0,Norte,Amazônia,ruim,1.369247
clickip-manaus,BR,tratamento,clickip-manaus,,,-3.055564,-59.989801,5,2023,2023,declarada_datacentermap,0,durante,32,rf_v1.0-tuned,10,1007010,1221.68,1697.63,858.43,6284.8,7.56,0.121318,0.168581,0.085245,0.624105,0.000751,Manaus,AM,1302603,0,34.6491,,638987,127649795.0,1.0,Norte,Amazônia,ruim,1.369247
clickip-manaus,BR,tratamento,clickip-manaus,,,-3.055564,-59.989801,5,2024,2023,declarada_datacentermap,1,durante,32,rf_v1.0-tuned,10,1007010,1396.97,1468.0,876.45,6321.88,6.8,0.138725,0.145778,0.087035,0.627787,0.000675,Manaus,AM,1302603,0,34.2131,2279686.0,638987,,1.0,Norte,Amazônia,ruim,1.369247
clickip-manaus,BR,tratamento,clickip-manaus,,,-3.055564,-59.989801,5,2025,2023,declarada_datacentermap,2,pos,32,rf_v1.0-tuned,10,1007010,1354.56,1634.62,838.92,6232.5,9.5,0.134513,0.162324,0.083308,0.618911,0.000943,Manaus,AM,1302603,0,30.1198,2303732.0,638987,,1.0,Norte,Amazônia,ruim,1.369247
ctrl-equinix-santana-parnaiba-p01,BR,controle,equinix-santana-parnaiba,,,-23.315899,-46.859912,5,2017,2020,declarada_datacentermap,-3,pre,16,rf_v1.0-tuned,30,111547,5411.43,3315.24,67.86,1228.77,15.93,0.539028,0.330229,0.006759,0.122397,0.001587,Cajamar,SP,3509205,1,24.8501,73921.0,32075,14807216.0,1.0,Sudeste,Mata Atlântica,ruim,0.541542
ctrl-equinix-santana-parnaiba-p01,BR,controle,equinix-santana-parnaiba,,,-23.315899,-46.859912,5,2018,2020,declarada_datacentermap,-2,pre,16,rf_v1.0-tuned,30,110570,5433.03,3246.3,77.94,1177.92,16.11,0.545962,0.326219,0.007832,0.118368,0.001619,Cajamar,SP,3509205,1,24.7691,75638.0,32075,16971943.0,1.0,Sudeste,Mata Atlântica,ruim,0.541542
ctrl-equinix-santana-parnaiba-p01,BR,controle,equinix-santana-parnaiba,,,-23.315899,-46.859912,5,2019,2020,declarada_datacentermap,-1,pre,16,rf_v1.0-tuned,30,111555,5936.85,2848.95,75.42,1160.19,18.54,0.591323,0.283761,0.007512,0.115557,0.001847,Cajamar,SP,3509205,1,25.4108,76801.0,32075,19461581.0,1.0,Sudeste,Mata Atlântica,ruim,0.541542
ctrl-equinix-santana-parnaiba-p01,BR,controle,equinix-santana-parnaiba,,,-23.315899,-46.859912,5,2020,2020,declarada_datacentermap,0,durante,16,rf_v1.0-tuned,30,111329,5949.99,2779.92,74.16,1191.24,24.3,0.593834,0.277448,0.007401,0.118891,0.002425,Cajamar,SP,3509205,1,25.3574,77934.0,32075,21270946.0,1.0,Sudeste,Mata Atlântica,ruim,0.541542
ctrl-equinix-santana-parnaiba-p01,BR,controle,equinix-santana-parnaiba,,,-23.315899,-46.859912,5,2021,2020,declarada_datacentermap,1,durante,16,rf_v1.0-tuned,30,111373,5050.89,3405.69,95.76,1453.14,18.09,0.503901,0.339768,0.009553,0.144972,0.001805,Cajamar,SP,3509205,1,24.8613,79034.0,32075,22713160.0,1.0,Sudeste,Mata Atlântica,ruim,0.541542
ctrl-equinix-santana-parnaiba-p01,BR,controle,equinix-santana-parnaiba,,,-23.315899,-46.859912,5,2022,2020,declarada_datacentermap,2,pos,16,rf_v1.0-tuned,30,111272,5452.47,3021.39,64.8,1451.7,24.12,0.544459,0.301702,0.006471,0.14496,0.002409,Cajamar,SP,3509205,1,24.2207,92689.0,32075,24330164.0,1.0,Sudeste,Mata Atlântica,ruim,0.541542
ctrl-equinix-santana-parnaiba-p01,BR,controle,equinix-santana-parnaiba,,,-23.315899,-46.859912,5,2023,2020,declarada_datacentermap,3,pos,16,rf_v1.0-tuned,30,111412,5720.58,2779.47,87.66,1416.51,22.86,0.570513,0.277196,0.008742,0.141268,0.00228,Cajamar,SP,3509205,1,24.5275,,32075,28984602.0,1.0,Sudeste,Mata Atlântica,ruim,0.541542
equinix-santana-parnaiba,BR,tratamento,equinix-santana-parnaiba,,,-23.460369,-46.859912,5,2017,2020,declarada_datacentermap,-3,pre,16,rf_v1.0-tuned,30,111885,3375.54,2494.35,68.22,4021.38,110.16,0.335219,0.24771,0.006775,0.399356,0.01094,Santana de Parnaíba,SP,3547304,1,26.6903,131887.0,140771,8784815.0,1.0,Sudeste,Mata Atlântica,ruim,0.541542
equinix-santana-parnaiba,BR,tratamento,equinix-santana-parnaiba,,,-23.460369,-46.859912,5,2018,2020,declarada_datacentermap,-2,pre,16,rf_v1.0-tuned,30,111878,3278.16,2587.05,91.8,4004.91,107.1,0.325569,0.256932,0.009117,0.397746,0.010637,Santana de Parnaíba,SP,3547304,1,26.8299,136517.0,140771,9231821.0,1.0,Sudeste,Mata Atlântica,ruim,0.541542
equinix-santana-parnaiba,BR,tratamento,equinix-santana-parnaiba,,,-23.460369,-46.859912,5,2019,2020,declarada_datacentermap,-1,pre,16,rf_v1.0-tuned,30,111890,3738.15,2350.53,72.45,3793.23,115.74,0.371213,0.233417,0.007195,0.376682,0.011493,Santana de Parnaíba,SP,3547304,1,27.446,139447.0,140771,9475380.0,1.0,Sudeste,Mata Atlântica,ruim,0.541542
equinix-santana-parnaiba,BR,tratamento,equinix-santana-parnaiba,,,-23.460369,-46.859912,5,2020,2020,declarada_datacentermap,0,durante,16,rf_v1.0-tuned,30,111882,3465.63,2452.59,66.96,3951.72,132.48,0.344175,0.243569,0.00665,0.392449,0.013157,Santana de Parnaíba,SP,3547304,1,26.9395,142301.0,140771,9962481.0,1.0,Sudeste,Mata Atlântica,ruim,0.541542
equinix-santana-parnaiba,BR,tratamento,equinix-santana-parnaiba,,,-23.460369,-46.859912,5,2021,2020,declarada_datacentermap,1,durante,16,rf_v1.0-tuned,30,111879,3270.24,2409.48,87.66,4192.38,109.35,0.324779,0.239294,0.008706,0.416361,0.01086,Santana de Parnaíba,SP,3547304,1,26.4704,145073.0,140771,11544903.0,1.0,Sudeste,Mata Atlântica,ruim,0.541542
equinix-santana-parnaiba,BR,tratamento,equinix-santana-parnaiba,,,-23.460369,-46.859912,5,2022,2020,declarada_datacentermap,2,pos,16,rf_v1.0-tuned,30,111790,3379.95,2333.25,47.79,4176.36,123.75,0.335942,0.231908,0.00475,0.4151,0.0123,Santana de Parnaíba,SP,3547304,1,25.8109,154105.0,140771,12774324.0,1.0,Sudeste,Mata Atlântica,ruim,0.541542
equinix-santana-parnaiba,BR,tratamento,equinix-santana-parnaiba,,,-23.460369,-46.859912,5,2023,2020,declarada_datacentermap,3,pos,16,rf_v1.0-tuned,30,111733,3655.8,2203.65,50.94,4022.37,123.21,0.363545,0.219138,0.005066,0.399998,0.012252,Santana de Parnaíba,SP,3547304,1,26.196,,140771,14328397.0,1.0,Sudeste,Mata Atlântica,ruim,0.541542
ctrl-everest-goiania-p01,BR,controle,everest-goiania,,,-16.781817,-49.399659,5,2018,2021,declarada_datacentermap,-3,pre,20,rf_v1.0-tuned,30,112225,1271.97,6021.36,117.09,2665.98,23.85,0.125935,0.59616,0.011593,0.263952,0.002361,Goiânia,GO,5208707,0,31.0073,1495705.0,60117,49347603.0,1.0,Centro-Oeste,Cerrado,ruim,0.8661
ctrl-everest-goiania-p01,BR,controle,everest-goiania,,,-16.781817,-49.399659,5,2019,2021,declarada_datacentermap,-2,pre,20,rf_v1.0-tuned,30,112225,1095.93,5601.69,118.17,3257.73,26.73,0.108505,0.554609,0.0117,0.32254,0.002646,Goiânia,GO,5208707,0,32.8081,1516113.0,60117,52978067.0,1.0,Centro-Oeste,Cerrado,ruim,0.8661
ctrl-everest-goiania-p01,BR,controle,everest-goiania,,,-16.781817,-49.399659,5,2020,2021,declarada_datacentermap,-1,pre,20,rf_v1.0-tuned,30,112225,1398.78,5677.56,113.85,2886.21,23.85,0.13849,0.562121,0.011272,0.285756,0.002361,Goiânia,GO,5208707,0,32.4479,1536097.0,60117,51830626.0,1.0,Centro-Oeste,Cerrado,ruim,0.8661
ctrl-everest-goiania-p01,BR,controle,everest-goiania,,,-16.781817,-49.399659,5,2021,2021,declarada_datacentermap,0,durante,20,rf_v1.0-tuned,30,112225,1093.41,5705.46,134.28,3144.78,22.32,0.108256,0.564883,0.013295,0.311357,0.00221,Goiânia,GO,5208707,0,31.4825,1555626.0,60117,59870499.0,1.0,Centro-Oeste,Cerrado,ruim,0.8661
ctrl-everest-goiania-p01,BR,controle,everest-goiania,,,-16.781817,-49.399659,5,2022,2021,declarada_datacentermap,1,durante,20,rf_v1.0-tuned,30,112225,861.93,5617.53,166.5,3430.89,23.4,0.085337,0.556177,0.016485,0.339684,0.002317,Goiânia,GO,5208707,0,31.2662,1437366.0,60117,66273858.0,1.0,Centro-Oeste,Cerrado,ruim,0.8661
ctrl-everest-goiania-p01,BR,controle,everest-goiania,,,-16.781817,-49.399659,5,2023,2021,declarada_datacentermap,2,durante,20,rf_v1.0-tuned,30,112225,1192.68,6041.25,80.19,2760.3,25.83,0.118084,0.598129,0.007939,0.27329,0.002557,Goiânia,GO,5208707,0,31.2719,,60117,75780846.0,1.0,Centro-Oeste,Cerrado,ruim,0.8661
ctrl-everest-goiania-p01,BR,controle,everest-goiania,,,-16.781817,-49.399659,5,2024,2021,declarada_datacentermap,3,pos,20,rf_v1.0-tuned,30,112225,982.44,5180.4,162.81,3750.75,23.85,0.097269,0.512898,0.016119,0.371352,0.002361,Goiânia,GO,5208707,0,30.6301,1494599.0,60117,,1.0,Centro-Oeste,Cerrado,ruim,0.8661
everest-goiania,BR,tratamento,everest-goiania,,,-16.6915189,-49.2371899,5,2018,2021,declarada_datacentermap,-3,pre,20,rf_v1.0-tuned,30,111553,847.71,1891.98,92.43,7167.78,39.87,0.084435,0.188449,0.009206,0.713939,0.003971,Goiânia,GO,5208707,0,34.6203,1495705.0,475527,49347603.0,1.0,Centro-Oeste,Cerrado,ruim,0.8661
everest-goiania,BR,tratamento,everest-goiania,,,-16.6915189,-49.2371899,5,2019,2021,declarada_datacentermap,-2,pre,20,rf_v1.0-tuned,30,111556,719.46,1874.61,83.7,7326.63,35.64,0.071659,0.186713,0.008337,0.729741,0.00355,Goiânia,GO,5208707,0,36.1558,1516113.0,475527,52978067.0,1.0,Centro-Oeste,Cerrado,ruim,0.8661
everest-goiania,BR,tratamento,everest-goiania,,,-16.6915189,-49.2371899,5,2020,2021,declarada_datacentermap,-1,pre,20,rf_v1.0-tuned,30,111556,900.81,1785.51,152.55,7163.01,38.16,0.089722,0.177839,0.015194,0.713444,0.003801,Goiânia,GO,5208707,0,35.4273,1536097.0,475527,51830626.0,1.0,Centro-Oeste,Cerrado,ruim,0.8661
everest-goiania,BR,tratamento,everest-goiania,,,-16.6915189,-49.2371899,5,2021,2021,declarada_datacentermap,0,durante,20,rf_v1.0-tuned,30,111556,720.45,1752.75,119.7,7412.22,34.92,0.071758,0.174576,0.011922,0.738266,0.003478,Goiânia,GO,5208707,0,34.9373,1555626.0,475527,59870499.0,1.0,Centro-Oeste,Cerrado,ruim,0.8661
everest-goiania,BR,tratamento,everest-goiania,,,-16.6915189,-49.2371899,5,2022,2021,declarada_datacentermap,1,durante,20,rf_v1.0-tuned,30,111556,609.21,1692.63,115.38,7587.09,35.73,0.060678,0.168588,0.011492,0.755683,0.003559,Goiânia,GO,5208707,0,34.2104,1437366.0,475527,66273858.0,1.0,Centro-Oeste,Cerrado,ruim,0.8661
everest-goiania,BR,tratamento,everest-goiania,,,-16.6915189,-49.2371899,5,2023,2021,declarada_datacentermap,2,durante,20,rf_v1.0-tuned,30,111556,915.03,1811.97,84.42,7191.0,37.62,0.091138,0.180474,0.008408,0.716232,0.003747,Goiânia,GO,5208707,0,34.1233,,475527,75780846.0,1.0,Centro-Oeste,Cerrado,ruim,0.8661
everest-goiania,BR,tratamento,everest-goiania,,,-16.6915189,-49.2371899,5,2024,2021,declarada_datacentermap,3,pos,20,rf_v1.0-tuned,30,111556,705.96,1538.01,99.99,7660.53,35.55,0.070314,0.153188,0.009959,0.762998,0.003541,Goiânia,GO,5208707,0,32.998,1494599.0,475527,,1.0,Centro-Oeste,Cerrado,ruim,0.8661
ctrl-hostdime-joao-pessoa-p01,BR,controle,hostdime-joao-pessoa,,,-7.257127,-34.819403,5,2014,2017,declarada_datacentermap,-3,pre,16,rf_v1.0-tuned,30,111429,2156.04,3663.72,31.41,929.16,3248.28,0.214989,0.365327,0.003132,0.092651,0.323901,Conde,PB,2504603,0,29.1769,,-15016,563976.0,2.0,Nordeste,Mata Atlântica,ruim,0.655163
ctrl-hostdime-joao-pessoa-p01,BR,controle,hostdime-joao-pessoa,,,-7.257127,-34.819403,5,2015,2017,declarada_datacentermap,-2,pre,16,rf_v1.0-tuned,30,110631,1604.43,3742.38,65.79,1312.92,3231.27,0.161139,0.375862,0.006608,0.131862,0.324529,Conde,PB,2504603,0,29.884,,-15016,567721.0,2.0,Nordeste,Mata Atlântica,ruim,0.655163
ctrl-hostdime-joao-pessoa-p01,BR,controle,hostdime-joao-pessoa,,,-7.257127,-34.819403,5,2016,2017,declarada_datacentermap,-1,pre,16,rf_v1.0-tuned,30,109485,1589.85,3761.91,68.58,1207.35,3225.96,0.161346,0.381778,0.00696,0.122528,0.327387,Conde,PB,2504603,0,30.1354,24380.0,-15016,592787.0,2.0,Nordeste,Mata Atlântica,ruim,0.655163
ctrl-hostdime-joao-pessoa-p01,BR,controle,hostdime-joao-pessoa,,,-7.257127,-34.819403,5,2017,2017,declarada_datacentermap,0,durante,16,rf_v1.0-tuned,30,110700,2034.27,3665.07,47.34,1062.54,3153.78,0.204182,0.367868,0.004752,0.106649,0.316549,Conde,PB,2504603,0,29.3324,24769.0,-15016,636152.0,2.0,Nordeste,Mata Atlântica,ruim,0.655163
ctrl-hostdime-joao-pessoa-p01,BR,controle,hostdime-joao-pessoa,,,-7.257127,-34.819403,5,2018,2017,declarada_datacentermap,1,pos,16,rf_v1.0-tuned,30,111552,1565.91,3878.19,59.4,1308.42,3227.76,0.155972,0.386286,0.005917,0.130325,0.3215,Conde,PB,2504603,0,29.6155,24323.0,-15016,712621.0,2.0,Nordeste,Mata Atlântica,ruim,0.655163
ctrl-hostdime-joao-pessoa-p01,BR,controle,hostdime-joao-pessoa,,,-7.257127,-34.819403,5,2019,2017,declarada_datacentermap,2,pos,16,rf_v1.0-tuned,30,109919,1600.47,3691.35,72.9,1343.7,3184.29,0.161783,0.373138,0.007369,0.135827,0.321882,Conde,PB,2504603,0,30.0655,24670.0,-15016,809844.0,2.0,Nordeste,Mata Atlântica,ruim,0.655163
ctrl-hostdime-joao-pessoa-p01,BR,controle,hostdime-joao-pessoa,,,-7.257127,-34.819403,5,2020,2017,declarada_datacentermap,3,pos,16,rf_v1.0-tuned,30,107724,1442.16,3739.05,49.32,1232.28,3232.35,0.148751,0.385662,0.005087,0.127103,0.333398,Conde,PB,2504603,0,30.154,25010.0,-15016,890607.0,2.0,Nordeste,Mata Atlântica,ruim,0.655163
hostdime-joao-pessoa,BR,tratamento,hostdime-joao-pessoa,,,-7.117382,-34.856902,5,2014,2017,declarada_datacentermap,-3,pre,16,rf_v1.0-tuned,30,106060,2003.04,2149.2,67.95,3665.34,1659.87,0.209843,0.225156,0.007119,0.38399,0.173892,João Pessoa,PB,2507507,0,29.9434,,390135,17449530.0,2.0,Nordeste,Mata Atlântica,ruim,0.655163
hostdime-joao-pessoa,BR,tratamento,hostdime-joao-pessoa,,,-7.117382,-34.856902,5,2015,2017,declarada_datacentermap,-2,pre,16,rf_v1.0-tuned,30,104086,1783.08,1884.33,88.29,3923.01,1689.03,0.190343,0.201151,0.009425,0.418779,0.180303,João Pessoa,PB,2507507,0,30.2141,,390135,18272539.0,2.0,Nordeste,Mata Atlântica,ruim,0.655163
hostdime-joao-pessoa,BR,tratamento,hostdime-joao-pessoa,,,-7.117382,-34.856902,5,2016,2017,declarada_datacentermap,-1,pre,16,rf_v1.0-tuned,30,105573,1874.88,1893.6,85.5,3915.54,1732.05,0.197323,0.199293,0.008999,0.412094,0.182291,João Pessoa,PB,2507507,0,30.2615,801718.0,390135,18740050.0,2.0,Nordeste,Mata Atlântica,ruim,0.655163
hostdime-joao-pessoa,BR,tratamento,hostdime-joao-pessoa,,,-7.117382,-34.856902,5,2017,2017,declarada_datacentermap,0,durante,16,rf_v1.0-tuned,30,104134,1790.19,2116.35,72.72,3626.91,1765.89,0.191014,0.225815,0.007759,0.386992,0.188421,João Pessoa,PB,2507507,0,29.0837,811598.0,390135,19740717.0,2.0,Nordeste,Mata Atlântica,ruim,0.655163
hostdime-joao-pessoa,BR,tratamento,hostdime-joao-pessoa,,,-7.117382,-34.856902,5,2018,2017,declarada_datacentermap,1,pos,16,rf_v1.0-tuned,30,111534,1895.31,2013.93,111.51,4163.58,1853.73,0.188812,0.200629,0.011109,0.414779,0.18467,João Pessoa,PB,2507507,0,29.7931,800323.0,390135,19810216.0,2.0,Nordeste,Mata Atlântica,ruim,0.655163
hostdime-joao-pessoa,BR,tratamento,hostdime-joao-pessoa,,,-7.117382,-34.856902,5,2019,2017,declarada_datacentermap,2,pos,16,rf_v1.0-tuned,30,105640,1553.76,2202.75,99.45,3888.63,1763.01,0.163423,0.231683,0.01046,0.409002,0.185432,João Pessoa,PB,2507507,0,29.9221,809015.0,390135,20846014.0,2.0,Nordeste,Mata Atlântica,ruim,0.655163
hostdime-joao-pessoa,BR,tratamento,hostdime-joao-pessoa,,,-7.117382,-34.856902,5,2020,2017,declarada_datacentermap,3,pos,16,rf_v1.0-tuned,30,107507,1594.17,2246.67,119.43,3899.43,1815.93,0.164761,0.232199,0.012343,0.403016,0.187681,João Pessoa,PB,2507507,0,30.4548,817511.0,390135,20728227.0,2.0,Nordeste,Mata Atlântica,ruim,0.655163
ctrl-scala-sgigsm01-p01,BR,controle,scala-sgigsm01,,,-22.872066,-43.48887,5,2019,2022,declarada_datacentermap,-3,pre,16,rf_v1.0-tuned,10,1004004,2368.48,3065.85,664.4,3923.53,17.78,0.235903,0.305362,0.066175,0.390788,0.001771,Rio de Janeiro,RJ,3304557,1,32.0025,6718903.0,547136,354932611.0,1.0,Sudeste,Mata Atlântica,ruim,0.862406
ctrl-scala-sgigsm01-p01,BR,controle,scala-sgigsm01,,,-22.872066,-43.48887,5,2020,2022,declarada_datacentermap,-2,pre,16,rf_v1.0-tuned,10,1004004,2145.85,3085.32,631.89,4157.25,19.73,0.213729,0.307302,0.062937,0.414067,0.001965,Rio de Janeiro,RJ,3304557,1,31.5761,6747815.0,547136,331471515.0,1.0,Sudeste,Mata Atlântica,ruim,0.862406
ctrl-scala-sgigsm01-p01,BR,controle,scala-sgigsm01,,,-22.872066,-43.48887,5,2021,2022,declarada_datacentermap,-1,pre,16,rf_v1.0-tuned,10,1004004,1974.55,3365.45,623.69,4066.58,9.77,0.196668,0.335203,0.06212,0.405036,0.000973,Rio de Janeiro,RJ,3304557,1,31.2014,6775561.0,547136,359632648.0,1.0,Sudeste,Mata Atlântica,ruim,0.862406
ctrl-scala-sgigsm01-p01,BR,controle,scala-sgigsm01,,,-22.872066,-43.48887,5,2022,2022,declarada_datacentermap,0,durante,16,rf_v1.0-tuned,10,1004004,2774.28,2881.52,475.79,3891.11,17.34,0.276322,0.287003,0.047389,0.387559,0.001727,Rio de Janeiro,RJ,3304557,1,29.5666,6211223.0,547136,380381515.0,1.0,Sudeste,Mata Atlântica,ruim,0.862406
ctrl-scala-sgigsm01-p01,BR,controle,scala-sgigsm01,,,-22.872066,-43.48887,5,2023,2022,declarada_datacentermap,1,durante,16,rf_v1.0-tuned,10,1004004,2472.33,2744.93,575.33,4223.25,24.2,0.246247,0.273398,0.057304,0.420641,0.00241,Rio de Janeiro,RJ,3304557,1,30.4342,,547136,418462360.0,1.0,Sudeste,Mata Atlântica,ruim,0.862406
ctrl-scala-sgigsm01-p01,BR,controle,scala-sgigsm01,,,-22.872066,-43.48887,5,2024,2022,declarada_datacentermap,2,pos,16,rf_v1.0-tuned,10,1004004,2010.82,3164.46,459.18,4397.59,7.99,0.20028,0.315184,0.045735,0.438005,0.000796,Rio de Janeiro,RJ,3304557,1,30.2132,6729894.0,547136,,1.0,Sudeste,Mata Atlântica,ruim,0.862406
ctrl-scala-sgigsm01-p01,BR,controle,scala-sgigsm01,,,-22.872066,-43.48887,5,2025,2022,declarada_datacentermap,3,pos,16,rf_v1.0-tuned,10,1004004,2539.25,3057.91,514.4,3917.57,10.91,0.252912,0.304571,0.051235,0.390195,0.001087,Rio de Janeiro,RJ,3304557,1,27.9722,6730729.0,547136,,1.0,Sudeste,Mata Atlântica,ruim,0.862406
scala-sgigsm01,BR,tratamento,scala-sgigsm01,,,-22.799883,-43.353842,5,2019,2022,declarada_datacentermap,-3,pre,16,rf_v1.0-tuned,10,1007010,268.0,770.29,1277.49,7683.15,71.17,0.026613,0.076493,0.12686,0.762967,0.007067,São João de Meriti,RJ,3305109,1,34.9697,472406.0,1040982,9746519.0,1.0,Sudeste,Mata Atlântica,ruim,0.862406
scala-sgigsm01,BR,tratamento,scala-sgigsm01,,,-22.799883,-43.353842,5,2020,2022,declarada_datacentermap,-2,pre,16,rf_v1.0-tuned,10,1007010,294.73,763.09,1209.52,7725.58,77.18,0.029268,0.075778,0.12011,0.76718,0.007664,São João de Meriti,RJ,3305109,1,34.386,472906.0,1040982,9112402.0,1.0,Sudeste,Mata Atlântica,ruim,0.862406
scala-sgigsm01,BR,tratamento,scala-sgigsm01,,,-22.799883,-43.353842,5,2021,2022,declarada_datacentermap,-1,pre,16,rf_v1.0-tuned,10,1007010,258.33,755.41,1209.99,7776.49,69.88,0.025653,0.075015,0.120157,0.772236,0.006939,São João de Meriti,RJ,3305109,1,33.8281,473385.0,1040982,8963716.0,1.0,Sudeste,Mata Atlântica,ruim,0.862406
scala-sgigsm01,BR,tratamento,scala-sgigsm01,,,-22.799883,-43.353842,5,2022,2022,declarada_datacentermap,0,durante,16,rf_v1.0-tuned,10,1007010,381.65,733.08,1043.34,7829.19,82.84,0.037899,0.072798,0.103608,0.777469,0.008226,São João de Meriti,RJ,3305109,1,32.5714,440962.0,1040982,10615039.0,1.0,Sudeste,Mata Atlântica,ruim,0.862406
scala-sgigsm01,BR,tratamento,scala-sgigsm01,,,-22.799883,-43.353842,5,2023,2022,declarada_datacentermap,1,durante,16,rf_v1.0-tuned,10,1007010,363.11,614.25,1245.58,7765.06,82.1,0.036058,0.060997,0.123691,0.771101,0.008153,São João de Meriti,RJ,3305109,1,33.2728,,1040982,11534047.0,1.0,Sudeste,Mata Atlântica,ruim,0.862406
scala-sgigsm01,BR,tratamento,scala-sgigsm01,,,-22.799883,-43.353842,5,2024,2022,declarada_datacentermap,2,pos,16,rf_v1.0-tuned,10,1007010,293.5,720.6,1050.12,7938.75,67.13,0.029146,0.071558,0.104281,0.788349,0.006666,São João de Meriti,RJ,3305109,1,32.5036,466536.0,1040982,,1.0,Sudeste,Mata Atlântica,ruim,0.862406
scala-sgigsm01,BR,tratamento,scala-sgigsm01,,,-22.799883,-43.353842,5,2025,2022,declarada_datacentermap,3,pos,16,rf_v1.0-tuned,10,1007010,356.22,790.22,1158.93,7690.37,74.36,0.035374,0.078472,0.115086,0.763684,0.007384,São João de Meriti,RJ,3305109,1,29.8121,466503.0,1040982,,1.0,Sudeste,Mata Atlântica,ruim,0.862406
ctrl-scala-spoapa01-p01,BR,controle,scala-spoapa01,,,-29.828483,-51.144592,5,2020,2023,declarada_datacentermap,-3,pre,20,rf_v1.0-tuned,10,1004004,2808.46,2348.86,1428.99,3104.44,349.29,0.279726,0.233949,0.142329,0.309206,0.03479,Sapucaia do Sul,RS,4320008,1,27.3368,141808.0,246343,3492827.0,1.0,Sul,Mata Atlântica,ruim,0.489003
ctrl-scala-spoapa01-p01,BR,controle,scala-spoapa01,,,-29.828483,-51.144592,5,2021,2023,declarada_datacentermap,-2,pre,20,rf_v1.0-tuned,10,1004004,2824.49,2293.75,1215.79,3424.82,281.19,0.281323,0.22846,0.121094,0.341116,0.028007,Sapucaia do Sul,RS,4320008,1,27.3015,142508.0,246343,4204086.0,1.0,Sul,Mata Atlântica,ruim,0.489003
ctrl-scala-spoapa01-p01,BR,controle,scala-spoapa01,,,-29.828483,-51.144592,5,2022,2023,declarada_datacentermap,-1,pre,20,rf_v1.0-tuned,10,1004004,3138.16,2032.83,1152.49,3383.98,332.58,0.312564,0.202472,0.114789,0.337048,0.033125,Sapucaia do Sul,RS,4320008,1,25.7464,132107.0,246343,4378885.0,1.0,Sul,Mata Atlântica,ruim,0.489003
ctrl-scala-spoapa01-p01,BR,controle,scala-spoapa01,,,-29.828483,-51.144592,5,2023,2023,declarada_datacentermap,0,durante,20,rf_v1.0-tuned,10,1004004,3032.25,2139.61,1169.57,3383.74,314.87,0.302016,0.213108,0.116491,0.337025,0.031361,Sapucaia do Sul,RS,4320008,1,26.1875,,246343,4729408.0,1.0,Sul,Mata Atlântica,ruim,0.489003
ctrl-scala-spoapa01-p01,BR,controle,scala-spoapa01,,,-29.828483,-51.144592,5,2024,2023,declarada_datacentermap,1,pos,20,rf_v1.0-tuned,10,1004004,2893.84,2118.72,903.22,3668.76,455.5,0.28823,0.211027,0.089962,0.365413,0.045368,Sapucaia do Sul,RS,4320008,1,25.0638,136542.0,246343,,1.0,Sul,Mata Atlântica,ruim,0.489003
ctrl-scala-spoapa01-p01,BR,controle,scala-spoapa01,,,-29.828483,-51.144592,5,2025,2023,declarada_datacentermap,2,pos,20,rf_v1.0-tuned,10,1004004,3011.89,1970.53,1270.0,3300.31,487.31,0.299988,0.196267,0.126494,0.328715,0.048537,Sapucaia do Sul,RS,4320008,1,23.2679,136572.0,246343,,1.0,Sul,Mata Atlântica,ruim,0.489003
scala-spoapa01,BR,tratamento,scala-spoapa01,,,-30.002768,-51.198149,5,2020,2023,declarada_datacentermap,-3,pre,20,rf_v1.0-tuned,10,1004004,1183.19,1375.03,1874.14,3403.65,2204.03,0.117847,0.136955,0.186667,0.339008,0.219524,Porto Alegre,RS,4314902,1,25.075,1488252.0,390791,75976656.0,1.0,Sul,Mata Atlântica,ruim,0.489003
scala-spoapa01,BR,tratamento,scala-spoapa01,,,-30.002768,-51.198149,5,2021,2023,declarada_datacentermap,-2,pre,20,rf_v1.0-tuned,10,1004004,1166.22,1477.17,1607.7,3643.86,2145.09,0.116157,0.147128,0.160129,0.362933,0.213654,Porto Alegre,RS,4314902,1,24.8342,1492530.0,390791,81563063.0,1.0,Sul,Mata Atlântica,ruim,0.489003
scala-spoapa01,BR,tratamento,scala-spoapa01,,,-30.002768,-51.198149,5,2022,2023,declarada_datacentermap,-1,pre,20,rf_v1.0-tuned,10,1004004,1536.2,1179.99,1548.31,3622.1,2153.44,0.153007,0.117528,0.154214,0.360765,0.214485,Porto Alegre,RS,4314902,1,23.9578,1332845.0,390791,90214952.0,1.0,Sul,Mata Atlântica,ruim,0.489003
scala-spoapa01,BR,tratamento,scala-spoapa01,,,-30.002768,-51.198149,5,2023,2023,declarada_datacentermap,0,durante,20,rf_v1.0-tuned,10,1004004,1409.91,1293.34,1576.82,3610.62,2149.35,0.140429,0.128818,0.157053,0.359622,0.214078,Porto Alegre,RS,4314902,1,24.0625,,390791,104743272.0,1.0,Sul,Mata Atlântica,ruim,0.489003
scala-spoapa01,BR,tratamento,scala-spoapa01,,,-30.002768,-51.198149,5,2024,2023,declarada_datacentermap,1,pos,20,rf_v1.0-tuned,10,1004004,881.96,939.91,1407.95,3991.2,2819.02,0.087844,0.093616,0.140234,0.397528,0.280778,Porto Alegre,RS,4314902,1,23.8403,1389322.0,390791,,1.0,Sul,Mata Atlântica,ruim,0.489003
scala-spoapa01,BR,tratamento,scala-spoapa01,,,-30.002768,-51.198149,5,2025,2023,declarada_datacentermap,2,pos,20,rf_v1.0-tuned,10,1004004,1184.74,1160.26,1704.7,3540.47,2449.87,0.118002,0.115563,0.16979,0.352635,0.24401,Porto Alegre,RS,4314902,1,22.1284,1388794.0,390791,,1.0,Sul,Mata Atlântica,ruim,0.489003
ctrl-scala-tambore-p01,BR,controle,scala-tambore,,,-23.404447,-46.982529,5,2018,2021,declarada_datacentermap,-3,pre,20,rf_v1.0-tuned,30,112225,4513.32,4270.32,85.77,895.77,335.07,0.446852,0.422793,0.008492,0.088688,0.033174,Pirapora do Bom Jesus,SP,3539103,0,24.72,18604.0,19830,448449.0,1.0,Sudeste,Mata Atlântica,ruim,1.06251
ctrl-scala-tambore-p01,BR,controle,scala-tambore,,,-23.404447,-46.982529,5,2019,2021,declarada_datacentermap,-2,pre,20,rf_v1.0-tuned,30,112225,5464.98,3547.44,46.35,659.88,381.6,0.541074,0.351223,0.004589,0.065333,0.037781,Pirapora do Bom Jesus,SP,3539103,0,24.8619,18895.0,19830,525826.0,1.0,Sudeste,Mata Atlântica,ruim,1.06251
ctrl-scala-tambore-p01,BR,controle,scala-tambore,,,-23.404447,-46.982529,5,2020,2021,declarada_datacentermap,-1,pre,20,rf_v1.0-tuned,30,112218,5056.38,3899.16,55.98,714.06,374.04,0.500651,0.38607,0.005543,0.070702,0.037035,Pirapora do Bom Jesus,SP,3539103,0,25.1375,19178.0,19830,516395.0,1.0,Sudeste,Mata Atlântica,ruim,1.06251
ctrl-scala-tambore-p01,BR,controle,scala-tambore,,,-23.404447,-46.982529,5,2021,2021,declarada_datacentermap,0,durante,20,rf_v1.0-tuned,30,112216,4504.05,4314.51,67.77,909.09,304.02,0.44597,0.427203,0.00671,0.090014,0.030103,Pirapora do Bom Jesus,SP,3539103,0,24.5238,19453.0,19830,826672.0,1.0,Sudeste,Mata Atlântica,ruim,1.06251
ctrl-scala-tambore-p01,BR,controle,scala-tambore,,,-23.404447,-46.982529,5,2022,2021,declarada_datacentermap,1,durante,20,rf_v1.0-tuned,30,112116,4324.14,4547.97,55.08,859.23,304.02,0.428538,0.450721,0.005459,0.085153,0.03013,Pirapora do Bom Jesus,SP,3539103,0,24.0928,18370.0,19830,713385.0,1.0,Sudeste,Mata Atlântica,ruim,1.06251
ctrl-scala-tambore-p01,BR,controle,scala-tambore,,,-23.404447,-46.982529,5,2023,2021,declarada_datacentermap,2,durante,20,rf_v1.0-tuned,30,112219,5173.56,3735.0,55.26,709.92,425.97,0.512248,0.369813,0.005471,0.070291,0.042176,Pirapora do Bom Jesus,SP,3539103,0,24.1777,,19830,693314.0,1.0,Sudeste,Mata Atlântica,ruim,1.06251
ctrl-scala-tambore-p01,BR,controle,scala-tambore,,,-23.404447,-46.982529,5,2024,2021,declarada_datacentermap,3,pos,20,rf_v1.0-tuned,30,112221,4897.89,3901.86,48.69,806.85,444.6,0.484945,0.386327,0.004821,0.079887,0.04402,Pirapora do Bom Jesus,SP,3539103,0,24.1442,18836.0,19830,,1.0,Sudeste,Mata Atlântica,ruim,1.06251
scala-tambore,BR,tratamento,scala-tambore,,,-23.4948321,-46.8130769,5,2018,2021,declarada_datacentermap,-3,pre,20,rf_v1.0-tuned,30,111875,2209.23,1647.63,83.34,6042.87,85.68,0.219415,0.163638,0.008277,0.600161,0.008509,Barueri,SP,3505708,0,28.8024,271306.0,442047,50562704.0,1.0,Sudeste,Mata Atlântica,ruim,1.06251
scala-tambore,BR,tratamento,scala-tambore,,,-23.4948321,-46.8130769,5,2019,2021,declarada_datacentermap,-2,pre,20,rf_v1.0-tuned,30,111889,2416.86,1584.9,79.38,5892.48,96.39,0.240006,0.157388,0.007883,0.585151,0.009572,Barueri,SP,3505708,0,29.3503,274182.0,442047,52744931.0,1.0,Sudeste,Mata Atlântica,ruim,1.06251
scala-tambore,BR,tratamento,scala-tambore,,,-23.4948321,-46.8130769,5,2020,2021,declarada_datacentermap,-1,pre,20,rf_v1.0-tuned,30,111875,2227.59,1592.28,103.14,6013.62,132.12,0.221238,0.158141,0.010244,0.597256,0.013122,Barueri,SP,3505708,0,28.9587,276982.0,442047,51600338.0,1.0,Sudeste,Mata Atlântica,ruim,1.06251
scala-tambore,BR,tratamento,scala-tambore,,,-23.4948321,-46.8130769,5,2021,2021,declarada_datacentermap,0,durante,20,rf_v1.0-tuned,30,111877,2098.98,1610.1,104.58,6169.05,86.22,0.208461,0.159908,0.010386,0.612682,0.008563,Barueri,SP,3505708,0,28.4793,279704.0,442047,58027667.0,1.0,Sudeste,Mata Atlântica,ruim,1.06251
scala-tambore,BR,tratamento,scala-tambore,,,-23.4948321,-46.8130769,5,2022,2021,declarada_datacentermap,1,durante,20,rf_v1.0-tuned,30,111624,2178.81,1545.75,95.67,6132.87,93.06,0.21688,0.153865,0.009523,0.610469,0.009263,Barueri,SP,3505708,0,27.5789,316473.0,442047,69665769.0,1.0,Sudeste,Mata Atlântica,ruim,1.06251
scala-tambore,BR,tratamento,scala-tambore,,,-23.4948321,-46.8130769,5,2023,2021,declarada_datacentermap,2,durante,20,rf_v1.0-tuned,30,111578,2391.21,1471.5,74.7,6000.48,104.13,0.23812,0.146534,0.007439,0.597537,0.010369,Barueri,SP,3505708,0,28.1973,,442047,71646710.0,1.0,Sudeste,Mata Atlântica,ruim,1.06251
scala-tambore,BR,tratamento,scala-tambore,,,-23.4948321,-46.8130769,5,2024,2021,declarada_datacentermap,3,pos,20,rf_v1.0-tuned,30,111856,2346.57,1454.94,81.9,6075.81,107.82,0.233094,0.144525,0.008135,0.603535,0.01071,Barueri,SP,3505708,0,27.482,330339.0,442047,,1.0,Sudeste,Mata Atlântica,ruim,1.06251
ctrl-us-0011,EUA,controle,us-0011,,,39.428946,-84.412113,5,2019,2022,dynamic_world,-3,pre,15,dynamic_world,20,251726,2601.08,2980.72,90.4,4166.4,230.44,0.258325,0.296028,0.008978,0.413783,0.022886,Butler,OH,39017,0,20.1226,,27973,,,Midwest,Floresta temperada decídua,ruim,0.612763
ctrl-us-0011,EUA,controle,us-0011,,,39.428946,-84.412113,5,2020,2022,dynamic_world,-2,pre,15,dynamic_world,20,251726,2601.36,2882.12,55.12,4290.16,240.28,0.258352,0.286236,0.005474,0.426074,0.023863,Butler,OH,39017,0,20.7443,,27973,,,Midwest,Floresta temperada decídua,ruim,0.612763
ctrl-us-0011,EUA,controle,us-0011,,,39.428946,-84.412113,5,2021,2022,dynamic_world,-1,pre,15,dynamic_world,20,251726,2602.24,2800.4,72.32,4355.8,238.28,0.25844,0.27812,0.007182,0.432593,0.023665,Butler,OH,39017,0,20.325,,27973,,,Midwest,Floresta temperada decídua,ruim,0.612763
ctrl-us-0011,EUA,controle,us-0011,,,39.428946,-84.412113,5,2022,2022,dynamic_world,0,durante,15,dynamic_world,20,251727,2373.6,2930.2,80.08,4451.68,233.52,0.235732,0.29101,0.007953,0.442114,0.023192,Butler,OH,39017,0,19.0523,,27973,,,Midwest,Floresta temperada decídua,ruim,0.612763
ctrl-us-0011,EUA,controle,us-0011,,,39.428946,-84.412113,5,2023,2022,dynamic_world,1,durante,15,dynamic_world,20,251726,2206.16,2879.52,68.32,4676.92,238.12,0.219103,0.285978,0.006785,0.464485,0.023649,Butler,OH,39017,0,19.8284,,27973,,,Midwest,Floresta temperada decídua,ruim,0.612763
ctrl-us-0011,EUA,controle,us-0011,,,39.428946,-84.412113,5,2024,2022,dynamic_world,2,pos,15,dynamic_world,20,251726,2511.08,2712.24,61.0,4570.04,214.68,0.249386,0.269364,0.006058,0.45387,0.021321,Butler,OH,39017,0,19.6903,,27973,,,Midwest,Floresta temperada decídua,ruim,0.612763
ctrl-us-0011,EUA,controle,us-0011,,,39.428946,-84.412113,5,2025,2022,dynamic_world,3,pos,15,dynamic_world,20,251727,2915.48,2547.04,70.88,4327.84,207.84,0.289548,0.252957,0.007039,0.429815,0.020641,Butler,OH,39017,0,17.1955,,27973,,,Midwest,Floresta temperada decídua,ruim,0.612763
us-0011,EUA,tratamento,,,,39.294048,-84.412113,5,2019,2022,dynamic_world,-3,pre,15,dynamic_world,20,251242,2011.32,546.12,110.4,7268.2,113.64,0.200138,0.054342,0.010985,0.723227,0.011308,Hamilton,OH,39061,1,22.3847,,37924,,,Midwest,Floresta temperada decídua,ruim,0.612763
us-0011,EUA,tratamento,,,,39.294048,-84.412113,5,2020,2022,dynamic_world,-2,pre,15,dynamic_world,20,251239,2029.16,549.6,93.56,7259.68,117.56,0.201915,0.054689,0.00931,0.722388,0.011698,Hamilton,OH,39061,1,21.5989,,37924,,,Midwest,Floresta temperada decídua,ruim,0.612763
us-0011,EUA,tratamento,,,,39.294048,-84.412113,5,2021,2022,dynamic_world,-1,pre,15,dynamic_world,20,251241,1864.84,555.88,84.6,7425.68,118.64,0.185563,0.055313,0.008418,0.7389,0.011805,Hamilton,OH,39061,1,22.4556,,37924,,,Midwest,Floresta temperada decídua,ruim,0.612763
us-0011,EUA,tratamento,,,,39.294048,-84.412113,5,2022,2022,dynamic_world,0,durante,15,dynamic_world,20,251241,1747.84,571.92,83.48,7525.0,121.4,0.173921,0.05691,0.008307,0.748783,0.01208,Hamilton,OH,39061,1,21.064,,37924,,,Midwest,Floresta temperada decídua,ruim,0.612763
us-0011,EUA,tratamento,,,,39.294048,-84.412113,5,2023,2022,dynamic_world,1,durante,15,dynamic_world,20,251240,1489.68,548.4,70.64,7815.88,125.0,0.148233,0.054569,0.007029,0.77773,0.012438,Hamilton,OH,39061,1,21.7801,,37924,,,Midwest,Floresta temperada decídua,ruim,0.612763
us-0011,EUA,tratamento,,,,39.294048,-84.412113,5,2024,2022,dynamic_world,2,pos,15,dynamic_world,20,251239,1914.64,500.28,86.2,7439.72,108.72,0.19052,0.049781,0.008577,0.740303,0.010818,Hamilton,OH,39061,1,21.5959,,37924,,,Midwest,Floresta temperada decídua,ruim,0.612763
us-0011,EUA,tratamento,,,,39.294048,-84.412113,5,2025,2022,dynamic_world,3,pos,15,dynamic_world,20,251240,2363.68,443.64,94.4,7044.32,103.56,0.235201,0.044145,0.009393,0.700955,0.010305,Hamilton,OH,39061,1,18.1395,,37924,,,Midwest,Floresta temperada decídua,ruim,0.612763
ctrl-us-0062,EUA,controle,us-0062,,,41.704268,-88.116694,5,2019,2022,dynamic_world,-3,pre,15,dynamic_world,20,260433,1590.0,968.88,267.04,7189.12,402.28,0.15263,0.093007,0.025634,0.690112,0.038616,Will,IL,17197,0,18.7253,,108222,,,Midwest,Campos temperados,ruim,0.237835
ctrl-us-0062,EUA,controle,us-0062,,,41.704268,-88.116694,5,2020,2022,dynamic_world,-2,pre,15,dynamic_world,20,260433,1504.36,1046.96,254.76,7241.0,370.24,0.14441,0.100502,0.024455,0.695092,0.035541,Will,IL,17197,0,18.9643,,108222,,,Midwest,Campos temperados,ruim,0.237835
ctrl-us-0062,EUA,controle,us-0062,,,41.704268,-88.116694,5,2021,2022,dynamic_world,-1,pre,15,dynamic_world,20,260433,1351.68,1088.84,301.2,7287.72,387.88,0.129753,0.104522,0.028913,0.699577,0.037234,Will,IL,17197,0,18.7495,,108222,,,Midwest,Campos temperados,ruim,0.237835
ctrl-us-0062,EUA,controle,us-0062,,,41.704268,-88.116694,5,2022,2022,dynamic_world,0,durante,15,dynamic_world,20,260432,1404.08,1002.92,281.0,7350.68,378.6,0.134784,0.096275,0.026974,0.705624,0.036343,Will,IL,17197,0,17.3423,,108222,,,Midwest,Campos temperados,ruim,0.237835
ctrl-us-0062,EUA,controle,us-0062,,,41.704268,-88.116694,5,2023,2022,dynamic_world,1,durante,15,dynamic_world,20,260433,1631.56,777.8,258.88,7373.56,375.52,0.15662,0.074664,0.024851,0.707817,0.036048,Will,IL,17197,0,19.2587,,108222,,,Midwest,Campos temperados,ruim,0.237835
ctrl-us-0062,EUA,controle,us-0062,,,41.704268,-88.116694,5,2024,2022,dynamic_world,2,pos,15,dynamic_world,20,260434,1498.08,940.4,221.08,7409.52,348.28,0.143806,0.090272,0.021222,0.711267,0.033433,Will,IL,17197,0,18.9576,,108222,,,Midwest,Campos temperados,ruim,0.237835
ctrl-us-0062,EUA,controle,us-0062,,,41.704268,-88.116694,5,2025,2022,dynamic_world,3,pos,15,dynamic_world,20,260433,1916.8,732.08,251.52,7185.16,331.76,0.184001,0.070275,0.024144,0.689732,0.031847,Will,IL,17197,0,15.7067,,108222,,,Midwest,Campos temperados,ruim,0.237835
us-0062,EUA,tratamento,,CyrusOne CHI3,CyrusOne,41.799726,-88.244459,5,2019,2022,dynamic_world,-3,pre,15,dynamic_world,20,260821,2123.52,1598.44,173.52,5941.64,595.72,0.203542,0.153212,0.016632,0.569513,0.0571,DuPage,IL,17043,5,18.4331,,64655,,,Midwest,Campos temperados,ruim,0.237835
us-0062,EUA,tratamento,,CyrusOne CHI3,CyrusOne,41.799726,-88.244459,5,2020,2022,dynamic_world,-2,pre,15,dynamic_world,20,260821,1862.76,1601.96,101.68,6314.36,552.08,0.178548,0.15355,0.009746,0.605239,0.052918,DuPage,IL,17043,5,18.5507,,64655,,,Midwest,Campos temperados,ruim,0.237835
us-0062,EUA,tratamento,,CyrusOne CHI3,CyrusOne,41.799726,-88.244459,5,2021,2022,dynamic_world,-1,pre,15,dynamic_world,20,260821,1748.68,1792.8,132.0,6189.28,570.08,0.167613,0.171842,0.012652,0.59325,0.054643,DuPage,IL,17043,5,19.1721,,64655,,,Midwest,Campos temperados,ruim,0.237835
us-0062,EUA,tratamento,,CyrusOne CHI3,CyrusOne,41.799726,-88.244459,5,2022,2022,dynamic_world,0,durante,15,dynamic_world,20,260821,1619.72,1894.24,106.96,6265.84,546.08,0.155252,0.181565,0.010252,0.600588,0.052342,DuPage,IL,17043,5,17.4329,,64655,,,Midwest,Campos temperados,ruim,0.237835
us-0062,EUA,tratamento,,CyrusOne CHI3,CyrusOne,41.799726,-88.244459,5,2023,2022,dynamic_world,1,durante,15,dynamic_world,20,260821,2232.92,1297.12,164.16,6198.2,540.44,0.214028,0.12433,0.015735,0.594105,0.051802,DuPage,IL,17043,5,18.985,,64655,,,Midwest,Campos temperados,ruim,0.237835
us-0062,EUA,tratamento,,CyrusOne CHI3,CyrusOne,41.799726,-88.244459,5,2024,2022,dynamic_world,2,pos,15,dynamic_world,20,260821,2184.72,1380.72,102.48,6283.04,481.88,0.209408,0.132344,0.009823,0.602237,0.046189,DuPage,IL,17043,5,17.7754,,64655,,,Midwest,Campos temperados,ruim,0.237835
us-0062,EUA,tratamento,,CyrusOne CHI3,CyrusOne,41.799726,-88.244459,5,2025,2022,dynamic_world,3,pos,15,dynamic_world,20,260821,2626.92,1129.0,131.48,6105.4,440.04,0.251793,0.108216,0.012603,0.58521,0.042178,DuPage,IL,17043,5,15.731,,64655,,,Midwest,Campos temperados,ruim,0.237835
ctrl-us-0116,EUA,controle,us-0116,,,45.690085,-122.922765,5,2018,2021,dynamic_world,-3,pre,15,dynamic_world,20,278348,9746.8,1022.52,0.08,204.84,159.68,0.875415,0.091838,7e-06,0.018398,0.014342,Multnomah,OR,41051,0,15.8829,,1084,,,West,Floresta temperada de coníferas,ruim,1.544316
ctrl-us-0116,EUA,controle,us-0116,,,45.690085,-122.922765,5,2019,2021,dynamic_world,-2,pre,15,dynamic_world,20,278347,9759.4,991.76,0.68,206.04,176.0,0.87655,0.089076,6.1e-05,0.018506,0.015808,Multnomah,OR,41051,0,14.1653,,1084,,,West,Floresta temperada de coníferas,ruim,1.544316
ctrl-us-0116,EUA,controle,us-0116,,,45.690085,-122.922765,5,2020,2021,dynamic_world,-1,pre,15,dynamic_world,20,278349,9868.56,917.6,1.68,189.84,156.28,0.886348,0.082415,0.000151,0.017051,0.014036,Multnomah,OR,41051,0,13.9439,,1084,,,West,Floresta temperada de coníferas,ruim,1.544316
ctrl-us-0116,EUA,controle,us-0116,,,45.690085,-122.922765,5,2021,2021,dynamic_world,0,durante,15,dynamic_world,20,278348,9798.48,957.48,1.64,212.16,164.16,0.880057,0.085997,0.000147,0.019055,0.014744,Multnomah,OR,41051,0,14.908,,1084,,,West,Floresta temperada de coníferas,ruim,1.544316
ctrl-us-0116,EUA,controle,us-0116,,,45.690085,-122.922765,5,2022,2021,dynamic_world,1,durante,15,dynamic_world,20,278347,9818.44,973.92,0.32,187.52,153.68,0.881853,0.087474,2.9e-05,0.016842,0.013803,Multnomah,OR,41051,0,14.811,,1084,,,West,Floresta temperada de coníferas,ruim,1.544316
ctrl-us-0116,EUA,controle,us-0116,,,45.690085,-122.922765,5,2023,2021,dynamic_world,2,pos,15,dynamic_world,20,278348,9739.92,1007.0,1.04,227.32,158.64,0.874797,0.090444,9.3e-05,0.020417,0.014248,Multnomah,OR,41051,0,15.7008,,1084,,,West,Floresta temperada de coníferas,ruim,1.544316
ctrl-us-0116,EUA,controle,us-0116,,,45.690085,-122.922765,5,2024,2021,dynamic_world,3,pos,15,dynamic_world,20,278348,9869.12,911.04,0.72,196.72,156.32,0.886401,0.081826,6.5e-05,0.017669,0.01404,Multnomah,OR,41051,0,13.8262,,1084,,,West,Floresta temperada de coníferas,ruim,1.544316
us-0116,EUA,tratamento,,NTT RagingWire DC - Hillsboro,NTT,45.555186,-122.922765,5,2018,2021,dynamic_world,-3,pre,15,dynamic_world,20,277678,1276.32,4438.52,26.12,5313.8,52.36,0.11491,0.39961,0.002352,0.478414,0.004714,Washington,OR,41067,31,22.6598,,71277,,,West,Campos temperados,ruim,1.544316
us-0116,EUA,tratamento,,NTT RagingWire DC - Hillsboro,NTT,45.555186,-122.922765,5,2019,2021,dynamic_world,-2,pre,15,dynamic_world,20,277679,1325.4,4353.32,22.28,5368.16,38.0,0.119328,0.391938,0.002006,0.483306,0.003421,Washington,OR,41067,31,21.9287,,71277,,,West,Campos temperados,ruim,1.544316
us-0116,EUA,tratamento,,NTT RagingWire DC - Hillsboro,NTT,45.555186,-122.922765,5,2020,2021,dynamic_world,-1,pre,15,dynamic_world,20,277678,1325.6,4338.72,27.08,5367.92,47.8,0.119347,0.390625,0.002438,0.483286,0.004304,Washington,OR,41067,31,21.0166,,71277,,,West,Campos temperados,ruim,1.544316
us-0116,EUA,tratamento,,NTT RagingWire DC - Hillsboro,NTT,45.555186,-122.922765,5,2021,2021,dynamic_world,0,durante,15,dynamic_world,20,277679,1224.88,4312.36,35.8,5490.2,43.92,0.110278,0.38825,0.003223,0.494294,0.003954,Washington,OR,41067,31,22.097,,71277,,,West,Campos temperados,ruim,1.544316
us-0116,EUA,tratamento,,NTT RagingWire DC - Hillsboro,NTT,45.555186,-122.922765,5,2022,2021,dynamic_world,1,durante,15,dynamic_world,20,277678,1351.64,4174.52,26.96,5513.32,40.68,0.121691,0.375842,0.002427,0.496377,0.003663,Washington,OR,41067,31,20.5838,,71277,,,West,Campos temperados,ruim,1.544316
us-0116,EUA,tratamento,,NTT RagingWire DC - Hillsboro,NTT,45.555186,-122.922765,5,2023,2021,dynamic_world,2,pos,15,dynamic_world,20,277678,1211.04,4251.68,19.56,5586.0,38.84,0.109033,0.382789,0.001761,0.502921,0.003497,Washington,OR,41067,31,22.3885,,71277,,,West,Campos temperados,ruim,1.544316
us-0116,EUA,tratamento,,NTT RagingWire DC - Hillsboro,NTT,45.555186,-122.922765,5,2024,2021,dynamic_world,3,pos,15,dynamic_world,20,277678,1258.16,4225.24,10.2,5585.56,27.96,0.113275,0.380408,0.000918,0.502881,0.002517,Washington,OR,41067,31,20.3995,,71277,,,West,Campos temperados,ruim,1.544316
ctrl-us-0182,EUA,controle,us-0182,,,47.540161,-120.206709,5,2016,2019,dynamic_world,-3,pre,15,dynamic_world,20,288022,660.28,10099.92,128.44,212.6,419.64,0.057312,0.876662,0.011148,0.018453,0.036424,Douglas,WA,53017,0,18.5241,,275,,,West,Campos temperados,ruim,0.555169
ctrl-us-0182,EUA,controle,us-0182,,,47.540161,-120.206709,5,2017,2019,dynamic_world,-2,pre,15,dynamic_world,20,288024,845.48,10001.76,58.92,201.64,413.16,0.073386,0.868136,0.005114,0.017502,0.035862,Douglas,WA,53017,0,15.6928,,275,,,West,Campos temperados,ruim,0.555169
ctrl-us-0182,EUA,controle,us-0182,,,47.540161,-120.206709,5,2018,2019,dynamic_world,-1,pre,15,dynamic_world,20,288024,775.2,10021.92,73.24,229.04,421.56,0.067286,0.869886,0.006357,0.01988,0.036591,Douglas,WA,53017,0,17.2649,,275,,,West,Campos temperados,ruim,0.555169
ctrl-us-0182,EUA,controle,us-0182,,,47.540161,-120.206709,5,2019,2019,dynamic_world,0,durante,15,dynamic_world,20,288023,753.0,10062.6,32.68,258.04,414.6,0.065359,0.87342,0.002837,0.022398,0.035987,Douglas,WA,53017,0,15.9862,,275,,,West,Campos temperados,ruim,0.555169
ctrl-us-0182,EUA,controle,us-0182,,,47.540161,-120.206709,5,2020,2019,dynamic_world,1,durante,15,dynamic_world,20,288023,590.0,10069.72,181.32,254.04,425.84,0.051211,0.874038,0.015738,0.02205,0.036962,Douglas,WA,53017,0,19.089,,275,,,West,Campos temperados,ruim,0.555169
ctrl-us-0182,EUA,controle,us-0182,,,47.540161,-120.206709,5,2021,2019,dynamic_world,2,pos,15,dynamic_world,20,288024,631.6,10104.4,74.32,277.08,433.56,0.054822,0.877045,0.006451,0.02405,0.037632,Douglas,WA,53017,0,19.0966,,275,,,West,Campos temperados,ruim,0.555169
ctrl-us-0182,EUA,controle,us-0182,,,47.540161,-120.206709,5,2022,2019,dynamic_world,3,pos,15,dynamic_world,20,288024,792.6,9983.44,69.12,260.16,415.64,0.068796,0.866546,0.006,0.022581,0.036077,Douglas,WA,53017,0,16.2063,,275,,,West,Campos temperados,ruim,0.555169
us-0182,EUA,tratamento,,Intergate Columbia B,Sabey Data Centers,47.405263,-120.206709,5,2016,2019,dynamic_world,-3,pre,15,dynamic_world,20,287285,427.52,7173.16,333.96,3030.16,526.6,0.037203,0.62422,0.029062,0.263689,0.045826,Douglas,WA,53017,13,22.0213,,15061,,,West,Campos temperados,ruim,0.555169
us-0182,EUA,tratamento,,Intergate Columbia B,Sabey Data Centers,47.405263,-120.206709,5,2017,2019,dynamic_world,-2,pre,15,dynamic_world,20,287284,643.96,7063.68,332.48,2926.2,525.04,0.056039,0.614695,0.028933,0.254643,0.04569,Douglas,WA,53017,13,18.2054,,15061,,,West,Campos temperados,ruim,0.555169
us-0182,EUA,tratamento,,Intergate Columbia B,Sabey Data Centers,47.405263,-120.206709,5,2018,2019,dynamic_world,-1,pre,15,dynamic_world,20,287285,361.84,7081.8,525.88,2995.48,526.4,0.031488,0.61627,0.045763,0.260671,0.045808,Douglas,WA,53017,13,20.4297,,15061,,,West,Campos temperados,ruim,0.555169
us-0182,EUA,tratamento,,Intergate Columbia B,Sabey Data Centers,47.405263,-120.206709,5,2019,2019,dynamic_world,0,durante,15,dynamic_world,20,287285,254.48,7223.6,349.56,3141.04,522.72,0.022145,0.628609,0.030419,0.273338,0.045488,Douglas,WA,53017,13,20.1874,,15061,,,West,Campos temperados,ruim,0.555169
us-0182,EUA,tratamento,,Intergate Columbia B,Sabey Data Centers,47.405263,-120.206709,5,2020,2019,dynamic_world,1,durante,15,dynamic_world,20,287286,322.32,6549.84,985.52,3112.32,521.44,0.028049,0.569976,0.085761,0.270838,0.045376,Douglas,WA,53017,13,21.9772,,15061,,,West,Campos temperados,ruim,0.555169
us-0182,EUA,tratamento,,Intergate Columbia B,Sabey Data Centers,47.405263,-120.206709,5,2021,2019,dynamic_world,2,pos,15,dynamic_world,20,287284,294.08,6848.2,515.12,3315.68,518.28,0.025591,0.595943,0.044827,0.288537,0.045102,Douglas,WA,53017,13,22.3837,,15061,,,West,Campos temperados,ruim,0.555169
us-0182,EUA,tratamento,,Intergate Columbia B,Sabey Data Centers,47.405263,-120.206709,5,2022,2019,dynamic_world,3,pos,15,dynamic_world,20,287285,304.92,6860.56,520.88,3279.88,525.16,0.026535,0.597017,0.045328,0.28542,0.0457,Douglas,WA,53017,13,19.2929,,15061,,,West,Campos temperados,ruim,0.555169
ctrl-us-0254,EUA,controle,us-0254,,,45.984533,-119.625039,5,2017,2020,dynamic_world,-3,pre,15,dynamic_world,20,279824,135.04,10646.88,245.2,126.76,39.08,0.012065,0.951212,0.021907,0.011325,0.003491,Benton,WA,53005,0,20.6892,,35,,,West,Campos temperados,ruim,0.569937
ctrl-us-0254,EUA,controle,us-0254,,,45.984533,-119.625039,5,2018,2020,dynamic_world,-2,pre,15,dynamic_world,20,279825,68.36,10799.2,168.72,123.72,33.0,0.006107,0.964817,0.015074,0.011053,0.002948,Benton,WA,53005,0,23.3194,,35,,,West,Campos temperados,ruim,0.569937
ctrl-us-0254,EUA,controle,us-0254,,,45.984533,-119.625039,5,2019,2020,dynamic_world,-1,pre,15,dynamic_world,20,279825,52.72,10888.96,82.96,131.56,36.8,0.00471,0.972837,0.007412,0.011754,0.003288,Benton,WA,53005,0,21.9644,,35,,,West,Campos temperados,ruim,0.569937
ctrl-us-0254,EUA,controle,us-0254,,,45.984533,-119.625039,5,2020,2020,dynamic_world,0,durante,15,dynamic_world,20,279826,34.52,10811.52,192.48,120.08,34.44,0.003084,0.965915,0.017196,0.010728,0.003077,Benton,WA,53005,0,22.9124,,35,,,West,Campos temperados,ruim,0.569937
ctrl-us-0254,EUA,controle,us-0254,,,45.984533,-119.625039,5,2021,2020,dynamic_world,1,durante,15,dynamic_world,20,279824,76.12,10785.08,162.32,135.4,34.04,0.006801,0.963559,0.014502,0.012097,0.003041,Benton,WA,53005,0,23.0857,,35,,,West,Campos temperados,ruim,0.569937
ctrl-us-0254,EUA,controle,us-0254,,,45.984533,-119.625039,5,2022,2020,dynamic_world,2,pos,15,dynamic_world,20,279825,358.32,10631.8,40.0,131.28,31.6,0.032013,0.949862,0.003574,0.011729,0.002823,Benton,WA,53005,0,21.958,,35,,,West,Campos temperados,ruim,0.569937
ctrl-us-0254,EUA,controle,us-0254,,,45.984533,-119.625039,5,2023,2020,dynamic_world,3,pos,15,dynamic_world,20,279824,276.4,10653.48,97.0,137.04,29.04,0.024694,0.951802,0.008666,0.012243,0.002594,Benton,WA,53005,0,21.2673,,35,,,West,Campos temperados,ruim,0.569937
us-0254,EUA,tratamento,,Amazon Web Services,Amazon Web Services,45.849635,-119.625039,5,2017,2020,dynamic_world,-3,pre,15,dynamic_world,20,279145,332.68,7558.16,207.8,916.56,2150.6,0.029795,0.676903,0.01861,0.082086,0.192606,Morrow,OR,41049,24,18.752,,382,,,West,Campos temperados,ruim,0.569937
us-0254,EUA,tratamento,,Amazon Web Services,Amazon Web Services,45.849635,-119.625039,5,2018,2020,dynamic_world,-2,pre,15,dynamic_world,20,279144,194.08,7544.56,344.36,927.52,2155.24,0.017382,0.675687,0.030841,0.083068,0.193022,Morrow,OR,41049,24,19.8203,,382,,,West,Campos temperados,ruim,0.569937
us-0254,EUA,tratamento,,Amazon Web Services,Amazon Web Services,45.849635,-119.625039,5,2019,2020,dynamic_world,-1,pre,15,dynamic_world,20,279145,192.32,7608.04,259.68,944.92,2160.84,0.017224,0.68137,0.023257,0.084626,0.193523,Morrow,OR,41049,24,20.5108,,382,,,West,Campos temperados,ruim,0.569937
us-0254,EUA,tratamento,,Amazon Web Services,Amazon Web Services,45.849635,-119.625039,5,2020,2020,dynamic_world,0,durante,15,dynamic_world,20,279145,192.56,7383.44,515.52,909.04,2165.24,0.017246,0.661255,0.04617,0.081413,0.193917,Morrow,OR,41049,24,19.9361,,382,,,West,Campos temperados,ruim,0.569937
us-0254,EUA,tratamento,,Amazon Web Services,Amazon Web Services,45.849635,-119.625039,5,2021,2020,dynamic_world,1,durante,15,dynamic_world,20,279144,165.36,7354.64,480.2,998.2,2167.36,0.01481,0.658678,0.043006,0.089398,0.194108,Morrow,OR,41049,24,20.9295,,382,,,West,Campos temperados,ruim,0.569937
us-0254,EUA,tratamento,,Amazon Web Services,Amazon Web Services,45.849635,-119.625039,5,2022,2020,dynamic_world,2,pos,15,dynamic_world,20,279145,192.56,7345.28,442.4,1031.12,2154.44,0.017246,0.657837,0.039621,0.092346,0.19295,Morrow,OR,41049,24,19.5954,,382,,,West,Campos temperados,ruim,0.569937
us-0254,EUA,tratamento,,Amazon Web Services,Amazon Web Services,45.849635,-119.625039,5,2023,2020,dynamic_world,3,pos,15,dynamic_world,20,279146,146.2,7216.32,517.76,1124.44,2161.12,0.013094,0.646285,0.04637,0.100704,0.193547,Morrow,OR,41049,24,19.8835,,382,,,West,Campos temperados,ruim,0.569937
ctrl-us-0260,EUA,controle,us-0260,,,35.048889,-85.747239,5,2018,2021,dynamic_world,-3,pre,15,dynamic_world,20,237506,8303.48,939.4,3.64,203.84,49.88,0.874028,0.098882,0.000383,0.021456,0.00525,Marion,TN,47115,0,18.9247,,1948,,,South,Floresta temperada decídua,ruim,0.540727
ctrl-us-0260,EUA,controle,us-0260,,,35.048889,-85.747239,5,2019,2021,dynamic_world,-2,pre,15,dynamic_world,20,237506,8362.08,889.08,5.08,199.88,44.12,0.880197,0.093585,0.000535,0.021039,0.004644,Marion,TN,47115,0,19.3334,,1948,,,South,Floresta temperada decídua,ruim,0.540727
ctrl-us-0260,EUA,controle,us-0260,,,35.048889,-85.747239,5,2020,2021,dynamic_world,-1,pre,15,dynamic_world,20,237505,8328.96,923.68,4.68,197.96,44.92,0.876714,0.097227,0.000493,0.020837,0.004728,Marion,TN,47115,0,19.1215,,1948,,,South,Floresta temperada decídua,ruim,0.540727
ctrl-us-0260,EUA,controle,us-0260,,,35.048889,-85.747239,5,2021,2021,dynamic_world,0,durante,15,dynamic_world,20,237506,7973.2,1227.24,8.32,229.52,61.96,0.839263,0.12918,0.000876,0.024159,0.006522,Marion,TN,47115,0,19.2487,,1948,,,South,Floresta temperada decídua,ruim,0.540727
ctrl-us-0260,EUA,controle,us-0260,,,35.048889,-85.747239,5,2022,2021,dynamic_world,1,durante,15,dynamic_world,20,237505,8307.72,911.4,6.32,225.24,49.52,0.874478,0.095935,0.000665,0.023709,0.005213,Marion,TN,47115,0,18.8548,,1948,,,South,Floresta temperada decídua,ruim,0.540727
ctrl-us-0260,EUA,controle,us-0260,,,35.048889,-85.747239,5,2023,2021,dynamic_world,2,pos,15,dynamic_world,20,237505,8165.8,1017.08,19.32,229.28,68.72,0.85954,0.107059,0.002034,0.024134,0.007234,Marion,TN,47115,0,19.0278,,1948,,,South,Floresta temperada decídua,ruim,0.540727
ctrl-us-0260,EUA,controle,us-0260,,,35.048889,-85.747239,5,2024,2021,dynamic_world,3,pos,15,dynamic_world,20,237506,8307.88,929.84,3.92,215.2,43.4,0.874492,0.097875,0.000413,0.022652,0.004568,Marion,TN,47115,0,19.4909,,1948,,,South,Floresta temperada decídua,ruim,0.540727
us-0260,EUA,tratamento,,Google Jackson County Data Center,Google LLC,34.913991,-85.747239,5,2018,2021,dynamic_world,-3,pre,15,dynamic_world,20,237114,5744.12,2213.68,166.96,631.88,727.92,0.605629,0.233398,0.017603,0.066622,0.076748,Jackson,AL,01071,3,19.8046,,3553,,,South,Floresta temperada decídua,ruim,0.540727
us-0260,EUA,tratamento,,Google Jackson County Data Center,Google LLC,34.913991,-85.747239,5,2019,2021,dynamic_world,-2,pre,15,dynamic_world,20,237115,5707.96,2296.2,65.72,732.68,682.04,0.601813,0.242098,0.006929,0.077249,0.07191,Jackson,AL,01071,3,21.2264,,3553,,,South,Floresta temperada decídua,ruim,0.540727
us-0260,EUA,tratamento,,Google Jackson County Data Center,Google LLC,34.913991,-85.747239,5,2020,2021,dynamic_world,-1,pre,15,dynamic_world,20,237115,5808.44,2249.68,45.4,685.6,695.48,0.612407,0.237193,0.004787,0.072286,0.073327,Jackson,AL,01071,3,20.7073,,3553,,,South,Floresta temperada decídua,ruim,0.540727
us-0260,EUA,tratamento,,Google Jackson County Data Center,Google LLC,34.913991,-85.747239,5,2021,2021,dynamic_world,0,durante,15,dynamic_world,20,237114,5562.72,2409.04,26.88,737.92,748.0,0.586503,0.253996,0.002834,0.077802,0.078865,Jackson,AL,01071,3,20.5759,,3553,,,South,Floresta temperada decídua,ruim,0.540727
us-0260,EUA,tratamento,,Google Jackson County Data Center,Google LLC,34.913991,-85.747239,5,2022,2021,dynamic_world,1,durante,15,dynamic_world,20,237113,5876.6,2249.24,30.16,641.16,687.36,0.619599,0.237149,0.00318,0.067601,0.072472,Jackson,AL,01071,3,20.5772,,3553,,,South,Floresta temperada decídua,ruim,0.540727
us-0260,EUA,tratamento,,Google Jackson County Data Center,Google LLC,34.913991,-85.747239,5,2023,2021,dynamic_world,2,pos,15,dynamic_world,20,237115,5619.28,2366.96,40.4,703.72,754.24,0.592464,0.249558,0.00426,0.074196,0.079523,Jackson,AL,01071,3,20.2908,,3553,,,South,Floresta temperada decídua,ruim,0.540727
us-0260,EUA,tratamento,,Google Jackson County Data Center,Google LLC,34.913991,-85.747239,5,2024,2021,dynamic_world,3,pos,15,dynamic_world,20,237114,5793.32,2341.88,38.12,638.0,673.24,0.610816,0.246915,0.004019,0.067267,0.070983,Jackson,AL,01071,3,19.9941,,3553,,,South,Floresta temperada decídua,ruim,0.540727
ctrl-us-0294,EUA,controle,us-0294,,,41.449017,-93.553945,5,2016,2019,dynamic_world,-3,pre,15,dynamic_world,20,259406,3647.24,6199.12,3.92,343.96,182.0,0.351499,0.597434,0.000378,0.033149,0.01754,Warren,IA,19181,0,18.1291,,1476,,,Midwest,Campos temperados,ruim,0.332816
ctrl-us-0294,EUA,controle,us-0294,,,41.449017,-93.553945,5,2017,2019,dynamic_world,-2,pre,15,dynamic_world,20,259408,3562.32,6172.12,18.48,446.52,176.88,0.343312,0.594827,0.001781,0.043033,0.017047,Warren,IA,19181,0,18.7614,,1476,,,Midwest,Campos temperados,ruim,0.332816
ctrl-us-0294,EUA,controle,us-0294,,,41.449017,-93.553945,5,2018,2019,dynamic_world,-1,pre,15,dynamic_world,20,259406,3400.44,6254.6,16.92,463.84,240.44,0.327714,0.602781,0.001631,0.044702,0.023172,Warren,IA,19181,0,17.1801,,1476,,,Midwest,Campos temperados,ruim,0.332816
ctrl-us-0294,EUA,controle,us-0294,,,41.449017,-93.553945,5,2019,2019,dynamic_world,0,durante,15,dynamic_world,20,259407,3793.28,5940.0,4.24,375.64,263.12,0.365572,0.572459,0.000409,0.036202,0.025358,Warren,IA,19181,0,15.5254,,1476,,,Midwest,Campos temperados,ruim,0.332816
ctrl-us-0294,EUA,controle,us-0294,,,41.449017,-93.553945,5,2020,2019,dynamic_world,1,durante,15,dynamic_world,20,259408,3472.8,6227.44,6.88,533.12,136.08,0.334685,0.600159,0.000663,0.051379,0.013114,Warren,IA,19181,0,17.1375,,1476,,,Midwest,Campos temperados,ruim,0.332816
ctrl-us-0294,EUA,controle,us-0294,,,41.449017,-93.553945,5,2021,2019,dynamic_world,2,pos,15,dynamic_world,20,259407,3683.68,6052.48,3.68,532.44,104.0,0.35501,0.5833,0.000355,0.051313,0.010023,Warren,IA,19181,0,17.2989,,1476,,,Midwest,Campos temperados,ruim,0.332816
ctrl-us-0294,EUA,controle,us-0294,,,41.449017,-93.553945,5,2022,2019,dynamic_world,3,pos,15,dynamic_world,20,259407,3556.52,6199.84,3.16,525.96,90.8,0.342755,0.597501,0.000305,0.050689,0.008751,Warren,IA,19181,0,16.1126,,1476,,,Midwest,Campos temperados,ruim,0.332816
us-0294,EUA,tratamento,,Microsoft,Microsoft,41.516572,-93.709807,5,2016,2019,dynamic_world,-3,pre,15,dynamic_world,20,259676,2888.16,5315.72,144.56,1456.08,582.52,0.278054,0.511765,0.013917,0.140182,0.056081,Polk,IA,19153,12,18.3553,,9183,,,Midwest,Campos temperados,ruim,0.332816
us-0294,EUA,tratamento,,Microsoft,Microsoft,41.516572,-93.709807,5,2017,2019,dynamic_world,-2,pre,15,dynamic_world,20,259677,2614.88,5340.52,131.32,1729.24,571.12,0.251744,0.51415,0.012643,0.16648,0.054984,Polk,IA,19153,12,18.1875,,9183,,,Midwest,Campos temperados,ruim,0.332816
us-0294,EUA,tratamento,,Microsoft,Microsoft,41.516572,-93.709807,5,2018,2019,dynamic_world,-1,pre,15,dynamic_world,20,259675,2619.84,5301.6,125.84,1756.92,582.8,0.252223,0.510407,0.012115,0.169146,0.056109,Polk,IA,19153,12,17.3147,,9183,,,Midwest,Campos temperados,ruim,0.332816
us-0294,EUA,tratamento,,Microsoft,Microsoft,41.516572,-93.709807,5,2019,2019,dynamic_world,0,durante,15,dynamic_world,20,259676,2789.2,5155.8,111.32,1731.44,599.28,0.268527,0.496369,0.010717,0.166692,0.057695,Polk,IA,19153,12,15.7961,,9183,,,Midwest,Campos temperados,ruim,0.332816
us-0294,EUA,tratamento,,Microsoft,Microsoft,41.516572,-93.709807,5,2020,2019,dynamic_world,1,durante,15,dynamic_world,20,259678,2529.72,5260.76,128.72,1895.36,572.56,0.243544,0.50647,0.012392,0.182472,0.055122,Polk,IA,19153,12,17.7745,,9183,,,Midwest,Campos temperados,ruim,0.332816
us-0294,EUA,tratamento,,Microsoft,Microsoft,41.516572,-93.709807,5,2021,2019,dynamic_world,2,pos,15,dynamic_world,20,259676,2853.16,4882.16,130.36,1982.68,538.68,0.274685,0.470024,0.01255,0.19088,0.051861,Polk,IA,19153,12,17.8936,,9183,,,Midwest,Campos temperados,ruim,0.332816
us-0294,EUA,tratamento,,Microsoft,Microsoft,41.516572,-93.709807,5,2022,2019,dynamic_world,3,pos,15,dynamic_world,20,259676,2519.0,5116.56,133.6,2059.96,557.92,0.242514,0.492591,0.012862,0.19832,0.053713,Polk,IA,19153,12,15.958,,9183,,,Midwest,Campos temperados,ruim,0.332816
ctrl-us-0299,EUA,controle,us-0299,,,33.404671,-86.749972,5,2018,2021,dynamic_world,-3,pre,15,dynamic_world,20,232913,5102.2,199.16,46.12,3804.24,164.8,0.547651,0.021377,0.00495,0.408333,0.017689,Shelby,AL,01117,0,23.3534,,61313,,,South,Floresta temperada decídua,aceitavel,0.182143
ctrl-us-0299,EUA,controle,us-0299,,,33.404671,-86.749972,5,2019,2021,dynamic_world,-2,pre,15,dynamic_world,20,232913,5203.28,180.04,44.88,3729.04,159.28,0.5585,0.019325,0.004817,0.400261,0.017097,Shelby,AL,01117,0,24.224,,61313,,,South,Floresta temperada decídua,aceitavel,0.182143
ctrl-us-0299,EUA,controle,us-0299,,,33.404671,-86.749972,5,2020,2021,dynamic_world,-1,pre,15,dynamic_world,20,232914,5277.68,187.08,38.2,3653.48,160.12,0.566484,0.02008,0.0041,0.392149,0.017187,Shelby,AL,01117,0,23.6034,,61313,,,South,Floresta temperada decídua,aceitavel,0.182143
ctrl-us-0299,EUA,controle,us-0299,,,33.404671,-86.749972,5,2021,2021,dynamic_world,0,durante,15,dynamic_world,20,232913,5409.12,192.92,39.24,3513.52,161.72,0.580594,0.020707,0.004212,0.377128,0.017358,Shelby,AL,01117,0,22.7593,,61313,,,South,Floresta temperada decídua,aceitavel,0.182143
ctrl-us-0299,EUA,controle,us-0299,,,33.404671,-86.749972,5,2022,2021,dynamic_world,1,durante,15,dynamic_world,20,232914,5356.36,188.8,39.36,3563.0,169.04,0.574929,0.020265,0.004225,0.382437,0.018144,Shelby,AL,01117,0,22.7206,,61313,,,South,Floresta temperada decídua,aceitavel,0.182143
ctrl-us-0299,EUA,controle,us-0299,,,33.404671,-86.749972,5,2023,2021,dynamic_world,2,pos,15,dynamic_world,20,232912,5268.76,172.4,46.36,3662.2,166.76,0.565531,0.018505,0.004976,0.393088,0.017899,Shelby,AL,01117,0,23.5202,,61313,,,South,Floresta temperada decídua,aceitavel,0.182143
ctrl-us-0299,EUA,controle,us-0299,,,33.404671,-86.749972,5,2024,2021,dynamic_world,3,pos,15,dynamic_world,20,232912,5278.04,160.24,39.88,3679.28,159.04,0.566527,0.0172,0.004281,0.394922,0.017071,Shelby,AL,01117,0,22.7582,,61313,,,South,Floresta temperada decídua,aceitavel,0.182143
us-0299,EUA,tratamento,,Sungard Systems International,,33.404776,-86.911565,5,2018,2021,dynamic_world,-3,pre,15,dynamic_world,20,232913,5890.48,367.96,44.72,2966.48,46.88,0.632262,0.039495,0.0048,0.318411,0.005032,Jefferson,AL,01073,1,22.8777,,28817,,,South,Floresta temperada decídua,aceitavel,0.182143
us-0299,EUA,tratamento,,Sungard Systems International,,33.404776,-86.911565,5,2019,2021,dynamic_world,-2,pre,15,dynamic_world,20,232914,5902.52,336.68,38.88,2993.12,45.36,0.633551,0.036138,0.004173,0.321269,0.004869,Jefferson,AL,01073,1,23.8362,,28817,,,South,Floresta temperada decídua,aceitavel,0.182143
us-0299,EUA,tratamento,,Sungard Systems International,,33.404776,-86.911565,5,2020,2021,dynamic_world,-1,pre,15,dynamic_world,20,232914,5804.96,362.88,75.0,3025.92,47.8,0.62308,0.03895,0.00805,0.324789,0.005131,Jefferson,AL,01073,1,23.0516,,28817,,,South,Floresta temperada decídua,aceitavel,0.182143
us-0299,EUA,tratamento,,Sungard Systems International,,33.404776,-86.911565,5,2021,2021,dynamic_world,0,durante,15,dynamic_world,20,232912,5817.88,359.84,69.08,3021.0,48.68,0.624472,0.038624,0.007415,0.324264,0.005225,Jefferson,AL,01073,1,22.6917,,28817,,,South,Floresta temperada decídua,aceitavel,0.182143
us-0299,EUA,tratamento,,Sungard Systems International,,33.404776,-86.911565,5,2022,2021,dynamic_world,1,durante,15,dynamic_world,20,232913,5697.16,406.08,59.2,3102.96,51.12,0.611512,0.043587,0.006354,0.33306,0.005487,Jefferson,AL,01073,1,22.4827,,28817,,,South,Floresta temperada decídua,aceitavel,0.182143
us-0299,EUA,tratamento,,Sungard Systems International,,33.404776,-86.911565,5,2023,2021,dynamic_world,2,pos,15,dynamic_world,20,232914,5707.44,385.24,92.2,3080.32,51.36,0.612612,0.04135,0.009896,0.330628,0.005513,Jefferson,AL,01073,1,23.3979,,28817,,,South,Floresta temperada decídua,aceitavel,0.182143
us-0299,EUA,tratamento,,Sungard Systems International,,33.404776,-86.911565,5,2024,2021,dynamic_world,3,pos,15,dynamic_world,20,232914,5743.6,339.88,123.0,3061.76,48.32,0.616494,0.036481,0.013202,0.328636,0.005186,Jefferson,AL,01073,1,22.2865,,28817,,,South,Floresta temperada decídua,aceitavel,0.182143
ctrl-us-0306,EUA,controle,us-0306,,,36.17434,-114.925132,5,2017,2020,dynamic_world,-3,pre,15,dynamic_world,20,240870,0.0,73.2,9546.24,14.8,0.56,0.0,0.007597,0.990808,0.001536,5.8e-05,Clark,NV,32003,0,34.1458,,105,,,West,Deserto e arbustal xérico,ruim,1.415504
ctrl-us-0306,EUA,controle,us-0306,,,36.17434,-114.925132,5,2018,2020,dynamic_world,-2,pre,15,dynamic_world,20,240870,0.0,58.36,9566.28,10.16,0.0,0.0,0.006057,0.992888,0.001055,0.0,Clark,NV,32003,0,33.781,,105,,,West,Deserto e arbustal xérico,ruim,1.415504
ctrl-us-0306,EUA,controle,us-0306,,,36.17434,-114.925132,5,2019,2020,dynamic_world,-1,pre,15,dynamic_world,20,240871,0.0,80.04,9544.04,10.76,0.0,0.0,0.008307,0.990576,0.001117,0.0,Clark,NV,32003,0,32.3751,,105,,,West,Deserto e arbustal xérico,ruim,1.415504
ctrl-us-0306,EUA,controle,us-0306,,,36.17434,-114.925132,5,2020,2020,dynamic_world,0,durante,15,dynamic_world,20,240871,0.0,277.48,9348.36,7.56,1.44,0.0,0.0288,0.970266,0.000785,0.000149,Clark,NV,32003,0,34.8706,,105,,,West,Deserto e arbustal xérico,ruim,1.415504
ctrl-us-0306,EUA,controle,us-0306,,,36.17434,-114.925132,5,2021,2020,dynamic_world,1,durante,15,dynamic_world,20,240870,0.0,117.76,9507.72,7.72,1.6,0.0,0.012222,0.98681,0.000801,0.000166,Clark,NV,32003,0,35.0843,,105,,,West,Deserto e arbustal xérico,ruim,1.415504
ctrl-us-0306,EUA,controle,us-0306,,,36.17434,-114.925132,5,2022,2020,dynamic_world,2,pos,15,dynamic_world,20,240871,0.0,39.28,9587.6,7.96,0.0,0.0,0.004077,0.995097,0.000826,0.0,Clark,NV,32003,0,33.2895,,105,,,West,Deserto e arbustal xérico,ruim,1.415504
ctrl-us-0306,EUA,controle,us-0306,,,36.17434,-114.925132,5,2023,2020,dynamic_world,3,pos,15,dynamic_world,20,240871,0.0,53.48,9571.88,9.48,0.0,0.0,0.005551,0.993465,0.000984,0.0,Clark,NV,32003,0,31.9156,,105,,,West,Deserto e arbustal xérico,ruim,1.415504
us-0306,EUA,tratamento,,Google,Google,36.057543,-115.008689,5,2017,2020,dynamic_world,-3,pre,15,dynamic_world,20,240513,54.12,338.0,2793.16,6271.72,163.52,0.005625,0.035133,0.290334,0.651911,0.016997,Clark,NV,32003,2,34.7843,,114630,,,West,Deserto e arbustal xérico,ruim,1.415504
us-0306,EUA,tratamento,,Google,Google,36.057543,-115.008689,5,2018,2020,dynamic_world,-2,pre,15,dynamic_world,20,240510,28.52,340.56,2760.04,6312.28,179.0,0.002965,0.0354,0.286895,0.656135,0.018606,Clark,NV,32003,2,34.5157,,114630,,,West,Deserto e arbustal xérico,ruim,1.415504
us-0306,EUA,tratamento,,Google,Google,36.057543,-115.008689,5,2019,2020,dynamic_world,-1,pre,15,dynamic_world,20,240512,25.2,393.68,2633.96,6390.84,176.8,0.002619,0.040921,0.273787,0.664295,0.018377,Clark,NV,32003,2,33.3311,,114630,,,West,Deserto e arbustal xérico,ruim,1.415504
us-0306,EUA,tratamento,,Google,Google,36.057543,-115.008689,5,2020,2020,dynamic_world,0,durante,15,dynamic_world,20,240511,23.92,487.8,2448.44,6479.08,181.2,0.002486,0.050705,0.254504,0.67347,0.018835,Clark,NV,32003,2,34.9557,,114630,,,West,Deserto e arbustal xérico,ruim,1.415504
us-0306,EUA,tratamento,,Google,Google,36.057543,-115.008689,5,2021,2020,dynamic_world,1,durante,15,dynamic_world,20,240512,25.12,450.8,2318.6,6646.8,179.16,0.002611,0.046858,0.241007,0.690901,0.018623,Clark,NV,32003,2,34.8678,,114630,,,West,Deserto e arbustal xérico,ruim,1.415504
us-0306,EUA,tratamento,,Google,Google,36.057543,-115.008689,5,2022,2020,dynamic_world,2,pos,15,dynamic_world,20,240512,16.52,392.32,2379.36,6663.68,168.6,0.001717,0.04078,0.247322,0.692656,0.017525,Clark,NV,32003,2,33.9579,,114630,,,West,Deserto e arbustal xérico,ruim,1.415504
us-0306,EUA,tratamento,,Google,Google,36.057543,-115.008689,5,2023,2020,dynamic_world,3,pos,15,dynamic_world,20,240512,31.96,321.4,2311.92,6789.24,165.96,0.003322,0.033408,0.240312,0.705707,0.017251,Clark,NV,32003,2,32.3639,,114630,,,West,Deserto e arbustal xérico,ruim,1.415504
ctrl-us-0308,EUA,controle,us-0308,,,41.126295,-95.96584,5,2019,2022,dynamic_world,-3,pre,15,dynamic_world,20,258126,1097.0,4946.08,125.92,4056.28,99.76,0.106247,0.479037,0.012196,0.392859,0.009662,Sarpy,NE,31153,0,18.3594,,47700,,,Midwest,Campos temperados,ruim,0.439617
ctrl-us-0308,EUA,controle,us-0308,,,41.126295,-95.96584,5,2020,2022,dynamic_world,-2,pre,15,dynamic_world,20,258126,821.04,4993.84,109.96,4310.4,89.8,0.079519,0.483663,0.01065,0.417471,0.008697,Sarpy,NE,31153,0,19.3543,,47700,,,Midwest,Campos temperados,ruim,0.439617
ctrl-us-0308,EUA,controle,us-0308,,,41.126295,-95.96584,5,2021,2022,dynamic_world,-1,pre,15,dynamic_world,20,258126,1059.72,4766.48,170.68,4240.6,87.56,0.102636,0.461643,0.016531,0.41071,0.00848,Sarpy,NE,31153,0,19.8337,,47700,,,Midwest,Campos temperados,ruim,0.439617
ctrl-us-0308,EUA,controle,us-0308,,,41.126295,-95.96584,5,2022,2022,dynamic_world,0,durante,15,dynamic_world,20,258126,877.12,4831.92,125.48,4411.76,78.76,0.084951,0.467981,0.012153,0.427287,0.007628,Sarpy,NE,31153,0,20.0075,,47700,,,Midwest,Campos temperados,ruim,0.439617
ctrl-us-0308,EUA,controle,us-0308,,,41.126295,-95.96584,5,2023,2022,dynamic_world,1,durante,15,dynamic_world,20,258127,959.12,4738.72,95.24,4442.48,89.52,0.092892,0.458952,0.009224,0.430261,0.00867,Sarpy,NE,31153,0,21.2331,,47700,,,Midwest,Campos temperados,ruim,0.439617
ctrl-us-0308,EUA,controle,us-0308,,,41.126295,-95.96584,5,2024,2022,dynamic_world,2,pos,15,dynamic_world,20,258126,881.6,4658.72,83.92,4618.52,82.28,0.085385,0.451206,0.008128,0.447313,0.007969,Sarpy,NE,31153,0,19.1682,,47700,,,Midwest,Campos temperados,ruim,0.439617
ctrl-us-0308,EUA,controle,us-0308,,,41.126295,-95.96584,5,2025,2022,dynamic_world,3,pos,15,dynamic_world,20,258127,1212.4,4467.2,100.64,4462.64,82.2,0.117423,0.432655,0.009747,0.432214,0.007961,Sarpy,NE,31153,0,17.7417,,47700,,,Midwest,Campos temperados,ruim,0.439617
us-0308,EUA,tratamento,,Meta Sarpy Data center,Meta,41.126434,-96.144925,5,2019,2022,dynamic_world,-3,pre,15,dynamic_world,20,258127,600.6,7185.88,145.32,2168.12,225.16,0.058169,0.695964,0.014074,0.209986,0.021807,Sarpy,NE,31153,10,18.0008,,5142,,,Midwest,Campos temperados,ruim,0.439617
us-0308,EUA,tratamento,,Meta Sarpy Data center,Meta,41.126434,-96.144925,5,2020,2022,dynamic_world,-2,pre,15,dynamic_world,20,258127,456.64,7089.04,175.32,2375.68,228.4,0.044226,0.686585,0.01698,0.230088,0.022121,Sarpy,NE,31153,10,19.8378,,5142,,,Midwest,Campos temperados,ruim,0.439617
us-0308,EUA,tratamento,,Meta Sarpy Data center,Meta,41.126434,-96.144925,5,2021,2022,dynamic_world,-1,pre,15,dynamic_world,20,258126,562.76,6619.4,296.2,2612.68,234.0,0.054504,0.641102,0.028688,0.253043,0.022663,Sarpy,NE,31153,10,19.7541,,5142,,,Midwest,Campos temperados,ruim,0.439617
us-0308,EUA,tratamento,,Meta Sarpy Data center,Meta,41.126434,-96.144925,5,2022,2022,dynamic_world,0,durante,15,dynamic_world,20,258127,504.72,6396.68,309.72,2893.44,220.52,0.048883,0.619528,0.029997,0.280234,0.021358,Sarpy,NE,31153,10,20.1717,,5142,,,Midwest,Campos temperados,ruim,0.439617
us-0308,EUA,tratamento,,Meta Sarpy Data center,Meta,41.126434,-96.144925,5,2023,2022,dynamic_world,1,durante,15,dynamic_world,20,258128,549.8,6332.84,295.16,2937.8,209.52,0.053249,0.613343,0.028587,0.284529,0.020292,Sarpy,NE,31153,10,20.6486,,5142,,,Midwest,Campos temperados,ruim,0.439617
us-0308,EUA,tratamento,,Meta Sarpy Data center,Meta,41.126434,-96.144925,5,2024,2022,dynamic_world,2,pos,15,dynamic_world,20,258127,579.76,6156.52,158.96,3212.32,217.52,0.056151,0.596269,0.015396,0.311118,0.021067,Sarpy,NE,31153,10,19.2337,,5142,,,Midwest,Campos temperados,ruim,0.439617
us-0308,EUA,tratamento,,Meta Sarpy Data center,Meta,41.126434,-96.144925,5,2025,2022,dynamic_world,3,pos,15,dynamic_world,20,258127,801.64,6010.68,192.08,3098.2,222.48,0.07764,0.582144,0.018603,0.300065,0.021548,Sarpy,NE,31153,10,17.7779,,5142,,,Midwest,Campos temperados,ruim,0.439617
ctrl-us-0322,EUA,controle,us-0322,,,39.866709,-104.71036,5,2017,2020,dynamic_world,-3,pre,15,dynamic_world,20,253324,21.4,6409.92,3032.76,657.84,11.04,0.002112,0.632581,0.299297,0.064921,0.00109,Denver,CO,08031,0,27.8465,,103,,,West,Campos temperados,ruim,0.338676
ctrl-us-0322,EUA,controle,us-0322,,,39.866709,-104.71036,5,2018,2020,dynamic_world,-2,pre,15,dynamic_world,20,253325,11.56,6652.24,2839.72,619.56,9.92,0.001141,0.656493,0.280245,0.061143,0.000979,Denver,CO,08031,0,27.5865,,103,,,West,Campos temperados,ruim,0.338676
ctrl-us-0322,EUA,controle,us-0322,,,39.866709,-104.71036,5,2019,2020,dynamic_world,-1,pre,15,dynamic_world,20,253326,29.0,7183.8,2220.24,686.76,13.24,0.002862,0.708948,0.219109,0.067774,0.001307,Denver,CO,08031,0,24.0213,,103,,,West,Campos temperados,ruim,0.338676
ctrl-us-0322,EUA,controle,us-0322,,,39.866709,-104.71036,5,2020,2020,dynamic_world,0,durante,15,dynamic_world,20,253325,20.68,6739.44,2769.08,591.8,12.0,0.002041,0.665098,0.273273,0.058403,0.001184,Denver,CO,08031,0,27.8759,,103,,,West,Campos temperados,ruim,0.338676
ctrl-us-0322,EUA,controle,us-0322,,,39.866709,-104.71036,5,2021,2020,dynamic_world,1,durante,15,dynamic_world,20,253325,28.04,7704.44,1576.64,809.64,14.24,0.002767,0.760332,0.155595,0.079901,0.001405,Denver,CO,08031,0,26.7925,,103,,,West,Campos temperados,ruim,0.338676
ctrl-us-0322,EUA,controle,us-0322,,,39.866709,-104.71036,5,2022,2020,dynamic_world,2,pos,15,dynamic_world,20,253325,24.48,6318.76,3101.72,677.96,10.08,0.002416,0.623582,0.306101,0.066906,0.000995,Denver,CO,08031,0,25.8157,,103,,,West,Campos temperados,ruim,0.338676
ctrl-us-0322,EUA,controle,us-0322,,,39.866709,-104.71036,5,2023,2020,dynamic_world,3,pos,15,dynamic_world,20,253324,21.92,7132.96,2173.68,786.4,18.0,0.002163,0.703936,0.214516,0.077608,0.001776,Denver,CO,08031,0,22.0397,,103,,,West,Campos temperados,ruim,0.338676
us-0322,EUA,tratamento,,QTS,Quality Technology Services,39.73181,-104.71036,5,2017,2020,dynamic_world,-3,pre,15,dynamic_world,20,252829,115.96,7504.96,716.48,1738.8,36.96,0.011466,0.742098,0.070846,0.171934,0.003655,Arapahoe,CO,08005,2,26.5685,,10623,,,West,Campos temperados,ruim,0.338676
us-0322,EUA,tratamento,,QTS,Quality Technology Services,39.73181,-104.71036,5,2018,2020,dynamic_world,-2,pre,15,dynamic_world,20,252829,97.44,7267.56,951.04,1762.52,34.6,0.009635,0.718624,0.09404,0.17428,0.003421,Arapahoe,CO,08005,2,25.6651,,10623,,,West,Campos temperados,ruim,0.338676
us-0322,EUA,tratamento,,QTS,Quality Technology Services,39.73181,-104.71036,5,2019,2020,dynamic_world,-1,pre,15,dynamic_world,20,252829,139.24,6790.04,1271.72,1885.68,26.48,0.013768,0.671406,0.125749,0.186458,0.002618,Arapahoe,CO,08005,2,23.0264,,10623,,,West,Campos temperados,ruim,0.338676
us-0322,EUA,tratamento,,QTS,Quality Technology Services,39.73181,-104.71036,5,2020,2020,dynamic_world,0,durante,15,dynamic_world,20,252828,87.28,6965.28,1017.4,2005.68,37.48,0.00863,0.688737,0.100602,0.198325,0.003706,Arapahoe,CO,08005,2,27.016,,10623,,,West,Campos temperados,ruim,0.338676
us-0322,EUA,tratamento,,QTS,Quality Technology Services,39.73181,-104.71036,5,2021,2020,dynamic_world,1,durante,15,dynamic_world,20,252829,108.4,6949.84,754.08,2267.32,33.52,0.010719,0.687208,0.074564,0.224195,0.003314,Arapahoe,CO,08005,2,25.8603,,10623,,,West,Campos temperados,ruim,0.338676
us-0322,EUA,tratamento,,QTS,Quality Technology Services,39.73181,-104.71036,5,2022,2020,dynamic_world,2,pos,15,dynamic_world,20,252830,94.44,6060.4,1515.44,2413.6,29.32,0.009338,0.599256,0.149848,0.238658,0.002899,Arapahoe,CO,08005,2,24.4601,,10623,,,West,Campos temperados,ruim,0.338676
us-0322,EUA,tratamento,,QTS,Quality Technology Services,39.73181,-104.71036,5,2023,2020,dynamic_world,3,pos,15,dynamic_world,20,252829,131.2,5775.8,1483.72,2692.6,29.84,0.012973,0.571117,0.146712,0.266247,0.002951,Arapahoe,CO,08005,2,22.0788,,10623,,,West,Campos temperados,ruim,0.338676
ctrl-us-0347,EUA,controle,us-0347,,,38.827477,-77.378194,5,2016,2019,dynamic_world,-3,pre,15,dynamic_world,20,249586,5871.08,254.56,6.16,3818.04,33.6,0.588082,0.025498,0.000617,0.382437,0.003366,Fairfax,VA,51059,0,20.1028,,88302,,,South,Floresta temperada decídua,ruim,0.544547
ctrl-us-0347,EUA,controle,us-0347,,,38.827477,-77.378194,5,2017,2019,dynamic_world,-2,pre,15,dynamic_world,20,249586,6283.4,203.84,7.2,3454.04,34.96,0.629382,0.020418,0.000721,0.345977,0.003502,Fairfax,VA,51059,0,21.0138,,88302,,,South,Floresta temperada decídua,ruim,0.544547
ctrl-us-0347,EUA,controle,us-0347,,,38.827477,-77.378194,5,2018,2019,dynamic_world,-1,pre,15,dynamic_world,20,249585,5674.72,269.44,6.52,3998.2,34.52,0.568416,0.026989,0.000653,0.400485,0.003458,Fairfax,VA,51059,0,19.347,,88302,,,South,Floresta temperada decídua,ruim,0.544547
ctrl-us-0347,EUA,controle,us-0347,,,38.827477,-77.378194,5,2019,2019,dynamic_world,0,durante,15,dynamic_world,20,249585,6029.16,256.0,10.96,3656.92,30.36,0.603919,0.025643,0.001098,0.3663,0.003041,Fairfax,VA,51059,0,20.5115,,88302,,,South,Floresta temperada decídua,ruim,0.544547
ctrl-us-0347,EUA,controle,us-0347,,,38.827477,-77.378194,5,2020,2019,dynamic_world,1,durante,15,dynamic_world,20,249584,5631.56,279.4,7.08,4032.84,32.48,0.564095,0.027987,0.000709,0.403956,0.003253,Fairfax,VA,51059,0,20.8533,,88302,,,South,Floresta temperada decídua,ruim,0.544547
ctrl-us-0347,EUA,controle,us-0347,,,38.827477,-77.378194,5,2021,2019,dynamic_world,2,pos,15,dynamic_world,20,249586,5653.04,261.08,9.24,4027.04,33.04,0.566242,0.026151,0.000926,0.403372,0.003309,Fairfax,VA,51059,0,21.1825,,88302,,,South,Floresta temperada decídua,ruim,0.544547
ctrl-us-0347,EUA,controle,us-0347,,,38.827477,-77.378194,5,2022,2019,dynamic_world,3,pos,15,dynamic_world,20,249586,5526.68,258.6,20.04,4143.04,35.08,0.553585,0.025903,0.002007,0.414991,0.003514,Fairfax,VA,51059,0,19.899,,88302,,,South,Floresta temperada decídua,ruim,0.544547
us-0347,EUA,tratamento,,Amazon IAD11,Amazon Web Services,38.760123,-77.528155,5,2016,2019,dynamic_world,-3,pre,15,dynamic_world,20,249350,3241.36,926.96,102.84,5593.2,109.64,0.324981,0.092938,0.010311,0.560778,0.010993,Prince William,VA,51153,52,21.5468,,95614,,,South,Floresta temperada decídua,ruim,0.544547
us-0347,EUA,tratamento,,Amazon IAD11,Amazon Web Services,38.760123,-77.528155,5,2017,2019,dynamic_world,-2,pre,15,dynamic_world,20,249350,3357.4,881.92,122.68,5498.52,113.48,0.336615,0.088422,0.0123,0.551285,0.011378,Prince William,VA,51153,52,22.2541,,95614,,,South,Floresta temperada decídua,ruim,0.544547
us-0347,EUA,tratamento,,Amazon IAD11,Amazon Web Services,38.760123,-77.528155,5,2018,2019,dynamic_world,-1,pre,15,dynamic_world,20,249350,3066.64,862.32,130.72,5792.04,122.28,0.307463,0.086457,0.013106,0.580714,0.01226,Prince William,VA,51153,52,20.8589,,95614,,,South,Floresta temperada decídua,ruim,0.544547
us-0347,EUA,tratamento,,Amazon IAD11,Amazon Web Services,38.760123,-77.528155,5,2019,2019,dynamic_world,0,durante,15,dynamic_world,20,249350,3071.96,768.64,126.0,5885.36,122.04,0.307997,0.077064,0.012633,0.59007,0.012236,Prince William,VA,51153,52,21.7161,,95614,,,South,Floresta temperada decídua,ruim,0.544547
us-0347,EUA,tratamento,,Amazon IAD11,Amazon Web Services,38.760123,-77.528155,5,2020,2019,dynamic_world,1,durante,15,dynamic_world,20,249350,2939.68,719.76,139.08,6065.48,110.0,0.294734,0.072164,0.013944,0.608129,0.011029,Prince William,VA,51153,52,22.2522,,95614,,,South,Floresta temperada decídua,ruim,0.544547
us-0347,EUA,tratamento,,Amazon IAD11,Amazon Web Services,38.760123,-77.528155,5,2021,2019,dynamic_world,2,pos,15,dynamic_world,20,249350,2782.52,690.08,121.08,6264.28,116.04,0.278977,0.069188,0.01214,0.628061,0.011634,Prince William,VA,51153,52,22.7561,,95614,,,South,Floresta temperada decídua,ruim,0.544547
us-0347,EUA,tratamento,,Amazon IAD11,Amazon Web Services,38.760123,-77.528155,5,2022,2019,dynamic_world,3,pos,15,dynamic_world,20,249350,2705.64,624.52,122.28,6404.68,116.88,0.271269,0.062615,0.01226,0.642138,0.011718,Prince William,VA,51153,52,21.4277,,95614,,,South,Floresta temperada decídua,ruim,0.544547
ctrl-us-0358,EUA,controle,us-0358,,,33.734898,-83.699413,5,2018,2021,dynamic_world,-3,pre,15,dynamic_world,20,233806,6692.08,1888.44,1.48,564.56,205.68,0.715559,0.201924,0.000158,0.060366,0.021993,Walton,GA,13297,0,21.4041,,4916,,,South,Floresta temperada decídua,bom,0.069151
ctrl-us-0358,EUA,controle,us-0358,,,33.734898,-83.699413,5,2019,2021,dynamic_world,-2,pre,15,dynamic_world,20,233805,6642.84,1896.84,11.04,603.44,198.04,0.710297,0.202823,0.00118,0.064524,0.021176,Walton,GA,13297,0,22.6915,,4916,,,South,Floresta temperada decídua,bom,0.069151
ctrl-us-0358,EUA,controle,us-0358,,,33.734898,-83.699413,5,2020,2021,dynamic_world,-1,pre,15,dynamic_world,20,233805,6733.56,1774.64,11.08,619.64,213.28,0.719997,0.189756,0.001185,0.066256,0.022805,Walton,GA,13297,0,21.3008,,4916,,,South,Floresta temperada decídua,bom,0.069151
ctrl-us-0358,EUA,controle,us-0358,,,33.734898,-83.699413,5,2021,2021,dynamic_world,0,durante,15,dynamic_world,20,233805,6680.72,1795.8,5.08,652.72,217.88,0.714347,0.192019,0.000543,0.069793,0.023297,Walton,GA,13297,0,21.5874,,4916,,,South,Floresta temperada decídua,bom,0.069151
ctrl-us-0358,EUA,controle,us-0358,,,33.734898,-83.699413,5,2022,2021,dynamic_world,1,durante,15,dynamic_world,20,233805,6555.6,1848.32,15.0,709.24,224.04,0.700969,0.197635,0.001604,0.075837,0.023956,Walton,GA,13297,0,20.9474,,4916,,,South,Floresta temperada decídua,bom,0.069151
ctrl-us-0358,EUA,controle,us-0358,,,33.734898,-83.699413,5,2023,2021,dynamic_world,2,pos,15,dynamic_world,20,233806,6621.6,1832.08,3.68,678.56,216.32,0.708023,0.195897,0.000393,0.072556,0.02313,Walton,GA,13297,0,20.8857,,4916,,,South,Floresta temperada decídua,bom,0.069151
ctrl-us-0358,EUA,controle,us-0358,,,33.734898,-83.699413,5,2024,2021,dynamic_world,3,pos,15,dynamic_world,20,233805,6655.84,1809.48,6.92,666.56,213.4,0.711687,0.193482,0.00074,0.071273,0.022818,Walton,GA,13297,0,20.7043,,4916,,,South,Floresta temperada decídua,bom,0.069151
us-0358,EUA,tratamento,,Meta Stanton Springs Data Center,Meta,33.6,-83.699413,5,2018,2021,dynamic_world,-3,pre,15,dynamic_world,20,233439,6972.36,1808.44,59.56,435.48,61.72,0.7467,0.193674,0.006379,0.046637,0.00661,Newton,GA,13217,4,21.6476,,3530,,,South,Floresta temperada decídua,bom,0.069151
us-0358,EUA,tratamento,,Meta Stanton Springs Data Center,Meta,33.6,-83.699413,5,2019,2021,dynamic_world,-2,pre,15,dynamic_world,20,233440,6923.92,1812.6,69.56,472.84,58.68,0.74151,0.194118,0.007449,0.050638,0.006284,Newton,GA,13217,4,22.7905,,3530,,,South,Floresta temperada decídua,bom,0.069151
us-0358,EUA,tratamento,,Meta Stanton Springs Data Center,Meta,33.6,-83.699413,5,2020,2021,dynamic_world,-1,pre,15,dynamic_world,20,233440,6956.28,1776.88,47.52,489.08,67.84,0.744975,0.190293,0.005089,0.052377,0.007265,Newton,GA,13217,4,21.5187,,3530,,,South,Floresta temperada decídua,bom,0.069151
us-0358,EUA,tratamento,,Meta Stanton Springs Data Center,Meta,33.6,-83.699413,5,2021,2021,dynamic_world,0,durante,15,dynamic_world,20,233440,6912.96,1804.28,31.68,524.08,64.6,0.740336,0.193227,0.003393,0.056126,0.006918,Newton,GA,13217,4,21.6368,,3530,,,South,Floresta temperada decídua,bom,0.069151
us-0358,EUA,tratamento,,Meta Stanton Springs Data Center,Meta,33.6,-83.699413,5,2022,2021,dynamic_world,1,durante,15,dynamic_world,20,233440,6725.44,1821.88,126.48,584.92,78.88,0.720254,0.195112,0.013545,0.062641,0.008448,Newton,GA,13217,4,21.1847,,3530,,,South,Floresta temperada decídua,bom,0.069151
us-0358,EUA,tratamento,,Meta Stanton Springs Data Center,Meta,33.6,-83.699413,5,2023,2021,dynamic_world,2,pos,15,dynamic_world,20,233440,6687.88,1727.92,261.44,589.8,70.56,0.716231,0.18505,0.027999,0.063164,0.007557,Newton,GA,13217,4,21.0791,,3530,,,South,Floresta temperada decídua,bom,0.069151
us-0358,EUA,tratamento,,Meta Stanton Springs Data Center,Meta,33.6,-83.699413,5,2024,2021,dynamic_world,3,pos,15,dynamic_world,20,233438,6764.8,1708.6,168.04,616.32,79.76,0.724475,0.182982,0.017996,0.066005,0.008542,Newton,GA,13217,4,21.2625,,3530,,,South,Floresta temperada decídua,bom,0.069151
ctrl-us-0391,EUA,controle,us-0391,,,36.544356,-86.368476,5,2018,2021,dynamic_world,-3,pre,15,dynamic_world,20,242018,5877.72,3136.52,1.04,630.48,34.96,0.607157,0.323997,0.000107,0.065127,0.003611,Sumner,TN,47165,0,20.4122,,2884,,,South,Floresta temperada decídua,ruim,0.630221
ctrl-us-0391,EUA,controle,us-0391,,,36.544356,-86.368476,5,2019,2021,dynamic_world,-2,pre,15,dynamic_world,20,242020,6615.76,2645.76,0.0,395.48,23.8,0.68339,0.2733,0.0,0.040852,0.002458,Sumner,TN,47165,0,20.5992,,2884,,,South,Floresta temperada decídua,ruim,0.630221
ctrl-us-0391,EUA,controle,us-0391,,,36.544356,-86.368476,5,2020,2021,dynamic_world,-1,pre,15,dynamic_world,20,242019,6405.04,2785.92,0.04,462.52,27.24,0.661626,0.287779,4e-06,0.047777,0.002814,Sumner,TN,47165,0,19.7896,,2884,,,South,Floresta temperada decídua,ruim,0.630221
ctrl-us-0391,EUA,controle,us-0391,,,36.544356,-86.368476,5,2021,2021,dynamic_world,0,durante,15,dynamic_world,20,242019,6172.76,2897.04,0.2,582.52,28.24,0.637632,0.299257,2.1e-05,0.060173,0.002917,Sumner,TN,47165,0,19.7769,,2884,,,South,Floresta temperada decídua,ruim,0.630221
ctrl-us-0391,EUA,controle,us-0391,,,36.544356,-86.368476,5,2022,2021,dynamic_world,1,durante,15,dynamic_world,20,242018,6212.08,2818.24,0.04,621.0,29.36,0.641696,0.291119,4e-06,0.064148,0.003033,Sumner,TN,47165,0,19.8785,,2884,,,South,Floresta temperada decídua,ruim,0.630221
ctrl-us-0391,EUA,controle,us-0391,,,36.544356,-86.368476,5,2023,2021,dynamic_world,2,pos,15,dynamic_world,20,242018,6276.52,2719.32,0.04,657.88,26.96,0.648353,0.280901,4e-06,0.067958,0.002785,Sumner,TN,47165,0,19.8918,,2884,,,South,Floresta temperada decídua,ruim,0.630221
ctrl-us-0391,EUA,controle,us-0391,,,36.544356,-86.368476,5,2024,2021,dynamic_world,3,pos,15,dynamic_world,20,242018,6522.72,2526.08,0.0,608.52,23.4,0.673785,0.260939,0.0,0.062859,0.002417,Sumner,TN,47165,0,19.049,,2884,,,South,Floresta temperada decídua,ruim,0.630221
us-0391,EUA,tratamento,,Gallatin Data Center,Meta,36.409458,-86.368476,5,2018,2021,dynamic_world,-3,pre,15,dynamic_world,20,241598,3083.12,4778.24,1.2,1582.6,218.76,0.319034,0.494441,0.000124,0.163764,0.022637,Sumner,TN,47165,4,21.6946,,6543,,,South,Floresta temperada decídua,ruim,0.630221
us-0391,EUA,tratamento,,Gallatin Data Center,Meta,36.409458,-86.368476,5,2019,2021,dynamic_world,-2,pre,15,dynamic_world,20,241598,3417.0,4585.36,2.6,1460.36,198.6,0.353583,0.474482,0.000269,0.151115,0.020551,Sumner,TN,47165,4,21.7156,,6543,,,South,Floresta temperada decídua,ruim,0.630221
us-0391,EUA,tratamento,,Gallatin Data Center,Meta,36.409458,-86.368476,5,2020,2021,dynamic_world,-1,pre,15,dynamic_world,20,241598,3229.92,4656.04,4.32,1556.52,217.12,0.334225,0.481796,0.000447,0.161065,0.022467,Sumner,TN,47165,4,20.9094,,6543,,,South,Floresta temperada decídua,ruim,0.630221
us-0391,EUA,tratamento,,Gallatin Data Center,Meta,36.409458,-86.368476,5,2021,2021,dynamic_world,0,durante,15,dynamic_world,20,241597,3041.56,4534.16,28.72,1838.2,221.24,0.314735,0.469186,0.002972,0.190213,0.022893,Sumner,TN,47165,4,21.6518,,6543,,,South,Floresta temperada decídua,ruim,0.630221
us-0391,EUA,tratamento,,Gallatin Data Center,Meta,36.409458,-86.368476,5,2022,2021,dynamic_world,1,durante,15,dynamic_world,20,241597,2683.12,4708.04,29.16,2015.8,227.76,0.277644,0.487179,0.003017,0.208591,0.023568,Sumner,TN,47165,4,21.8306,,6543,,,South,Floresta temperada decídua,ruim,0.630221
us-0391,EUA,tratamento,,Gallatin Data Center,Meta,36.409458,-86.368476,5,2023,2021,dynamic_world,2,pos,15,dynamic_world,20,241599,3120.32,4381.8,24.28,1930.64,206.92,0.322882,0.453417,0.002512,0.199777,0.021412,Sumner,TN,47165,4,21.4156,,6543,,,South,Floresta temperada decídua,ruim,0.630221
us-0391,EUA,tratamento,,Gallatin Data Center,Meta,36.409458,-86.368476,5,2024,2021,dynamic_world,3,pos,15,dynamic_world,20,241597,3321.32,4217.44,28.84,1893.8,202.48,0.343684,0.436413,0.002984,0.195967,0.020952,Sumner,TN,47165,4,20.3351,,6543,,,South,Floresta temperada decídua,ruim,0.630221
ctrl-us-0400,EUA,controle,us-0400,,,46.055277,-119.228765,5,2019,2022,dynamic_world,-3,pre,15,dynamic_world,20,280183,2.48,11047.4,85.88,20.48,51.08,0.000221,0.985731,0.007663,0.001827,0.004558,Benton,WA,53005,0,22.174,,6,,,West,Campos temperados,ruim,0.63989
ctrl-us-0400,EUA,controle,us-0400,,,46.055277,-119.228765,5,2020,2022,dynamic_world,-2,pre,15,dynamic_world,20,280183,0.76,11056.76,66.8,19.56,63.44,6.8e-05,0.986566,0.00596,0.001745,0.005661,Benton,WA,53005,0,24.1179,,6,,,West,Campos temperados,ruim,0.63989
ctrl-us-0400,EUA,controle,us-0400,,,46.055277,-119.228765,5,2021,2022,dynamic_world,-1,pre,15,dynamic_world,20,280183,0.04,11112.28,55.64,16.28,23.08,4e-06,0.99152,0.004965,0.001453,0.002059,Benton,WA,53005,0,25.1376,,6,,,West,Campos temperados,ruim,0.63989
ctrl-us-0400,EUA,controle,us-0400,,,46.055277,-119.228765,5,2022,2022,dynamic_world,0,durante,15,dynamic_world,20,280183,43.0,10849.24,243.44,21.92,49.72,0.003837,0.968049,0.021722,0.001956,0.004436,Benton,WA,53005,0,22.0578,,6,,,West,Campos temperados,ruim,0.63989
ctrl-us-0400,EUA,controle,us-0400,,,46.055277,-119.228765,5,2023,2022,dynamic_world,1,durante,15,dynamic_world,20,280182,0.52,10934.92,212.64,25.76,33.44,4.6e-05,0.975698,0.018973,0.002299,0.002984,Benton,WA,53005,0,22.3977,,6,,,West,Campos temperados,ruim,0.63989
ctrl-us-0400,EUA,controle,us-0400,,,46.055277,-119.228765,5,2024,2022,dynamic_world,2,pos,15,dynamic_world,20,280182,4.04,11107.12,58.48,26.16,11.48,0.00036,0.991063,0.005218,0.002334,0.001024,Benton,WA,53005,0,21.2494,,6,,,West,Campos temperados,ruim,0.63989
ctrl-us-0400,EUA,controle,us-0400,,,46.055277,-119.228765,5,2025,2022,dynamic_world,3,pos,15,dynamic_world,20,280183,8.24,10991.12,152.04,29.44,26.48,0.000735,0.980709,0.013566,0.002627,0.002363,Benton,WA,53005,0,20.497,,6,,,West,Campos temperados,ruim,0.63989
us-0400,EUA,tratamento,,Amazon Web Services,Amazon Web Services,45.920379,-119.228765,5,2019,2022,dynamic_world,-3,pre,15,dynamic_world,20,279501,408.4,7461.32,67.72,739.96,2502.64,0.036529,0.667379,0.006057,0.066186,0.223849,Umatilla,OR,41059,5,21.1056,,4343,,,West,Campos temperados,ruim,0.63989
us-0400,EUA,tratamento,,Amazon Web Services,Amazon Web Services,45.920379,-119.228765,5,2020,2022,dynamic_world,-2,pre,15,dynamic_world,20,279502,377.56,7471.2,74.24,732.2,2524.88,0.033771,0.66826,0.00664,0.065491,0.225837,Umatilla,OR,41059,5,22.5704,,4343,,,West,Campos temperados,ruim,0.63989
us-0400,EUA,tratamento,,Amazon Web Services,Amazon Web Services,45.920379,-119.228765,5,2021,2022,dynamic_world,-1,pre,15,dynamic_world,20,279502,399.52,7472.12,73.24,745.76,2489.44,0.035735,0.668342,0.006551,0.066704,0.222667,Umatilla,OR,41059,5,23.1086,,4343,,,West,Campos temperados,ruim,0.63989
us-0400,EUA,tratamento,,Amazon Web Services,Amazon Web Services,45.920379,-119.228765,5,2022,2022,dynamic_world,0,durante,15,dynamic_world,20,279502,497.84,7325.56,41.4,787.0,2528.28,0.044529,0.655233,0.003703,0.070393,0.226141,Umatilla,OR,41059,5,19.9853,,4343,,,West,Campos temperados,ruim,0.63989
us-0400,EUA,tratamento,,Amazon Web Services,Amazon Web Services,45.920379,-119.228765,5,2023,2022,dynamic_world,1,durante,15,dynamic_world,20,279500,383.88,7421.08,46.4,831.96,2496.68,0.034336,0.663782,0.00415,0.074415,0.223317,Umatilla,OR,41059,5,20.436,,4343,,,West,Campos temperados,ruim,0.63989
us-0400,EUA,tratamento,,Amazon Web Services,Amazon Web Services,45.920379,-119.228765,5,2024,2022,dynamic_world,2,pos,15,dynamic_world,20,279500,525.16,7232.96,81.52,826.92,2513.44,0.046973,0.646955,0.007292,0.073964,0.224816,Umatilla,OR,41059,5,19.8218,,4343,,,West,Campos temperados,ruim,0.63989
us-0400,EUA,tratamento,,Amazon Web Services,Amazon Web Services,45.920379,-119.228765,5,2025,2022,dynamic_world,3,pos,15,dynamic_world,20,279500,520.48,7214.16,94.4,858.2,2492.76,0.046555,0.645274,0.008444,0.076762,0.222966,Umatilla,OR,41059,5,18.5384,,4343,,,West,Campos temperados,ruim,0.63989
ctrl-us-0422,EUA,controle,us-0422,,,41.218216,-76.148747,5,2019,2022,dynamic_world,-3,pre,15,dynamic_world,20,258490,9087.12,801.4,9.64,270.32,171.12,0.878866,0.077508,0.000932,0.026144,0.01655,Luzerne,PA,42079,0,13.9649,,3517,,,Northeast,Floresta temperada decídua,ruim,0.410198
ctrl-us-0422,EUA,controle,us-0422,,,41.218216,-76.148747,5,2020,2022,dynamic_world,-2,pre,15,dynamic_world,20,258488,8960.68,877.04,9.12,321.72,170.96,0.866644,0.084824,0.000882,0.031116,0.016535,Luzerne,PA,42079,0,16.0093,,3517,,,Northeast,Floresta temperada decídua,ruim,0.410198
ctrl-us-0422,EUA,controle,us-0422,,,41.218216,-76.148747,5,2021,2022,dynamic_world,-1,pre,15,dynamic_world,20,258489,9088.16,782.8,8.64,288.12,171.84,0.87897,0.075709,0.000836,0.027866,0.01662,Luzerne,PA,42079,0,15.2222,,3517,,,Northeast,Floresta temperada decídua,ruim,0.410198
ctrl-us-0422,EUA,controle,us-0422,,,41.218216,-76.148747,5,2022,2022,dynamic_world,0,durante,15,dynamic_world,20,258490,8717.4,955.2,9.64,479.6,177.76,0.843108,0.092383,0.000932,0.046385,0.017192,Luzerne,PA,42079,0,13.8649,,3517,,,Northeast,Floresta temperada decídua,ruim,0.410198
ctrl-us-0422,EUA,controle,us-0422,,,41.218216,-76.148747,5,2023,2022,dynamic_world,1,durante,15,dynamic_world,20,258489,8507.68,1113.0,12.64,523.28,182.96,0.822828,0.107645,0.001222,0.05061,0.017695,Luzerne,PA,42079,0,14.8661,,3517,,,Northeast,Floresta temperada decídua,ruim,0.410198
ctrl-us-0422,EUA,controle,us-0422,,,41.218216,-76.148747,5,2024,2022,dynamic_world,2,pos,15,dynamic_world,20,258489,9015.4,807.04,6.68,339.48,170.96,0.871933,0.078054,0.000646,0.032833,0.016535,Luzerne,PA,42079,0,14.598,,3517,,,Northeast,Floresta temperada decídua,ruim,0.410198
ctrl-us-0422,EUA,controle,us-0422,,,41.218216,-76.148747,5,2025,2022,dynamic_world,3,pos,15,dynamic_world,20,258488,9059.96,823.2,7.32,281.64,167.4,0.876246,0.079617,0.000708,0.027239,0.01619,Luzerne,PA,42079,0,12.533,,3517,,,Northeast,Floresta temperada decídua,ruim,0.410198
us-0422,EUA,tratamento,,Nautilus Cryptomine,Amazon Web Services,41.083318,-76.148747,5,2019,2022,dynamic_world,-3,pre,15,dynamic_world,20,257958,6967.12,2153.8,37.72,603.4,556.28,0.675218,0.208736,0.003656,0.058479,0.053912,Luzerne,PA,42079,3,14.2115,,2480,,,Northeast,Floresta temperada decídua,ruim,0.410198
us-0422,EUA,tratamento,,Nautilus Cryptomine,Amazon Web Services,41.083318,-76.148747,5,2020,2022,dynamic_world,-2,pre,15,dynamic_world,20,257957,6779.92,2297.24,46.48,652.44,542.2,0.657079,0.222638,0.004505,0.063231,0.052548,Luzerne,PA,42079,3,16.1473,,2480,,,Northeast,Floresta temperada decídua,ruim,0.410198
us-0422,EUA,tratamento,,Nautilus Cryptomine,Amazon Web Services,41.083318,-76.148747,5,2021,2022,dynamic_world,-1,pre,15,dynamic_world,20,257958,6984.32,2084.56,44.28,645.64,559.52,0.676885,0.202025,0.004291,0.062572,0.054226,Luzerne,PA,42079,3,16.0297,,2480,,,Northeast,Floresta temperada decídua,ruim,0.410198
us-0422,EUA,tratamento,,Nautilus Cryptomine,Amazon Web Services,41.083318,-76.148747,5,2022,2022,dynamic_world,0,durante,15,dynamic_world,20,257958,6567.48,2319.96,47.04,816.32,567.52,0.636487,0.224839,0.004559,0.079114,0.055001,Luzerne,PA,42079,3,14.2417,,2480,,,Northeast,Floresta temperada decídua,ruim,0.410198
us-0422,EUA,tratamento,,Nautilus Cryptomine,Amazon Web Services,41.083318,-76.148747,5,2023,2022,dynamic_world,1,durante,15,dynamic_world,20,257958,6384.6,2432.72,57.32,839.36,604.32,0.618764,0.235767,0.005555,0.081347,0.058568,Luzerne,PA,42079,3,15.5142,,2480,,,Northeast,Floresta temperada decídua,ruim,0.410198
us-0422,EUA,tratamento,,Nautilus Cryptomine,Amazon Web Services,41.083318,-76.148747,5,2024,2022,dynamic_world,2,pos,15,dynamic_world,20,257957,6981.4,2085.92,32.76,689.12,529.08,0.676605,0.202158,0.003175,0.066786,0.051276,Luzerne,PA,42079,3,14.8682,,2480,,,Northeast,Floresta temperada decídua,ruim,0.410198
us-0422,EUA,tratamento,,Nautilus Cryptomine,Amazon Web Services,41.083318,-76.148747,5,2025,2022,dynamic_world,3,pos,15,dynamic_world,20,257957,7090.8,2021.0,47.88,636.48,522.12,0.687208,0.195866,0.00464,0.061685,0.050601,Luzerne,PA,42079,3,12.6384,,2480,,,Northeast,Floresta temperada decídua,ruim,0.410198
