id_municipio,municipio,uf,cnpj_distribuidora,sigla_distribuidora
1200013,Acrelândia,AC,4065033000170,EAC
1200054,Assis Brasil,AC,4065033000170,EAC
1200104,Brasiléia,AC,4065033000170,EAC
1200138,Bujari,AC,4065033000170,EAC
1200179,Capixaba,AC,4065033000170,EAC
1200203,Cruzeiro do Sul,AC,4065033000170,EAC
1200252,Epitaciolândia,AC,4065033000170,EAC
1200302,Feijó,AC,4065033000170,EAC
1200328,Jordão,AC,4065033000170,EAC
1200344,Manoel Urbano,AC,4065033000170,EAC
1200351,Marechal Thaumaturgo,AC,4065033000170,EAC
1200336,Mâncio Lima,AC,4065033000170,EAC
1200385,Plácido de Castro,AC,4065033000170,EAC
1200807,Porto Acre,AC,4065033000170,EAC
1200393,Porto Walter,AC,4065033000170,EAC
1200401,Rio Branco,AC,4065033000170,EAC
1200427,Rodrigues Alves,AC,4065033000170,EAC
1200435,Santa Rosa do Purus,AC,4065033000170,EAC
1200500,Sena Madureira,AC,4065033000170,EAC
1200450,Senador Guiomard,AC,4065033000170,EAC
1200609,Tarauacá,AC,4065033000170,EAC
1200708,Xapuri,AC,4065033000170,EAC
2700201,Anadia,AL,12272084000100,EQUATORIAL AL
2700300,Arapiraca,AL,12272084000100,EQUATORIAL AL
2700409,Atalaia,AL,12272084000100,EQUATORIAL AL
2700508,Barra de Santo Antônio,AL,12272084000100,EQUATORIAL AL
2700607,Barra de São Miguel,AL,12272084000100,EQUATORIAL AL
2700706,Batalha,AL,12272084000100,EQUATORIAL AL
2700904,Belo Monte,AL,12272084000100,EQUATORIAL AL
2700805,Belém,AL,12272084000100,EQUATORIAL AL
2701001,Boca da Mata,AL,12272084000100,EQUATORIAL AL
2701100,Branquinha,AL,12272084000100,EQUATORIAL AL
2701209,Cacimbinhas,AL,12272084000100,EQUATORIAL AL
2701308,Cajueiro,AL,12272084000100,EQUATORIAL AL
2701357,Campestre,AL,12272084000100,EQUATORIAL AL
2701407,Campo Alegre,AL,12272084000100,EQUATORIAL AL
2701506,Campo Grande,AL,12272084000100,EQUATORIAL AL
2701605,Canapi,AL,12272084000100,EQUATORIAL AL
2701704,Capela,AL,12272084000100,EQUATORIAL AL
2701803,Carneiros,AL,12272084000100,EQUATORIAL AL
2701902,Chã Preta,AL,12272084000100,EQUATORIAL AL
2702009,Coité do Nóia,AL,12272084000100,EQUATORIAL AL
2702108,Colônia Leopoldina,AL,12272084000100,EQUATORIAL AL
2702207,Coqueiro Seco,AL,12272084000100,EQUATORIAL AL
2702306,Coruripe,AL,12272084000100,EQUATORIAL AL
2702355,Craíbas,AL,12272084000100,EQUATORIAL AL
2702405,Delmiro Gouveia,AL,12272084000100,EQUATORIAL AL
2702504,Dois Riachos,AL,12272084000100,EQUATORIAL AL
2702553,Estrela de Alagoas,AL,12272084000100,EQUATORIAL AL
2702603,Feira Grande,AL,12272084000100,EQUATORIAL AL
2702702,Feliz Deserto,AL,12272084000100,EQUATORIAL AL
2702801,Flexeiras,AL,12272084000100,EQUATORIAL AL
2702900,Girau do Ponciano,AL,12272084000100,EQUATORIAL AL
2703007,Ibateguara,AL,12272084000100,EQUATORIAL AL
2703106,Igaci,AL,12272084000100,EQUATORIAL AL
2703205,Igreja Nova,AL,12272084000100,EQUATORIAL AL
2703304,Inhapi,AL,12272084000100,EQUATORIAL AL
2703403,Jacaré dos Homens,AL,12272084000100,EQUATORIAL AL
2703502,Jacuípe,AL,12272084000100,EQUATORIAL AL
2703601,Japaratinga,AL,12272084000100,EQUATORIAL AL
2703700,Jaramataia,AL,12272084000100,EQUATORIAL AL
2703759,Jequiá da Praia,AL,12272084000100,EQUATORIAL AL
2703809,Joaquim Gomes,AL,12272084000100,EQUATORIAL AL
2703908,Jundiá,AL,12272084000100,EQUATORIAL AL
2704005,Junqueiro,AL,12272084000100,EQUATORIAL AL
2704104,Lagoa da Canoa,AL,12272084000100,EQUATORIAL AL
2704203,Limoeiro de Anadia,AL,12272084000100,EQUATORIAL AL
2704302,Maceió,AL,12272084000100,EQUATORIAL AL
2704401,Major Isidoro,AL,12272084000100,EQUATORIAL AL
2704906,Mar Vermelho,AL,12272084000100,EQUATORIAL AL
2704500,Maragogi,AL,12272084000100,EQUATORIAL AL
2704609,Maravilha,AL,12272084000100,EQUATORIAL AL
2704708,Marechal Deodoro,AL,12272084000100,EQUATORIAL AL
2704807,Maribondo,AL,12272084000100,EQUATORIAL AL
2705002,Mata Grande,AL,12272084000100,EQUATORIAL AL
2705101,Matriz de Camaragibe,AL,12272084000100,EQUATORIAL AL
2705200,Messias,AL,12272084000100,EQUATORIAL AL
2705309,Minador do Negrão,AL,12272084000100,EQUATORIAL AL
2705408,Monteirópolis,AL,12272084000100,EQUATORIAL AL
2705507,Murici,AL,12272084000100,EQUATORIAL AL
2705606,Novo Lino,AL,12272084000100,EQUATORIAL AL
2705903,Olho D'Água Grande,AL,12272084000100,EQUATORIAL AL
2705705,Olho D'Água das Flores,AL,12272084000100,EQUATORIAL AL
2705804,Olho D'Água do Casado,AL,12272084000100,EQUATORIAL AL
2706000,Olivença,AL,12272084000100,EQUATORIAL AL
2706109,Ouro Branco,AL,12272084000100,EQUATORIAL AL
2706208,Palestina,AL,12272084000100,EQUATORIAL AL
2706307,Palmeira dos Índios,AL,12272084000100,EQUATORIAL AL
2706422,Pariconha,AL,12272084000100,EQUATORIAL AL
2706448,Paripueira,AL,12272084000100,EQUATORIAL AL
2706505,Passo de Camaragibe,AL,12272084000100,EQUATORIAL AL
2706604,Paulo Jacinto,AL,12272084000100,EQUATORIAL AL
2706703,Penedo,AL,12272084000100,EQUATORIAL AL
2706802,Piaçabuçu,AL,12272084000100,EQUATORIAL AL
2706901,Pilar,AL,12272084000100,EQUATORIAL AL
2707008,Pindoba,AL,12272084000100,EQUATORIAL AL
2707107,Piranhas,AL,12272084000100,EQUATORIAL AL
2707305,Porto Calvo,AL,12272084000100,EQUATORIAL AL
2707503,Porto Real do Colégio,AL,12272084000100,EQUATORIAL AL
2707404,Porto de Pedras,AL,12272084000100,EQUATORIAL AL
2707206,Poço das Trincheiras,AL,12272084000100,EQUATORIAL AL
2706406,Pão de Açúcar,AL,12272084000100,EQUATORIAL AL
2707602,Quebrangulo,AL,12272084000100,EQUATORIAL AL
2707701,Rio Largo,AL,12272084000100,EQUATORIAL AL
2707800,Roteiro,AL,12272084000100,EQUATORIAL AL
2707909,Santa Luzia do Norte,AL,12272084000100,EQUATORIAL AL
2708006,Santana do Ipanema,AL,12272084000100,EQUATORIAL AL
2708105,Santana do Mundaú,AL,12272084000100,EQUATORIAL AL
2708907,Satuba,AL,12272084000100,EQUATORIAL AL
2708956,Senador Rui Palmeira,AL,12272084000100,EQUATORIAL AL
2708204,São Brás,AL,12272084000100,EQUATORIAL AL
2708303,São José da Laje,AL,12272084000100,EQUATORIAL AL
2708402,São José da Tapera,AL,12272084000100,EQUATORIAL AL
2708501,São Luís do Quitunde,AL,12272084000100,EQUATORIAL AL
2708600,São Miguel dos Campos,AL,12272084000100,EQUATORIAL AL
2708709,São Miguel dos Milagres,AL,12272084000100,EQUATORIAL AL
2708808,São Sebastião,AL,12272084000100,EQUATORIAL AL
2709004,Tanque D'Arca,AL,12272084000100,EQUATORIAL AL
2709103,Taquarana,AL,12272084000100,EQUATORIAL AL
2709152,Teotônio Vilela,AL,12272084000100,EQUATORIAL AL
2709202,Traipu,AL,12272084000100,EQUATORIAL AL
2709301,União dos Palmares,AL,12272084000100,EQUATORIAL AL
2709400,Viçosa,AL,12272084000100,EQUATORIAL AL
2700102,Água Branca,AL,12272084000100,EQUATORIAL AL
1300029,Alvarães,AM,4355657000122,CEAM
1300060,Amaturá,AM,4355657000122,CEAM
1300086,Anamã,AM,4355657000122,CEAM
1300102,Anori,AM,4355657000122,CEAM
1300144,Apuí,AM,4355657000122,CEAM
1300201,Atalaia do Norte,AM,4355657000122,CEAM
1300300,Autazes,AM,4355657000122,CEAM
1300409,Barcelos,AM,4355657000122,CEAM
1300508,Barreirinha,AM,4355657000122,CEAM
1300607,Benjamin Constant,AM,4355657000122,CEAM
1300631,Beruri,AM,4355657000122,CEAM
1300680,Boa Vista do Ramos,AM,4355657000122,CEAM
1300706,Boca do Acre,AM,4355657000122,CEAM
1300805,Borba,AM,4355657000122,CEAM
1300839,Caapiranga,AM,4355657000122,CEAM
1300904,Canutama,AM,4355657000122,CEAM
1301001,Carauari,AM,4355657000122,CEAM
1301100,Careiro,AM,4355657000122,CEAM
1301159,Careiro da Várzea,AM,2341467000120,Âmbar Amazonas
1301209,Coari,AM,4355657000122,CEAM
1301308,Codajás,AM,4355657000122,CEAM
1301407,Eirunepé,AM,4355657000122,CEAM
1301506,Envira,AM,4355657000122,CEAM
1301605,Fonte Boa,AM,4355657000122,CEAM
1301654,Guajará,AM,4355657000122,CEAM
1301704,Humaitá,AM,4355657000122,CEAM
1301803,Ipixuna,AM,4355657000122,CEAM
1301852,Iranduba,AM,4355657000122,CEAM
1301902,Itacoatiara,AM,2341467000120,Âmbar Amazonas
1301951,Itamarati,AM,4355657000122,CEAM
1302009,Itapiranga,AM,4355657000122,CEAM
1302108,Japurá,AM,4355657000122,CEAM
1302207,Juruá,AM,4355657000122,CEAM
1302306,Jutaí,AM,4355657000122,CEAM
1302405,Lábrea,AM,4355657000122,CEAM
1302504,Manacapuru,AM,4355657000122,CEAM
1302553,Manaquiri,AM,4355657000122,CEAM
1302603,Manaus,AM,2341467000120,Âmbar Amazonas
1302702,Manicoré,AM,4355657000122,CEAM
1302801,Maraã,AM,4355657000122,CEAM
1302900,Maués,AM,4355657000122,CEAM
1303007,Nhamundá,AM,4355657000122,CEAM
1303106,Nova Olinda do Norte,AM,4355657000122,CEAM
1303205,Novo Airão,AM,2341467000120,Âmbar Amazonas
1303304,Novo Aripuanã,AM,4355657000122,CEAM
1303403,Parintins,AM,4355657000122,CEAM
1303502,Pauini,AM,4355657000122,CEAM
1303536,Presidente Figueiredo,AM,2341467000120,Âmbar Amazonas
1303569,Rio Preto da Eva,AM,2341467000120,Âmbar Amazonas
1303601,Santa Isabel do Rio Negro,AM,4355657000122,CEAM
1303700,Santo Antônio do Içá,AM,4355657000122,CEAM
1304005,Silves,AM,4355657000122,CEAM
1303809,São Gabriel da Cachoeira,AM,4355657000122,CEAM
1303908,São Paulo de Olivença,AM,4355657000122,CEAM
1303957,São Sebastião do Uatumã,AM,4355657000122,CEAM
1304062,Tabatinga,AM,4355657000122,CEAM
1304104,Tapauá,AM,4355657000122,CEAM
1304203,Tefé,AM,4355657000122,CEAM
1304237,Tonantins,AM,4355657000122,CEAM
1304260,Uarini,AM,4355657000122,CEAM
1304302,Urucará,AM,4355657000122,CEAM
1304401,Urucurituba,AM,4355657000122,CEAM
1600105,Amapá,AP,5965546000109,CEA
1600204,Calçoene,AP,5965546000109,CEA
1600212,Cutias,AP,5965546000109,CEA
1600238,Ferreira Gomes,AP,5965546000109,CEA
1600253,Itaubal,AP,5965546000109,CEA
1600279,Laranjal do Jari,AP,5965546000109,CEA
1600303,Macapá,AP,5965546000109,CEA
1600402,Mazagão,AP,5965546000109,CEA
1600501,Oiapoque,AP,5965546000109,CEA
1600154,Pedra Branca do Amapari,AP,5965546000109,CEA
1600535,Porto Grande,AP,5965546000109,CEA
1600550,Pracuúba,AP,5965546000109,CEA
1600600,Santana,AP,5965546000109,CEA
1600055,Serra do Navio,AP,5965546000109,CEA
1600709,Tartarugalzinho,AP,5965546000109,CEA
1600808,Vitória do Jari,AP,5965546000109,CEA
2900207,Abaré,BA,15139629000194,COELBA
2900108,Abaíra,BA,15139629000194,COELBA
2900306,Acajutiba,BA,15139629000194,COELBA
2900355,Adustina,BA,15139629000194,COELBA
2900603,Aiquara,BA,15139629000194,COELBA
2900702,Alagoinhas,BA,15139629000194,COELBA
2900801,Alcobaça,BA,15139629000194,COELBA
2900900,Almadina,BA,15139629000194,COELBA
2901007,Amargosa,BA,15139629000194,COELBA
2901106,Amélia Rodrigues,BA,15139629000194,COELBA
2901155,América Dourada,BA,15139629000194,COELBA
2901205,Anagé,BA,15139629000194,COELBA
2901304,Andaraí,BA,15139629000194,COELBA
2901353,Andorinha,BA,15139629000194,COELBA
2901403,Angical,BA,15139629000194,COELBA
2901502,Anguera,BA,15139629000194,COELBA
2901601,Antas,BA,15139629000194,COELBA
2901700,Antônio Cardoso,BA,15139629000194,COELBA
2901809,Antônio Gonçalves,BA,15139629000194,COELBA
2901908,Aporá,BA,15139629000194,COELBA
2901957,Apuarema,BA,15139629000194,COELBA
2902005,Aracatu,BA,15139629000194,COELBA
2902104,Araci,BA,15139629000194,COELBA
2902203,Aramari,BA,15139629000194,COELBA
2902252,Arataca,BA,15139629000194,COELBA
2902302,Aratuípe,BA,15139629000194,COELBA
2902054,Araças,BA,15139629000194,COELBA
2902401,Aurelino Leal,BA,15139629000194,COELBA
2902500,Baianópolis,BA,15139629000194,COELBA
2902609,Baixa Grande,BA,15139629000194,COELBA
2902658,Banzaê,BA,15139629000194,COELBA
2902708,Barra,BA,15139629000194,COELBA
2902807,Barra da Estiva,BA,15139629000194,COELBA
2902906,Barra do Choça,BA,15139629000194,COELBA
2903003,Barra do Mendes,BA,15139629000194,COELBA
2903102,Barra do Rocha,BA,15139629000194,COELBA
2903201,Barreiras,BA,15139629000194,COELBA
2903235,Barro Alto,BA,15139629000194,COELBA
2903300,Barro Preto,BA,15139629000194,COELBA
2903276,Barrocas,BA,15139629000194,COELBA
2903409,Belmonte,BA,15139629000194,COELBA
2903508,Belo Campo,BA,15139629000194,COELBA
2903607,Biritinga,BA,15139629000194,COELBA
2903706,Boa Nova,BA,15139629000194,COELBA
2903805,Boa Vista do Tupim,BA,15139629000194,COELBA
2903904,Bom Jesus da Lapa,BA,15139629000194,COELBA
2903953,Bom Jesus da Serra,BA,15139629000194,COELBA
2904001,Boninal,BA,15139629000194,COELBA
2904050,Bonito,BA,15139629000194,COELBA
2904100,Boquira,BA,15139629000194,COELBA
2904209,Botuporã,BA,15139629000194,COELBA
2904407,Brejolândia,BA,15139629000194,COELBA
2904308,Brejões,BA,15139629000194,COELBA
2904506,Brotas de Macaúbas,BA,15139629000194,COELBA
2904605,Brumado,BA,15139629000194,COELBA
2904704,Buerarema,BA,15139629000194,COELBA
2904753,Buritirama,BA,15139629000194,COELBA
2904803,Caatiba,BA,15139629000194,COELBA
2904852,Cabaceiras do Paraguaçu,BA,15139629000194,COELBA
2904902,Cachoeira,BA,15139629000194,COELBA
2905008,Caculé,BA,15139629000194,COELBA
2905156,Caetanos,BA,15139629000194,COELBA
2905206,Caetité,BA,15139629000194,COELBA
2905305,Cafarnaum,BA,15139629000194,COELBA
2905404,Cairu,BA,15139629000194,COELBA
2905503,Caldeirão Grande,BA,15139629000194,COELBA
2905602,Camacan,BA,15139629000194,COELBA
2905800,Camamu,BA,15139629000194,COELBA
2905701,Camaçari,BA,15139629000194,COELBA
2905909,Campo Alegre de Lourdes,BA,15139629000194,COELBA
2906006,Campo Formoso,BA,15139629000194,COELBA
2906204,Canarana,BA,15139629000194,COELBA
2906303,Canavieiras,BA,15139629000194,COELBA
2906402,Candeal,BA,15139629000194,COELBA
2906501,Candeias,BA,15139629000194,COELBA
2906600,Candiba,BA,15139629000194,COELBA
2906808,Cansanção,BA,15139629000194,COELBA
2906824,Canudos,BA,15139629000194,COELBA
2906105,Canápolis,BA,15139629000194,COELBA
2906857,Capela do Alto Alegre,BA,15139629000194,COELBA
2906873,Capim Grosso,BA,15139629000194,COELBA
2906907,Caravelas,BA,15139629000194,COELBA
2906899,Caraíbas,BA,15139629000194,COELBA
2907004,Cardeal da Silva,BA,15139629000194,COELBA
2907103,Carinhanha,BA,15139629000194,COELBA
2907202,Casa Nova,BA,15139629000194,COELBA
2907301,Castro Alves,BA,15139629000194,COELBA
2907400,Catolândia,BA,15139629000194,COELBA
2907509,Catu,BA,15139629000194,COELBA
2907558,Caturama,BA,15139629000194,COELBA
2905107,Caém,BA,15139629000194,COELBA
2907608,Central,BA,15139629000194,COELBA
2907707,Chorrochó,BA,15139629000194,COELBA
2907905,Cipó,BA,15139629000194,COELBA
2908002,Coaraci,BA,15139629000194,COELBA
2908101,Cocos,BA,15139629000194,COELBA
2908200,Conceição da Feira,BA,15139629000194,COELBA
2908309,Conceição do Almeida,BA,15139629000194,COELBA
2908408,Conceição do Coité,BA,15139629000194,COELBA
2908507,Conceição do Jacuípe,BA,15139629000194,COELBA
2908606,Conde,BA,15139629000194,COELBA
2908705,Condeúba,BA,15139629000194,COELBA
2908804,Contendas do Sincorá,BA,15139629000194,COELBA
2908903,Coração de Maria,BA,15139629000194,COELBA
2909000,Cordeiros,BA,15139629000194,COELBA
2909109,Coribe,BA,15139629000194,COELBA
2909208,Coronel João Sá,BA,15139629000194,COELBA
2909307,Correntina,BA,15139629000194,COELBA
2909406,Cotegipe,BA,15139629000194,COELBA
2909505,Cravolândia,BA,15139629000194,COELBA
2909703,Cristópolis,BA,15139629000194,COELBA
2909604,Crisópolis,BA,15139629000194,COELBA
2909802,Cruz das Almas,BA,15139629000194,COELBA
2909901,Curaçá,BA,15139629000194,COELBA
2906709,Cândido Sales,BA,15139629000194,COELBA
2907806,Cícero Dantas,BA,15139629000194,COELBA
2910057,Dias D'Ávila,BA,15139629000194,COELBA
2910107,Dom Basílio,BA,15139629000194,COELBA
2910206,Dom Macedo Costa,BA,15139629000194,COELBA
2910008,Dário Meira,BA,15139629000194,COELBA
2910305,Elísio Medrado,BA,15139629000194,COELBA
2910404,Encruzilhada,BA,15139629000194,COELBA
2910503,Entre Rios,BA,15139629000194,COELBA
2910602,Esplanada,BA,15139629000194,COELBA
2910701,Euclides da Cunha,BA,15139629000194,COELBA
2910727,Eunápolis,BA,15139629000194,COELBA
2910776,Feira da Mata,BA,15139629000194,COELBA
2910800,Feira de Santana,BA,15139629000194,COELBA
2910859,Filadélfia,BA,15139629000194,COELBA
2910909,Firmino Alves,BA,15139629000194,COELBA
2911006,Floresta Azul,BA,15139629000194,COELBA
2911105,Formosa do Rio Preto,BA,15139629000194,COELBA
2910750,Fátima,BA,15139629000194,COELBA
2911204,Gandu,BA,15139629000194,COELBA
2911253,Gavião,BA,15139629000194,COELBA
2911303,Gentio do Ouro,BA,15139629000194,COELBA
2911402,Glória,BA,15139629000194,COELBA
2911501,Gongogi,BA,15139629000194,COELBA
2911600,Governador Mangabeira,BA,15139629000194,COELBA
2911659,Guajeru,BA,15139629000194,COELBA
2911709,Guanambi,BA,15139629000194,COELBA
2911808,Guaratinga,BA,15139629000194,COELBA
2911857,Heliópolis,BA,15139629000194,COELBA
2911907,Iaçu,BA,15139629000194,COELBA
2912004,Ibiassucê,BA,15139629000194,COELBA
2912103,Ibicaraí,BA,15139629000194,COELBA
2912202,Ibicoara,BA,15139629000194,COELBA
2912301,Ibicuí,BA,15139629000194,COELBA
2912400,Ibipeba,BA,15139629000194,COELBA
2912509,Ibipitanga,BA,15139629000194,COELBA
2912608,Ibiquera,BA,15139629000194,COELBA
2912707,Ibirapitanga,BA,15139629000194,COELBA
2912806,Ibirapuã,BA,15139629000194,COELBA
2912905,Ibirataia,BA,15139629000194,COELBA
2913002,Ibitiara,BA,15139629000194,COELBA
2913101,Ibititá,BA,15139629000194,COELBA
2913200,Ibotirama,BA,15139629000194,COELBA
2913309,Ichu,BA,15139629000194,COELBA
2913408,Igaporã,BA,15139629000194,COELBA
2913457,Igrapiúna,BA,15139629000194,COELBA
2913507,Iguaí,BA,15139629000194,COELBA
2913606,Ilhéus,BA,15139629000194,COELBA
2913705,Inhambupe,BA,15139629000194,COELBA
2913804,Ipecaetá,BA,15139629000194,COELBA
2913903,Ipiaú,BA,15139629000194,COELBA
2914000,Ipirá,BA,15139629000194,COELBA
2914109,Ipupiara,BA,15139629000194,COELBA
2914208,Irajuba,BA,15139629000194,COELBA
2914307,Iramaia,BA,15139629000194,COELBA
2914406,Iraquara,BA,15139629000194,COELBA
2914505,Irará,BA,15139629000194,COELBA
2914604,Irecê,BA,15139629000194,COELBA
2914653,Itabela,BA,15139629000194,COELBA
2914703,Itaberaba,BA,15139629000194,COELBA
2914802,Itabuna,BA,15139629000194,COELBA
2914901,Itacaré,BA,15139629000194,COELBA
2915007,Itaeté,BA,15139629000194,COELBA
2915106,Itagi,BA,15139629000194,COELBA
2915205,Itagibá,BA,15139629000194,COELBA
2915304,Itagimirim,BA,15139629000194,COELBA
2915353,Itaguaçu da Bahia,BA,15139629000194,COELBA
2915403,Itaju do Colônia,BA,15139629000194,COELBA
2915502,Itajuípe,BA,15139629000194,COELBA
2915601,Itamaraju,BA,15139629000194,COELBA
2915700,Itamari,BA,15139629000194,COELBA
2915809,Itambé,BA,15139629000194,COELBA
2915908,Itanagra,BA,15139629000194,COELBA
2916005,Itanhém,BA,15139629000194,COELBA
2916104,Itaparica,BA,15139629000194,COELBA
2916302,Itapebi,BA,15139629000194,COELBA
2916401,Itapetinga,BA,15139629000194,COELBA
2916500,Itapicuru,BA,15139629000194,COELBA
2916609,Itapitanga,BA,15139629000194,COELBA
2916203,Itapé,BA,15139629000194,COELBA
2916708,Itaquara,BA,15139629000194,COELBA
2916807,Itarantim,BA,15139629000194,COELBA
2916856,Itatim,BA,15139629000194,COELBA
2916906,Itiruçu,BA,15139629000194,COELBA
2917003,Itiúba,BA,15139629000194,COELBA
2917102,Itororó,BA,15139629000194,COELBA
2917201,Ituaçu,BA,15139629000194,COELBA
2917300,Ituberá,BA,15139629000194,COELBA
2917334,Iuiú,BA,15139629000194,COELBA
2917359,Jaborandi,BA,15139629000194,COELBA
2917409,Jacaraci,BA,15139629000194,COELBA
2917508,Jacobina,BA,15139629000194,COELBA
2917607,Jaguaquara,BA,15139629000194,COELBA
2917706,Jaguarari,BA,15139629000194,COELBA
2917805,Jaguaripe,BA,15139629000194,COELBA
2917904,Jandaíra,BA,13255658000196,SULGIPE
2918001,Jequié,BA,15139629000194,COELBA
2918100,Jeremoabo,BA,15139629000194,COELBA
2918209,Jiquiriçá,BA,15139629000194,COELBA
2918308,Jitaúna,BA,15139629000194,COELBA
2918357,João Dourado,BA,15139629000194,COELBA
2918407,Juazeiro,BA,15139629000194,COELBA
2918456,Jucuruçu,BA,15139629000194,COELBA
2918506,Jussara,BA,15139629000194,COELBA
2918555,Jussari,BA,15139629000194,COELBA
2918605,Jussiape,BA,15139629000194,COELBA
2918704,Lafaiete Coutinho,BA,15139629000194,COELBA
2918753,Lagoa Real,BA,15139629000194,COELBA
2918803,Laje,BA,15139629000194,COELBA
2919009,Lajedinho,BA,15139629000194,COELBA
2919058,Lajedo do Tabocal,BA,15139629000194,COELBA
2918902,Lajedão,BA,15139629000194,COELBA
2919108,Lamarão,BA,15139629000194,COELBA
2919157,Lapão,BA,15139629000194,COELBA
2919207,Lauro de Freitas,BA,15139629000194,COELBA
2919306,Lençóis,BA,15139629000194,COELBA
2919405,Licínio de Almeida,BA,15139629000194,COELBA
2919504,Livramento de Nossa Senhora,BA,15139629000194,COELBA
2919553,Luís Eduardo Magalhães,BA,15139629000194,COELBA
2919603,Macajuba,BA,15139629000194,COELBA
2919702,Macarani,BA,15139629000194,COELBA
2919801,Macaúbas,BA,15139629000194,COELBA
2919900,Macururé,BA,15139629000194,COELBA
2919926,Madre de Deus,BA,15139629000194,COELBA
2919959,Maetinga,BA,15139629000194,COELBA
2920007,Maiquinique,BA,15139629000194,COELBA
2920106,Mairi,BA,15139629000194,COELBA
2920205,Malhada,BA,15139629000194,COELBA
2920304,Malhada de Pedras,BA,15139629000194,COELBA
2920403,Manoel Vitorino,BA,15139629000194,COELBA
2920452,Mansidão,BA,15139629000194,COELBA
2920502,Maracás,BA,15139629000194,COELBA
2920601,Maragogipe,BA,15139629000194,COELBA
2920700,Maraú,BA,15139629000194,COELBA
2920809,Marcionílio Souza,BA,15139629000194,COELBA
2920908,Mascote,BA,15139629000194,COELBA
2921005,Mata de São João,BA,15139629000194,COELBA
2921054,Matina,BA,15139629000194,COELBA
2921104,Medeiros Neto,BA,15139629000194,COELBA
2921203,Miguel Calmon,BA,15139629000194,COELBA
2921302,Milagres,BA,15139629000194,COELBA
2921401,Mirangaba,BA,15139629000194,COELBA
2921450,Mirante,BA,15139629000194,COELBA
2921500,Monte Santo,BA,15139629000194,COELBA
2921609,Morpará,BA,15139629000194,COELBA
2921708,Morro do Chapéu,BA,15139629000194,COELBA
2921807,Mortugaba,BA,15139629000194,COELBA
2921906,Mucugê,BA,15139629000194,COELBA
2922003,Mucuri,BA,15139629000194,COELBA
2922052,Mulungu do Morro,BA,15139629000194,COELBA
2922102,Mundo Novo,BA,15139629000194,COELBA
2922201,Muniz Ferreira,BA,15139629000194,COELBA
2922250,Muquém de São Francisco,BA,15139629000194,COELBA
2922300,Muritiba,BA,15139629000194,COELBA
2922409,Mutuípe,BA,15139629000194,COELBA
2922508,Nazaré,BA,15139629000194,COELBA
2922607,Nilo Peçanha,BA,15139629000194,COELBA
2922656,Nordestina,BA,15139629000194,COELBA
2922706,Nova Canaã,BA,15139629000194,COELBA
2922730,Nova Fátima,BA,15139629000194,COELBA
2922755,Nova Ibiá,BA,15139629000194,COELBA
2922805,Nova Itarana,BA,15139629000194,COELBA
2922854,Nova Redenção,BA,15139629000194,COELBA
2922904,Nova Soure,BA,15139629000194,COELBA
2923001,Nova Viçosa,BA,15139629000194,COELBA
2923035,Novo Horizonte,BA,15139629000194,COELBA
2923050,Novo Triunfo,BA,15139629000194,COELBA
2923100,Olindina,BA,15139629000194,COELBA
2923209,Oliveira dos Brejinhos,BA,15139629000194,COELBA
2923308,Ouriçangas,BA,15139629000194,COELBA
2923357,Ourolândia,BA,15139629000194,COELBA
2923407,Palmas de Monte Alto,BA,15139629000194,COELBA
2923506,Palmeiras,BA,15139629000194,COELBA
2923605,Paramirim,BA,15139629000194,COELBA
2923704,Paratinga,BA,15139629000194,COELBA
2923803,Paripiranga,BA,15139629000194,COELBA
2923902,Pau Brasil,BA,15139629000194,COELBA
2924009,Paulo Afonso,BA,15139629000194,COELBA
2924207,Pedro Alexandre,BA,15139629000194,COELBA
2924108,Pedrão,BA,15139629000194,COELBA
2924306,Piatã,BA,15139629000194,COELBA
2924405,Pilão Arcado,BA,15139629000194,COELBA
2924504,Pindaí,BA,15139629000194,COELBA
2924603,Pindobaçu,BA,15139629000194,COELBA
2924652,Pintadas,BA,15139629000194,COELBA
2924678,Piraí do Norte,BA,15139629000194,COELBA
2924702,Piripá,BA,15139629000194,COELBA
2924801,Piritiba,BA,15139629000194,COELBA
2924900,Planaltino,BA,15139629000194,COELBA
2925006,Planalto,BA,15139629000194,COELBA
2925204,Pojuca,BA,15139629000194,COELBA
2925253,Ponto Novo,BA,15139629000194,COELBA
2925303,Porto Seguro,BA,15139629000194,COELBA
2925402,Potiraguá,BA,15139629000194,COELBA
2925105,Poções,BA,15139629000194,COELBA
2925501,Prado,BA,15139629000194,COELBA
2925600,Presidente Dutra,BA,15139629000194,COELBA
2925709,Presidente Jânio Quadros,BA,15139629000194,COELBA
2925758,Presidente Tancredo Neves,BA,15139629000194,COELBA
2924058,Pé de Serra,BA,15139629000194,COELBA
2925808,Queimadas,BA,15139629000194,COELBA
2925907,Quijingue,BA,15139629000194,COELBA
2925931,Quixabeira,BA,15139629000194,COELBA
2925956,Rafael Jambeiro,BA,15139629000194,COELBA
2926004,Remanso,BA,15139629000194,COELBA
2926103,Retirolândia,BA,15139629000194,COELBA
2926400,Riacho de Santana,BA,15139629000194,COELBA
2926202,Riachão das Neves,BA,15139629000194,COELBA
2926301,Riachão do Jacuípe,BA,15139629000194,COELBA
2926509,Ribeira do Amparo,BA,15139629000194,COELBA
2926608,Ribeira do Pombal,BA,15139629000194,COELBA
2926657,Ribeirão do Largo,BA,15139629000194,COELBA
2927002,Rio Real,BA,13255658000196,SULGIPE
2926707,Rio de Contas,BA,15139629000194,COELBA
2926806,Rio do Antônio,BA,15139629000194,COELBA
2926905,Rio do Pires,BA,15139629000194,COELBA
2927101,Rodelas,BA,15139629000194,COELBA
2927200,Ruy Barbosa,BA,15139629000194,COELBA
2927309,Salinas da Margarida,BA,15139629000194,COELBA
2927408,Salvador,BA,15139629000194,COELBA
2927606,Santa Brígida,BA,15139629000194,COELBA
2927507,Santa Bárbara,BA,15139629000194,COELBA
2927705,Santa Cruz Cabrália,BA,15139629000194,COELBA
2927804,Santa Cruz da Vitória,BA,15139629000194,COELBA
2927903,Santa Inês,BA,15139629000194,COELBA
2928059,Santa Luzia,BA,15139629000194,COELBA
2928109,Santa Maria da Vitória,BA,15139629000194,COELBA
2928406,Santa Rita de Cássia,BA,15139629000194,COELBA
2928505,Santa Teresinha,BA,15139629000194,COELBA
2928000,Santaluz,BA,15139629000194,COELBA
2928208,Santana,BA,15139629000194,COELBA
2928307,Santanópolis,BA,15139629000194,COELBA
2928604,Santo Amaro,BA,15139629000194,COELBA
2928703,Santo Antônio de Jesus,BA,15139629000194,COELBA
2928802,Santo Estêvão,BA,15139629000194,COELBA
2929602,Sapeaçu,BA,15139629000194,COELBA
2929750,Saubara,BA,15139629000194,COELBA
2929800,Saúde,BA,15139629000194,COELBA
2929909,Seabra,BA,15139629000194,COELBA
2930006,Sebastião Laranjeiras,BA,15139629000194,COELBA
2930105,Senhor do Bonfim,BA,15139629000194,COELBA
2930204,Sento Sé,BA,15139629000194,COELBA
2930303,Serra Dourada,BA,15139629000194,COELBA
2930402,Serra Preta,BA,15139629000194,COELBA
2930154,Serra do Ramalho,BA,15139629000194,COELBA
2930501,Serrinha,BA,15139629000194,COELBA
2930600,Serrolândia,BA,15139629000194,COELBA
2930709,Simões Filho,BA,15139629000194,COELBA
2930774,Sobradinho,BA,15139629000194,COELBA
2930808,Souto Soares,BA,15139629000194,COELBA
2929701,Sátiro Dias,BA,15139629000194,COELBA
2928901,São Desidério,BA,15139629000194,COELBA
2928950,São Domingos,BA,15139629000194,COELBA
2929107,São Felipe,BA,15139629000194,COELBA
2929206,São Francisco do Conde,BA,15139629000194,COELBA
2929008,São Félix,BA,15139629000194,COELBA
2929057,São Félix do Coribe,BA,15139629000194,COELBA
2929255,São Gabriel,BA,15139629000194,COELBA
2929305,São Gonçalo dos Campos,BA,15139629000194,COELBA
2929354,São José da Vitória,BA,15139629000194,COELBA
2929370,São José do Jacuípe,BA,15139629000194,COELBA
2929404,São Miguel das Matas,BA,15139629000194,COELBA
2929503,São Sebastião do Passé,BA,15139629000194,COELBA
2930758,Sítio do Mato,BA,15139629000194,COELBA
2930766,Sítio do Quinto,BA,15139629000194,COELBA
2930907,Tabocas do Brejo Velho,BA,15139629000194,COELBA
2931004,Tanhaçu,BA,15139629000194,COELBA
2931053,Tanque Novo,BA,15139629000194,COELBA
2931103,Tanquinho,BA,15139629000194,COELBA
2931202,Taperoá,BA,15139629000194,COELBA
2931301,Tapiramutá,BA,15139629000194,COELBA
2931350,Teixeira de Freitas,BA,15139629000194,COELBA
2931400,Teodoro Sampaio,BA,15139629000194,COELBA
2931509,Teofilândia,BA,15139629000194,COELBA
2931608,Teolândia,BA,15139629000194,COELBA
2931707,Terra Nova,BA,15139629000194,COELBA
2931806,Tremedal,BA,15139629000194,COELBA
2931905,Tucano,BA,15139629000194,COELBA
2932002,Uauá,BA,15139629000194,COELBA
2932200,Ubaitaba,BA,15139629000194,COELBA
2932309,Ubatã,BA,15139629000194,COELBA
2932101,Ubaíra,BA,15139629000194,COELBA
2932408,Uibaí,BA,15139629000194,COELBA
2932457,Umburanas,BA,15139629000194,COELBA
2932507,Una,BA,15139629000194,COELBA
2932606,Urandi,BA,15139629000194,COELBA
2932705,Uruçuca,BA,15139629000194,COELBA
2932804,Utinga,BA,15139629000194,COELBA
2933000,Valente,BA,15139629000194,COELBA
2932903,Valença,BA,15139629000194,COELBA
2933174,Varzedo,BA,15139629000194,COELBA
2933208,Vera Cruz,BA,15139629000194,COELBA
2933257,Vereda,BA,15139629000194,COELBA
2933307,Vitória da Conquista,BA,15139629000194,COELBA
2933158,Várzea Nova,BA,15139629000194,COELBA
2933059,Várzea da Roça,BA,15139629000194,COELBA
2933109,Várzea do Poço,BA,15139629000194,COELBA
2933406,Wagner,BA,15139629000194,COELBA
2933455,Wanderley,BA,15139629000194,COELBA
2933505,Wenceslau Guimarães,BA,15139629000194,COELBA
2933604,Xique-Xique,BA,15139629000194,COELBA
2900405,Água Fria,BA,15139629000194,COELBA
2900504,Érico Cardoso,BA,15139629000194,COELBA
2300101,Abaiara,CE,7047251000170,ENEL CE
2300150,Acarape,CE,7047251000170,ENEL CE
2300200,Acaraú,CE,7047251000170,ENEL CE
2300309,Acopiara,CE,7047251000170,ENEL CE
2300408,Aiuaba,CE,7047251000170,ENEL CE
2300507,Alcântaras,CE,7047251000170,ENEL CE
2300606,Altaneira,CE,7047251000170,ENEL CE
2300705,Alto Santo,CE,7047251000170,ENEL CE
2300754,Amontada,CE,7047251000170,ENEL CE
2300804,Antonina do Norte,CE,7047251000170,ENEL CE
2300903,Apuiarés,CE,7047251000170,ENEL CE
2301000,Aquiraz,CE,7047251000170,ENEL CE
2301109,Aracati,CE,7047251000170,ENEL CE
2301208,Aracoiaba,CE,7047251000170,ENEL CE
2301257,Ararendá,CE,7047251000170,ENEL CE
2301307,Araripe,CE,7047251000170,ENEL CE
2301406,Aratuba,CE,7047251000170,ENEL CE
2301505,Arneiroz,CE,7047251000170,ENEL CE
2301604,Assaré,CE,7047251000170,ENEL CE
2301703,Aurora,CE,7047251000170,ENEL CE
2301802,Baixio,CE,7047251000170,ENEL CE
2301851,Banabuiú,CE,7047251000170,ENEL CE
2301901,Barbalha,CE,7047251000170,ENEL CE
2301950,Barreira,CE,7047251000170,ENEL CE
2302008,Barro,CE,7047251000170,ENEL CE
2302057,Barroquinha,CE,7047251000170,ENEL CE
2302107,Baturité,CE,7047251000170,ENEL CE
2302206,Beberibe,CE,7047251000170,ENEL CE
2302305,Bela Cruz,CE,7047251000170,ENEL CE
2302404,Boa Viagem,CE,7047251000170,ENEL CE
2302503,Brejo Santo,CE,7047251000170,ENEL CE
2302602,Camocim,CE,7047251000170,ENEL CE
2302701,Campos Sales,CE,7047251000170,ENEL CE
2302800,Canindé,CE,7047251000170,ENEL CE
2302909,Capistrano,CE,7047251000170,ENEL CE
2303006,Caridade,CE,7047251000170,ENEL CE
2303204,Caririaçu,CE,7047251000170,ENEL CE
2303105,Cariré,CE,7047251000170,ENEL CE
2303303,Cariús,CE,7047251000170,ENEL CE
2303402,Carnaubal,CE,7047251000170,ENEL CE
2303501,Cascavel,CE,7047251000170,ENEL CE
2303600,Catarina,CE,7047251000170,ENEL CE
2303659,Catunda,CE,7047251000170,ENEL CE
2303709,Caucaia,CE,7047251000170,ENEL CE
2303808,Cedro,CE,7047251000170,ENEL CE
2303907,Chaval,CE,7047251000170,ENEL CE
2303956,Chorozinho,CE,7047251000170,ENEL CE
2303931,Choró,CE,7047251000170,ENEL CE
2304004,Coreaú,CE,7047251000170,ENEL CE
2304103,Crateús,CE,7047251000170,ENEL CE
2304202,Crato,CE,7047251000170,ENEL CE
2304236,Croatá,CE,7047251000170,ENEL CE
2304251,Cruz,CE,7047251000170,ENEL CE
2304269,Deputado Irapuan Pinheiro,CE,7047251000170,ENEL CE
2304277,Ererê,CE,7047251000170,ENEL CE
2304285,Eusébio,CE,7047251000170,ENEL CE
2304301,Farias Brito,CE,7047251000170,ENEL CE
2304350,Forquilha,CE,7047251000170,ENEL CE
2304400,Fortaleza,CE,7047251000170,ENEL CE
2304459,Fortim,CE,7047251000170,ENEL CE
2304509,Frecheirinha,CE,7047251000170,ENEL CE
2304608,General Sampaio,CE,7047251000170,ENEL CE
2304707,Granja,CE,7047251000170,ENEL CE
2304806,Granjeiro,CE,7047251000170,ENEL CE
2304657,Graça,CE,7047251000170,ENEL CE
2304905,Groaíras,CE,7047251000170,ENEL CE
2304954,Guaiúba,CE,7047251000170,ENEL CE
2305001,Guaraciaba do Norte,CE,7047251000170,ENEL CE
2305100,Guaramiranga,CE,7047251000170,ENEL CE
2305209,Hidrolândia,CE,7047251000170,ENEL CE
2305233,Horizonte,CE,7047251000170,ENEL CE
2305266,Ibaretama,CE,7047251000170,ENEL CE
2305308,Ibiapina,CE,7047251000170,ENEL CE
2305332,Ibicuitinga,CE,7047251000170,ENEL CE
2305357,Icapuí,CE,7047251000170,ENEL CE
2305407,Icó,CE,7047251000170,ENEL CE
2305506,Iguatu,CE,7047251000170,ENEL CE
2305605,Independência,CE,7047251000170,ENEL CE
2305654,Ipaporanga,CE,7047251000170,ENEL CE
2305704,Ipaumirim,CE,7047251000170,ENEL CE
2305803,Ipu,CE,7047251000170,ENEL CE
2305902,Ipueiras,CE,7047251000170,ENEL CE
2306009,Iracema,CE,7047251000170,ENEL CE
2306108,Irauçuba,CE,7047251000170,ENEL CE
2306256,Itaitinga,CE,7047251000170,ENEL CE
2306207,Itaiçaba,CE,7047251000170,ENEL CE
2306306,Itapajé,CE,7047251000170,ENEL CE
2306405,Itapipoca,CE,7047251000170,ENEL CE
2306504,Itapiúna,CE,7047251000170,ENEL CE
2306553,Itarema,CE,7047251000170,ENEL CE
2306603,Itatira,CE,7047251000170,ENEL CE
2306702,Jaguaretama,CE,7047251000170,ENEL CE
2306801,Jaguaribara,CE,7047251000170,ENEL CE
2306900,Jaguaribe,CE,7047251000170,ENEL CE
2307007,Jaguaruana,CE,7047251000170,ENEL CE
2307106,Jardim,CE,7047251000170,ENEL CE
2307205,Jati,CE,7047251000170,ENEL CE
2307254,Jijoca de Jericoacoara,CE,7047251000170,ENEL CE
2307304,Juazeiro do Norte,CE,7047251000170,ENEL CE
2307403,Jucás,CE,7047251000170,ENEL CE
2307502,Lavras da Mangabeira,CE,7047251000170,ENEL CE
2307601,Limoeiro do Norte,CE,7047251000170,ENEL CE
2307635,Madalena,CE,7047251000170,ENEL CE
2307650,Maracanaú,CE,7047251000170,ENEL CE
2307700,Maranguape,CE,7047251000170,ENEL CE
2307809,Marco,CE,7047251000170,ENEL CE
2307908,Martinópole,CE,7047251000170,ENEL CE
2308005,Massapê,CE,7047251000170,ENEL CE
2308104,Mauriti,CE,7047251000170,ENEL CE
2308203,Meruoca,CE,7047251000170,ENEL CE
2308302,Milagres,CE,7047251000170,ENEL CE
2308351,Milhã,CE,7047251000170,ENEL CE
2308377,Miraíma,CE,7047251000170,ENEL CE
2308401,Missão Velha,CE,7047251000170,ENEL CE
2308500,Mombaça,CE,7047251000170,ENEL CE
2308609,Monsenhor Tabosa,CE,7047251000170,ENEL CE
2308708,Morada Nova,CE,7047251000170,ENEL CE
2308807,Moraújo,CE,7047251000170,ENEL CE
2308906,Morrinhos,CE,7047251000170,ENEL CE
2309003,Mucambo,CE,7047251000170,ENEL CE
2309102,Mulungu,CE,7047251000170,ENEL CE
2309201,Nova Olinda,CE,7047251000170,ENEL CE
2309300,Nova Russas,CE,7047251000170,ENEL CE
2309409,Novo Oriente,CE,7047251000170,ENEL CE
2309458,Ocara,CE,7047251000170,ENEL CE
2309508,Orós,CE,7047251000170,ENEL CE
2309607,Pacajus,CE,7047251000170,ENEL CE
2309706,Pacatuba,CE,7047251000170,ENEL CE
2309805,Pacoti,CE,7047251000170,ENEL CE
2309904,Pacujá,CE,7047251000170,ENEL CE
2310001,Palhano,CE,7047251000170,ENEL CE
2310100,Palmácia,CE,7047251000170,ENEL CE
2310209,Paracuru,CE,7047251000170,ENEL CE
2310258,Paraipaba,CE,7047251000170,ENEL CE
2310308,Parambu,CE,7047251000170,ENEL CE
2310407,Paramoti,CE,7047251000170,ENEL CE
2310506,Pedra Branca,CE,7047251000170,ENEL CE
2310605,Penaforte,CE,7047251000170,ENEL CE
2310704,Pentecoste,CE,7047251000170,ENEL CE
2310803,Pereiro,CE,7047251000170,ENEL CE
2310852,Pindoretama,CE,7047251000170,ENEL CE
2310902,Piquet Carneiro,CE,7047251000170,ENEL CE
2310951,Pires Ferreira,CE,7047251000170,ENEL CE
2311009,Poranga,CE,7047251000170,ENEL CE
2311108,Porteiras,CE,7047251000170,ENEL CE
2311207,Potengi,CE,7047251000170,ENEL CE
2311231,Potiretama,CE,7047251000170,ENEL CE
2311264,Quiterianópolis,CE,7047251000170,ENEL CE
2311306,Quixadá,CE,7047251000170,ENEL CE
2311355,Quixelô,CE,7047251000170,ENEL CE
2311405,Quixeramobim,CE,7047251000170,ENEL CE
2311504,Quixeré,CE,7047251000170,ENEL CE
2311603,Redenção,CE,7047251000170,ENEL CE
2311702,Reriutaba,CE,7047251000170,ENEL CE
2311801,Russas,CE,7047251000170,ENEL CE
2311900,Saboeiro,CE,7047251000170,ENEL CE
2311959,Salitre,CE,7047251000170,ENEL CE
2312205,Santa Quitéria,CE,7047251000170,ENEL CE
2312007,Santana do Acaraú,CE,7047251000170,ENEL CE
2312106,Santana do Cariri,CE,7047251000170,ENEL CE
2312700,Senador Pompeu,CE,7047251000170,ENEL CE
2312809,Senador Sá,CE,7047251000170,ENEL CE
2312908,Sobral,CE,7047251000170,ENEL CE
2313005,Solonópole,CE,7047251000170,ENEL CE
2312304,São Benedito,CE,7047251000170,ENEL CE
2312403,São Gonçalo do Amarante,CE,7047251000170,ENEL CE
2312502,São João do Jaguaribe,CE,7047251000170,ENEL CE
2312601,São Luís do Curu,CE,7047251000170,ENEL CE
2313104,Tabuleiro do Norte,CE,7047251000170,ENEL CE
2313203,Tamboril,CE,7047251000170,ENEL CE
2313252,Tarrafas,CE,7047251000170,ENEL CE
2313302,Tauá,CE,7047251000170,ENEL CE
2313351,Tejuçuoca,CE,7047251000170,ENEL CE
2313401,Tianguá,CE,7047251000170,ENEL CE
2313500,Trairi,CE,7047251000170,ENEL CE
2313559,Tururu,CE,7047251000170,ENEL CE
2313609,Ubajara,CE,7047251000170,ENEL CE
2313708,Umari,CE,7047251000170,ENEL CE
2313757,Umirim,CE,7047251000170,ENEL CE
2313807,Uruburetama,CE,7047251000170,ENEL CE
2313906,Uruoca,CE,7047251000170,ENEL CE
2313955,Varjota,CE,7047251000170,ENEL CE
2314102,Viçosa do Ceará,CE,7047251000170,ENEL CE
2314003,Várzea Alegre,CE,7047251000170,ENEL CE
5300108,Brasília,DF,7522669000192,Neoenergia Brasília
3200102,Afonso Cláudio,ES,28152650000171,EDP ES
3200201,Alegre,ES,28152650000171,EDP ES
3200300,Alfredo Chaves,ES,28152650000171,EDP ES
3200359,Alto Rio Novo,ES,28152650000171,EDP ES
3200409,Anchieta,ES,28152650000171,EDP ES
3200508,Apiacá,ES,28152650000171,EDP ES
3200607,Aracruz,ES,28152650000171,EDP ES
3200706,Atilio Vivacqua,ES,28152650000171,EDP ES
3200805,Baixo Guandu,ES,28152650000171,EDP ES
3200904,Barra de São Francisco,ES,28152650000171,EDP ES
3201001,Boa Esperança,ES,28152650000171,EDP ES
3201100,Bom Jesus do Norte,ES,28152650000171,EDP ES
3201159,Brejetuba,ES,28152650000171,EDP ES
3201209,Cachoeiro de Itapemirim,ES,28152650000171,EDP ES
3201308,Cariacica,ES,28152650000171,EDP ES
3201407,Castelo,ES,28152650000171,EDP ES
3201506,Colatina,ES,28152650000171,EDP ES
3201605,Conceição da Barra,ES,28152650000171,EDP ES
3201704,Conceição do Castelo,ES,28152650000171,EDP ES
3201803,Divino de São Lourenço,ES,28152650000171,EDP ES
3201902,Domingos Martins,ES,28152650000171,EDP ES
3202009,Dores do Rio Preto,ES,28152650000171,EDP ES
3202108,Ecoporanga,ES,28152650000171,EDP ES
3202207,Fundão,ES,28152650000171,EDP ES
3202256,Governador Lindenberg,ES,28152650000171,EDP ES
3202405,Guarapari,ES,28152650000171,EDP ES
3202306,Guaçuí,ES,28152650000171,EDP ES
3202454,Ibatiba,ES,28152650000171,EDP ES
3202504,Ibiraçu,ES,28152650000171,EDP ES
3202553,Ibitirama,ES,28152650000171,EDP ES
3202603,Iconha,ES,28152650000171,EDP ES
3202652,Irupi,ES,28152650000171,EDP ES
3202702,Itaguaçu,ES,28152650000171,EDP ES
3202801,Itapemirim,ES,28152650000171,EDP ES
3202900,Itarana,ES,28152650000171,EDP ES
3203007,Iúna,ES,28152650000171,EDP ES
3203056,Jaguaré,ES,28152650000171,EDP ES
3203106,Jerônimo Monteiro,ES,28152650000171,EDP ES
3203130,João Neiva,ES,28152650000171,EDP ES
3203163,Laranja da Terra,ES,28152650000171,EDP ES
3203205,Linhares,ES,28152650000171,EDP ES
3203304,Mantenópolis,ES,28152650000171,EDP ES
3203320,Marataízes,ES,28152650000171,EDP ES
3203346,Marechal Floriano,ES,28152650000171,EDP ES
3203353,Marilândia,ES,28152650000171,EDP ES
3203403,Mimoso do Sul,ES,28152650000171,EDP ES
3203502,Montanha,ES,28152650000171,EDP ES
3203601,Mucurici,ES,28152650000171,EDP ES
3203700,Muniz Freire,ES,28152650000171,EDP ES
3203809,Muqui,ES,28152650000171,EDP ES
3203908,Nova Venécia,ES,28152650000171,EDP ES
3204005,Pancas,ES,27485069000109,ELFSM
3204054,Pedro Canário,ES,28152650000171,EDP ES
3204104,Pinheiros,ES,28152650000171,EDP ES
3204203,Piúma,ES,28152650000171,EDP ES
3204252,Ponto Belo,ES,28152650000171,EDP ES
3204302,Presidente Kennedy,ES,28152650000171,EDP ES
3204351,Rio Bananal,ES,28152650000171,EDP ES
3204401,Rio Novo do Sul,ES,28152650000171,EDP ES
3204500,Santa Leopoldina,ES,28152650000171,EDP ES
3204559,Santa Maria de Jetibá,ES,28152650000171,EDP ES
3204609,Santa Teresa,ES,28152650000171,EDP ES
3205002,Serra,ES,28152650000171,EDP ES
3205010,Sooretama,ES,28152650000171,EDP ES
3204658,São Domingos do Norte,ES,27485069000109,ELFSM
3204708,São Gabriel da Palha,ES,28152650000171,EDP ES
3204807,São José do Calçado,ES,28152650000171,EDP ES
3204906,São Mateus,ES,28152650000171,EDP ES
3204955,São Roque do Canaã,ES,27485069000109,ELFSM
3205036,Vargem Alta,ES,28152650000171,EDP ES
3205069,Venda Nova do Imigrante,ES,28152650000171,EDP ES
3205101,Viana,ES,28152650000171,EDP ES
3205150,Vila Pavão,ES,28152650000171,EDP ES
3205176,Vila Valério,ES,28152650000171,EDP ES
3205200,Vila Velha,ES,28152650000171,EDP ES
3205309,Vitória,ES,28152650000171,EDP ES
3200169,Água Doce do Norte,ES,28152650000171,EDP ES
3200136,Águia Branca,ES,28152650000171,EDP ES
5200050,Abadia de Goiás,GO,1543032000104,EQUATORIAL GO
5200100,Abadiânia,GO,1543032000104,EQUATORIAL GO
5200134,Acreúna,GO,1543032000104,EQUATORIAL GO
5200159,Adelândia,GO,1543032000104,EQUATORIAL GO
5200308,Alexânia,GO,1543032000104,EQUATORIAL GO
5200506,Aloândia,GO,1543032000104,EQUATORIAL GO
5200555,Alto Horizonte,GO,1543032000104,EQUATORIAL GO
5200605,Alto Paraíso de Goiás,GO,1543032000104,EQUATORIAL GO
5200803,Alvorada do Norte,GO,1543032000104,EQUATORIAL GO
5200829,Amaralina,GO,1543032000104,EQUATORIAL GO
5200852,Americano do Brasil,GO,1543032000104,EQUATORIAL GO
5200902,Amorinópolis,GO,1543032000104,EQUATORIAL GO
5201207,Anhanguera,GO,1543032000104,EQUATORIAL GO
5201306,Anicuns,GO,1543032000104,EQUATORIAL GO
5201108,Anápolis,GO,1543032000104,EQUATORIAL GO
5201405,Aparecida de Goiânia,GO,1543032000104,EQUATORIAL GO
5201454,Aparecida do Rio Doce,GO,1543032000104,EQUATORIAL GO
5201504,Aporé,GO,1543032000104,EQUATORIAL GO
5201702,Aragarças,GO,1543032000104,EQUATORIAL GO
5201801,Aragoiânia,GO,1543032000104,EQUATORIAL GO
5202155,Araguapaz,GO,1543032000104,EQUATORIAL GO
5201603,Araçu,GO,1543032000104,EQUATORIAL GO
5202353,Arenópolis,GO,1543032000104,EQUATORIAL GO
5202502,Aruanã,GO,1543032000104,EQUATORIAL GO
5202601,Aurilândia,GO,1543032000104,EQUATORIAL GO
5202809,Avelinópolis,GO,1543032000104,EQUATORIAL GO
5203104,Baliza,GO,1543032000104,EQUATORIAL GO
5203203,Barro Alto,GO,1543032000104,EQUATORIAL GO
5203302,Bela Vista de Goiás,GO,1543032000104,EQUATORIAL GO
5203401,Bom Jardim de Goiás,GO,1543032000104,EQUATORIAL GO
5203500,Bom Jesus,GO,1543032000104,EQUATORIAL GO
5203559,Bonfinópolis,GO,1543032000104,EQUATORIAL GO
5203575,Bonópolis,GO,1543032000104,EQUATORIAL GO
5203609,Brazabrantes,GO,1543032000104,EQUATORIAL GO
5203807,Britânia,GO,1543032000104,EQUATORIAL GO
5203906,Buriti Alegre,GO,1543032000104,EQUATORIAL GO
5203939,Buriti de Goiás,GO,1543032000104,EQUATORIAL GO
5203962,Buritinópolis,GO,1543032000104,EQUATORIAL GO
5204003,Cabeceiras,GO,1543032000104,EQUATORIAL GO
5204102,Cachoeira Alta,GO,1543032000104,EQUATORIAL GO
5204250,Cachoeira Dourada,GO,1543032000104,EQUATORIAL GO
5204201,Cachoeira de Goiás,GO,1543032000104,EQUATORIAL GO
5204409,Caiapônia,GO,1543032000104,EQUATORIAL GO
5204508,Caldas Novas,GO,1543032000104,EQUATORIAL GO
5204557,Caldazinha,GO,1543032000104,EQUATORIAL GO
5204607,Campestre de Goiás,GO,1543032000104,EQUATORIAL GO
5204656,Campinaçu,GO,1543032000104,EQUATORIAL GO
5204706,Campinorte,GO,1543032000104,EQUATORIAL GO
5204805,Campo Alegre de Goiás,GO,1543032000104,EQUATORIAL GO
5204854,Campo Limpo de Goiás,GO,1543032000104,EQUATORIAL GO
5204904,Campos Belos,GO,1543032000104,EQUATORIAL GO
5204953,Campos Verdes,GO,1543032000104,EQUATORIAL GO
5205000,Carmo do Rio Verde,GO,1377555000110,CHESP
5205059,Castelândia,GO,1543032000104,EQUATORIAL GO
5205109,Catalão,GO,1543032000104,EQUATORIAL GO
5205208,Caturaí,GO,1543032000104,EQUATORIAL GO
5205307,Cavalcante,GO,1543032000104,EQUATORIAL GO
5204300,Caçu,GO,1543032000104,EQUATORIAL GO
5205406,Ceres,GO,1377555000110,CHESP
5205455,Cezarina,GO,1543032000104,EQUATORIAL GO
5205471,Chapadão do Céu,GO,1543032000104,EQUATORIAL GO
5205497,Cidade Ocidental,GO,1543032000104,EQUATORIAL GO
5205513,Cocalzinho de Goiás,GO,1543032000104,EQUATORIAL GO
5205521,Colinas do Sul,GO,1543032000104,EQUATORIAL GO
5205901,Corumbaíba,GO,1543032000104,EQUATORIAL GO
5205802,Corumbá de Goiás,GO,1543032000104,EQUATORIAL GO
5206206,Cristalina,GO,1543032000104,EQUATORIAL GO
5206305,Cristianópolis,GO,1543032000104,EQUATORIAL GO
5206404,Crixás,GO,1543032000104,EQUATORIAL GO
5206503,Cromínia,GO,1543032000104,EQUATORIAL GO
5206602,Cumari,GO,1543032000104,EQUATORIAL GO
5205703,Córrego do Ouro,GO,1543032000104,EQUATORIAL GO
5206701,Damianópolis,GO,1543032000104,EQUATORIAL GO
5206800,Damolândia,GO,1543032000104,EQUATORIAL GO
5206909,Davinópolis,GO,1543032000104,EQUATORIAL GO
5207105,Diorama,GO,1543032000104,EQUATORIAL GO
5208301,Divinópolis de Goiás,GO,1543032000104,EQUATORIAL GO
5207253,Doverlândia,GO,1543032000104,EQUATORIAL GO
5207352,Edealina,GO,1543032000104,EQUATORIAL GO
5207402,Edéia,GO,1543032000104,EQUATORIAL GO
5207501,Estrela do Norte,GO,1543032000104,EQUATORIAL GO
5207535,Faina,GO,1543032000104,EQUATORIAL GO
5207600,Fazenda Nova,GO,1543032000104,EQUATORIAL GO
5207808,Firminópolis,GO,1543032000104,EQUATORIAL GO
5207907,Flores de Goiás,GO,1543032000104,EQUATORIAL GO
5208004,Formosa,GO,1543032000104,EQUATORIAL GO
5208103,Formoso,GO,1543032000104,EQUATORIAL GO
5208152,Gameleira de Goiás,GO,1543032000104,EQUATORIAL GO
5208509,Goiandira,GO,1543032000104,EQUATORIAL GO
5208806,Goianira,GO,1543032000104,EQUATORIAL GO
5208400,Goianápolis,GO,1543032000104,EQUATORIAL GO
5208608,Goianésia,GO,1543032000104,EQUATORIAL GO
5209101,Goiatuba,GO,1543032000104,EQUATORIAL GO
5208905,Goiás,GO,1543032000104,EQUATORIAL GO
5208707,Goiânia,GO,1543032000104,EQUATORIAL GO
5209150,Gouvelândia,GO,1543032000104,EQUATORIAL GO
5209200,Guapó,GO,1543032000104,EQUATORIAL GO
5209408,Guarani de Goiás,GO,1543032000104,EQUATORIAL GO
5209291,Guaraíta,GO,1543032000104,EQUATORIAL GO
5209457,Guarinos,GO,1543032000104,EQUATORIAL GO
5209606,Heitoraí,GO,1543032000104,EQUATORIAL GO
5209804,Hidrolina,GO,1543032000104,EQUATORIAL GO
5209705,Hidrolândia,GO,1543032000104,EQUATORIAL GO
5209903,Iaciara,GO,1543032000104,EQUATORIAL GO
5209937,Inaciolândia,GO,1543032000104,EQUATORIAL GO
5209952,Indiara,GO,1543032000104,EQUATORIAL GO
5210000,Inhumas,GO,1543032000104,EQUATORIAL GO
5210109,Ipameri,GO,1543032000104,EQUATORIAL GO
5210158,Ipiranga de Goiás,GO,1543032000104,EQUATORIAL GO
5210208,Iporá,GO,1543032000104,EQUATORIAL GO
5210307,Israelândia,GO,1543032000104,EQUATORIAL GO
5210406,Itaberaí,GO,1543032000104,EQUATORIAL GO
5210562,Itaguari,GO,1543032000104,EQUATORIAL GO
5210604,Itaguaru,GO,1543032000104,EQUATORIAL GO
5210802,Itajá,GO,1543032000104,EQUATORIAL GO
5210901,Itapaci,GO,1543032000104,EQUATORIAL GO
5211008,Itapirapuã,GO,1543032000104,EQUATORIAL GO
5211206,Itapuranga,GO,1543032000104,EQUATORIAL GO
5211305,Itarumã,GO,1543032000104,EQUATORIAL GO
5211404,Itauçu,GO,1543032000104,EQUATORIAL GO
5211503,Itumbiara,GO,1543032000104,EQUATORIAL GO
5211602,Ivolândia,GO,1543032000104,EQUATORIAL GO
5211701,Jandaia,GO,1543032000104,EQUATORIAL GO
5211800,Jaraguá,GO,1543032000104,EQUATORIAL GO
5211909,Jataí,GO,1543032000104,EQUATORIAL GO
5212006,Jaupaci,GO,1543032000104,EQUATORIAL GO
5212055,Jesúpolis,GO,1543032000104,EQUATORIAL GO
5212105,Joviânia,GO,1543032000104,EQUATORIAL GO
5212204,Jussara,GO,1543032000104,EQUATORIAL GO
5212253,Lagoa Santa,GO,1543032000104,EQUATORIAL GO
5212303,Leopoldo de Bulhões,GO,1543032000104,EQUATORIAL GO
5212501,Luziânia,GO,1543032000104,EQUATORIAL GO
5212600,Mairipotaba,GO,1543032000104,EQUATORIAL GO
5212709,Mambaí,GO,1543032000104,EQUATORIAL GO
5212808,Mara Rosa,GO,1543032000104,EQUATORIAL GO
5212907,Marzagão,GO,1543032000104,EQUATORIAL GO
5212956,Matrinchã,GO,1543032000104,EQUATORIAL GO
5213004,Maurilândia,GO,1543032000104,EQUATORIAL GO
5213053,Mimoso de Goiás,GO,1543032000104,EQUATORIAL GO
5213087,Minaçu,GO,1543032000104,EQUATORIAL GO
5213103,Mineiros,GO,1543032000104,EQUATORIAL GO
5213400,Moiporá,GO,1543032000104,EQUATORIAL GO
5213509,Monte Alegre de Goiás,GO,1543032000104,EQUATORIAL GO
5213707,Montes Claros de Goiás,GO,1543032000104,EQUATORIAL GO
5213756,Montividiu,GO,1543032000104,EQUATORIAL GO
5213772,Montividiu do Norte,GO,1543032000104,EQUATORIAL GO
5213806,Morrinhos,GO,1543032000104,EQUATORIAL GO
5213855,Morro Agudo de Goiás,GO,1543032000104,EQUATORIAL GO
5213905,Mossâmedes,GO,1543032000104,EQUATORIAL GO
5214002,Mozarlândia,GO,1543032000104,EQUATORIAL GO
5214051,Mundo Novo,GO,1543032000104,EQUATORIAL GO
5214101,Mutunópolis,GO,1543032000104,EQUATORIAL GO
5214408,Nazário,GO,1543032000104,EQUATORIAL GO
5214507,Nerópolis,GO,1543032000104,EQUATORIAL GO
5214606,Niquelândia,GO,1543032000104,EQUATORIAL GO
5214705,Nova América,GO,1543032000104,EQUATORIAL GO
5214804,Nova Aurora,GO,1543032000104,EQUATORIAL GO
5214838,Nova Crixás,GO,1543032000104,EQUATORIAL GO
5214861,Nova Glória,GO,1543032000104,EQUATORIAL GO
5214879,Nova Iguaçu de Goiás,GO,1543032000104,EQUATORIAL GO
5214903,Nova Roma,GO,1543032000104,EQUATORIAL GO
5215009,Nova Veneza,GO,1543032000104,EQUATORIAL GO
5215207,Novo Brasil,GO,1543032000104,EQUATORIAL GO
5215231,Novo Gama,GO,1543032000104,EQUATORIAL GO
5215256,Novo Planalto,GO,1543032000104,EQUATORIAL GO
5215306,Orizona,GO,1543032000104,EQUATORIAL GO
5215405,Ouro Verde de Goiás,GO,1543032000104,EQUATORIAL GO
5215504,Ouvidor,GO,1543032000104,EQUATORIAL GO
5215603,Padre Bernardo,GO,1543032000104,EQUATORIAL GO
5215652,Palestina de Goiás,GO,1543032000104,EQUATORIAL GO
5215702,Palmeiras de Goiás,GO,1543032000104,EQUATORIAL GO
5215801,Palmelo,GO,1543032000104,EQUATORIAL GO
5215900,Palminópolis,GO,1543032000104,EQUATORIAL GO
5216007,Panamá,GO,1543032000104,EQUATORIAL GO
5216304,Paranaiguara,GO,1543032000104,EQUATORIAL GO
5216403,Paraúna,GO,1543032000104,EQUATORIAL GO
5216452,Perolândia,GO,1543032000104,EQUATORIAL GO
5216809,Petrolina de Goiás,GO,1543032000104,EQUATORIAL GO
5216908,Pilar de Goiás,GO,1543032000104,EQUATORIAL GO
5217104,Piracanjuba,GO,1543032000104,EQUATORIAL GO
5217203,Piranhas,GO,1543032000104,EQUATORIAL GO
5217302,Pirenópolis,GO,1543032000104,EQUATORIAL GO
5217401,Pires do Rio,GO,1543032000104,EQUATORIAL GO
5217609,Planaltina,GO,1543032000104,EQUATORIAL GO
5217708,Pontalina,GO,1543032000104,EQUATORIAL GO
5218003,Porangatu,GO,1543032000104,EQUATORIAL GO
5218052,Porteirão,GO,1543032000104,EQUATORIAL GO
5218102,Portelândia,GO,1543032000104,EQUATORIAL GO
5218300,Posse,GO,1543032000104,EQUATORIAL GO
5218391,Professor Jamil,GO,1543032000104,EQUATORIAL GO
5218508,Quirinópolis,GO,1543032000104,EQUATORIAL GO
5218607,Rialma,GO,1377555000110,CHESP
5218706,Rianápolis,GO,1377555000110,CHESP
5218789,Rio Quente,GO,1543032000104,EQUATORIAL GO
5218805,Rio Verde,GO,1543032000104,EQUATORIAL GO
5218904,Rubiataba,GO,1543032000104,EQUATORIAL GO
5219001,Sanclerlândia,GO,1543032000104,EQUATORIAL GO
5219100,Santa Bárbara de Goiás,GO,1543032000104,EQUATORIAL GO
5219209,Santa Cruz de Goiás,GO,1543032000104,EQUATORIAL GO
5219258,Santa Fé de Goiás,GO,1543032000104,EQUATORIAL GO
5219308,Santa Helena de Goiás,GO,1543032000104,EQUATORIAL GO
5219357,Santa Isabel,GO,1377555000110,CHESP
5219407,Santa Rita do Araguaia,GO,1543032000104,EQUATORIAL GO
5219456,Santa Rita do Novo Destino,GO,1543032000104,EQUATORIAL GO
5219506,Santa Rosa de Goiás,GO,1543032000104,EQUATORIAL GO
5219605,Santa Tereza de Goiás,GO,1543032000104,EQUATORIAL GO
5219704,Santa Terezinha de Goiás,GO,1543032000104,EQUATORIAL GO
5219712,Santo Antônio da Barra,GO,1543032000104,EQUATORIAL GO
5219738,Santo Antônio de Goiás,GO,1543032000104,EQUATORIAL GO
5219753,Santo Antônio do Descoberto,GO,1543032000104,EQUATORIAL GO
5220454,Senador Canedo,GO,1543032000104,EQUATORIAL GO
5220504,Serranópolis,GO,1543032000104,EQUATORIAL GO
5220603,Silvânia,GO,1543032000104,EQUATORIAL GO
5220686,Simolândia,GO,1543032000104,EQUATORIAL GO
5219803,São Domingos,GO,1543032000104,EQUATORIAL GO
5219902,São Francisco de Goiás,GO,1543032000104,EQUATORIAL GO
5220009,São João D'Aliança,GO,1543032000104,EQUATORIAL GO
5220058,São João da Paraúna,GO,1543032000104,EQUATORIAL GO
5220108,São Luís de Montes Belos,GO,1543032000104,EQUATORIAL GO
5220157,São Luíz do Norte,GO,1543032000104,EQUATORIAL GO
5220207,São Miguel do Araguaia,GO,1543032000104,EQUATORIAL GO
5220264,São Miguel do Passa Quatro,GO,1543032000104,EQUATORIAL GO
5220280,São Patrício,GO,1543032000104,EQUATORIAL GO
5220405,São Simão,GO,1543032000104,EQUATORIAL GO
5220702,Sítio D'Abadia,GO,1543032000104,EQUATORIAL GO
5221007,Taquaral de Goiás,GO,1543032000104,EQUATORIAL GO
5221080,Teresina de Goiás,GO,1543032000104,EQUATORIAL GO
5221197,Terezópolis de Goiás,GO,1543032000104,EQUATORIAL GO
5221403,Trindade,GO,1543032000104,EQUATORIAL GO
5221452,Trombas,GO,1543032000104,EQUATORIAL GO
5221304,Três Ranchos,GO,1543032000104,EQUATORIAL GO
5221551,Turvelândia,GO,1543032000104,EQUATORIAL GO
5221502,Turvânia,GO,1543032000104,EQUATORIAL GO
5221577,Uirapuru,GO,1543032000104,EQUATORIAL GO
5221700,Uruana,GO,1377555000110,CHESP
5221601,Uruaçu,GO,1543032000104,EQUATORIAL GO
5221809,Urutaí,GO,1543032000104,EQUATORIAL GO
5221858,Valparaíso de Goiás,GO,1543032000104,EQUATORIAL GO
5221908,Varjão,GO,1543032000104,EQUATORIAL GO
5222005,Vianópolis,GO,1543032000104,EQUATORIAL GO
5222054,Vicentinópolis,GO,1543032000104,EQUATORIAL GO
5222203,Vila Boa,GO,1543032000104,EQUATORIAL GO
5222302,Vila Propício,GO,1543032000104,EQUATORIAL GO
5200175,Água Fria de Goiás,GO,1543032000104,EQUATORIAL GO
5200209,Água Limpa,GO,1543032000104,EQUATORIAL GO
5200258,Águas Lindas de Goiás,GO,1543032000104,EQUATORIAL GO
2100105,Afonso Cunha,MA,6272793000184,EQUATORIAL MA
2100204,Alcântara,MA,6272793000184,EQUATORIAL MA
2100303,Aldeias Altas,MA,6272793000184,EQUATORIAL MA
2100402,Altamira do Maranhão,MA,6272793000184,EQUATORIAL MA
2100436,Alto Alegre do Maranhão,MA,6272793000184,EQUATORIAL MA
2100477,Alto Alegre do Pindaré,MA,6272793000184,EQUATORIAL MA
2100501,Alto Parnaíba,MA,6272793000184,EQUATORIAL MA
2100550,Amapá do Maranhão,MA,6272793000184,EQUATORIAL MA
2100600,Amarante do Maranhão,MA,6272793000184,EQUATORIAL MA
2100709,Anajatuba,MA,6272793000184,EQUATORIAL MA
2100808,Anapurus,MA,6272793000184,EQUATORIAL MA
2100832,Apicum-Açu,MA,6272793000184,EQUATORIAL MA
2100873,Araguanã,MA,6272793000184,EQUATORIAL MA
2100907,Araioses,MA,6272793000184,EQUATORIAL MA
2100956,Arame,MA,6272793000184,EQUATORIAL MA
2101004,Arari,MA,6272793000184,EQUATORIAL MA
2101103,Axixá,MA,6272793000184,EQUATORIAL MA
2100055,Açailândia,MA,6272793000184,EQUATORIAL MA
2101202,Bacabal,MA,6272793000184,EQUATORIAL MA
2101251,Bacabeira,MA,6272793000184,EQUATORIAL MA
2101301,Bacuri,MA,6272793000184,EQUATORIAL MA
2101350,Bacurituba,MA,6272793000184,EQUATORIAL MA
2101400,Balsas,MA,6272793000184,EQUATORIAL MA
2101608,Barra do Corda,MA,6272793000184,EQUATORIAL MA
2101707,Barreirinhas,MA,6272793000184,EQUATORIAL MA
2101509,Barão de Grajaú,MA,6272793000184,EQUATORIAL MA
2101772,Bela Vista do Maranhão,MA,6272793000184,EQUATORIAL MA
2101731,Belágua,MA,6272793000184,EQUATORIAL MA
2101806,Benedito Leite,MA,6272793000184,EQUATORIAL MA
2101905,Bequimão,MA,6272793000184,EQUATORIAL MA
2101939,Bernardo do Mearim,MA,6272793000184,EQUATORIAL MA
2101970,Boa Vista do Gurupi,MA,6272793000184,EQUATORIAL MA
2102002,Bom Jardim,MA,6272793000184,EQUATORIAL MA
2102036,Bom Jesus das Selvas,MA,6272793000184,EQUATORIAL MA
2102077,Bom Lugar,MA,6272793000184,EQUATORIAL MA
2102101,Brejo,MA,6272793000184,EQUATORIAL MA
2102150,Brejo de Areia,MA,6272793000184,EQUATORIAL MA
2102200,Buriti,MA,6272793000184,EQUATORIAL MA
2102309,Buriti Bravo,MA,6272793000184,EQUATORIAL MA
2102325,Buriticupu,MA,6272793000184,EQUATORIAL MA
2102358,Buritirana,MA,6272793000184,EQUATORIAL MA
2102374,Cachoeira Grande,MA,6272793000184,EQUATORIAL MA
2102408,Cajapió,MA,6272793000184,EQUATORIAL MA
2102507,Cajari,MA,6272793000184,EQUATORIAL MA
2102556,Campestre do Maranhão,MA,6272793000184,EQUATORIAL MA
2102705,Cantanhede,MA,6272793000184,EQUATORIAL MA
2102754,Capinzal do Norte,MA,6272793000184,EQUATORIAL MA
2102804,Carolina,MA,6272793000184,EQUATORIAL MA
2102903,Carutapera,MA,6272793000184,EQUATORIAL MA
2103000,Caxias,MA,6272793000184,EQUATORIAL MA
2103109,Cedral,MA,6272793000184,EQUATORIAL MA
2103125,Central do Maranhão,MA,6272793000184,EQUATORIAL MA
2103174,Centro Novo do Maranhão,MA,6272793000184,EQUATORIAL MA
2103158,Centro do Guilherme,MA,6272793000184,EQUATORIAL MA
2103208,Chapadinha,MA,6272793000184,EQUATORIAL MA
2103257,Cidelândia,MA,6272793000184,EQUATORIAL MA
2103307,Codó,MA,6272793000184,EQUATORIAL MA
2103406,Coelho Neto,MA,6272793000184,EQUATORIAL MA
2103505,Colinas,MA,6272793000184,EQUATORIAL MA
2103554,Conceição do Lago-Açu,MA,6272793000184,EQUATORIAL MA
2103604,Coroatá,MA,6272793000184,EQUATORIAL MA
2103703,Cururupu,MA,6272793000184,EQUATORIAL MA
2102606,Cândido Mendes,MA,6272793000184,EQUATORIAL MA
2103752,Davinópolis,MA,6272793000184,EQUATORIAL MA
2103802,Dom Pedro,MA,6272793000184,EQUATORIAL MA
2103901,Duque Bacelar,MA,6272793000184,EQUATORIAL MA
2104008,Esperantinópolis,MA,6272793000184,EQUATORIAL MA
2104057,Estreito,MA,6272793000184,EQUATORIAL MA
2104073,Feira Nova do Maranhão,MA,6272793000184,EQUATORIAL MA
2104081,Fernando Falcão,MA,6272793000184,EQUATORIAL MA
2104099,Formosa da Serra Negra,MA,6272793000184,EQUATORIAL MA
2104107,Fortaleza dos Nogueiras,MA,6272793000184,EQUATORIAL MA
2104206,Fortuna,MA,6272793000184,EQUATORIAL MA
2104305,Godofredo Viana,MA,6272793000184,EQUATORIAL MA
2104404,Gonçalves Dias,MA,6272793000184,EQUATORIAL MA
2104503,Governador Archer,MA,6272793000184,EQUATORIAL MA
2104552,Governador Edison Lobão,MA,6272793000184,EQUATORIAL MA
2104602,Governador Eugênio Barros,MA,6272793000184,EQUATORIAL MA
2104628,Governador Luiz Rocha,MA,6272793000184,EQUATORIAL MA
2104651,Governador Newton Bello,MA,6272793000184,EQUATORIAL MA
2104677,Governador Nunes Freire,MA,6272793000184,EQUATORIAL MA
2104800,Grajaú,MA,6272793000184,EQUATORIAL MA
2104701,Graça Aranha,MA,6272793000184,EQUATORIAL MA
2104909,Guimarães,MA,6272793000184,EQUATORIAL MA
2105005,Humberto de Campos,MA,6272793000184,EQUATORIAL MA
2105104,Icatu,MA,6272793000184,EQUATORIAL MA
2105203,Igarapé Grande,MA,6272793000184,EQUATORIAL MA
2105153,Igarapé do Meio,MA,6272793000184,EQUATORIAL MA
2105302,Imperatriz,MA,6272793000184,EQUATORIAL MA
2105351,Itaipava do Grajaú,MA,6272793000184,EQUATORIAL MA
2105401,Itapecuru Mirim,MA,6272793000184,EQUATORIAL MA
2105427,Itinga do Maranhão,MA,6272793000184,EQUATORIAL MA
2105450,Jatobá,MA,6272793000184,EQUATORIAL MA
2105476,Jenipapo dos Vieiras,MA,6272793000184,EQUATORIAL MA
2105609,Joselândia,MA,6272793000184,EQUATORIAL MA
2105500,João Lisboa,MA,6272793000184,EQUATORIAL MA
2105658,Junco do Maranhão,MA,6272793000184,EQUATORIAL MA
2105906,Lago Verde,MA,6272793000184,EQUATORIAL MA
2105708,Lago da Pedra,MA,6272793000184,EQUATORIAL MA
2105807,Lago do Junco,MA,6272793000184,EQUATORIAL MA
2105948,Lago dos Rodrigues,MA,6272793000184,EQUATORIAL MA
2105963,Lagoa Grande do Maranhão,MA,6272793000184,EQUATORIAL MA
2105922,Lagoa do Mato,MA,6272793000184,EQUATORIAL MA
2105989,Lajeado Novo,MA,6272793000184,EQUATORIAL MA
2106003,Lima Campos,MA,6272793000184,EQUATORIAL MA
2106102,Loreto,MA,6272793000184,EQUATORIAL MA
2106201,Luís Domingues,MA,6272793000184,EQUATORIAL MA
2106300,Magalhães de Almeida,MA,6272793000184,EQUATORIAL MA
2106326,Maracaçumé,MA,6272793000184,EQUATORIAL MA
2106359,Marajá do Sena,MA,6272793000184,EQUATORIAL MA
2106375,Maranhãozinho,MA,6272793000184,EQUATORIAL MA
2106409,Mata Roma,MA,6272793000184,EQUATORIAL MA
2106508,Matinha,MA,6272793000184,EQUATORIAL MA
2106607,Matões,MA,6272793000184,EQUATORIAL MA
2106631,Matões do Norte,MA,6272793000184,EQUATORIAL MA
2106672,Milagres do Maranhão,MA,6272793000184,EQUATORIAL MA
2106706,Mirador,MA,6272793000184,EQUATORIAL MA
2106755,Miranda do Norte,MA,6272793000184,EQUATORIAL MA
2106805,Mirinzal,MA,6272793000184,EQUATORIAL MA
2107001,Montes Altos,MA,6272793000184,EQUATORIAL MA
2106904,Monção,MA,6272793000184,EQUATORIAL MA
2107100,Morros,MA,6272793000184,EQUATORIAL MA
2107209,Nina Rodrigues,MA,6272793000184,EQUATORIAL MA
2107258,Nova Colinas,MA,6272793000184,EQUATORIAL MA
2107308,Nova Iorque,MA,6272793000184,EQUATORIAL MA
2107357,Nova Olinda do Maranhão,MA,6272793000184,EQUATORIAL MA
2107407,Olho D'Água das Cunhãs,MA,6272793000184,EQUATORIAL MA
2107456,Olinda Nova do Maranhão,MA,6272793000184,EQUATORIAL MA
2107605,Palmeirândia,MA,6272793000184,EQUATORIAL MA
2107704,Paraibano,MA,6272793000184,EQUATORIAL MA
2107803,Parnarama,MA,6272793000184,EQUATORIAL MA
2107902,Passagem Franca,MA,6272793000184,EQUATORIAL MA
2108009,Pastos Bons,MA,6272793000184,EQUATORIAL MA
2108058,Paulino Neves,MA,6272793000184,EQUATORIAL MA
2108108,Paulo Ramos,MA,6272793000184,EQUATORIAL MA
2107506,Paço do Lumiar,MA,6272793000184,EQUATORIAL MA
2108207,Pedreiras,MA,6272793000184,EQUATORIAL MA
2108256,Pedro do Rosário,MA,6272793000184,EQUATORIAL MA
2108306,Penalva,MA,6272793000184,EQUATORIAL MA
2108405,Peri Mirim,MA,6272793000184,EQUATORIAL MA
2108454,Peritoró,MA,6272793000184,EQUATORIAL MA
2108504,Pindaré Mirim,MA,6272793000184,EQUATORIAL MA
2108603,Pinheiro,MA,6272793000184,EQUATORIAL MA
2108702,Pio XII,MA,6272793000184,EQUATORIAL MA
2108801,Pirapemas,MA,6272793000184,EQUATORIAL MA
2109007,Porto Franco,MA,6272793000184,EQUATORIAL MA
2109056,Porto Rico do Maranhão,MA,6272793000184,EQUATORIAL MA
2108900,Poção de Pedras,MA,6272793000184,EQUATORIAL MA
2109106,Presidente Dutra,MA,6272793000184,EQUATORIAL MA
2109205,Presidente Juscelino,MA,6272793000184,EQUATORIAL MA
2109239,Presidente Médici,MA,6272793000184,EQUATORIAL MA
2109270,Presidente Sarney,MA,6272793000184,EQUATORIAL MA
2109304,Presidente Vargas,MA,6272793000184,EQUATORIAL MA
2109403,Primeira Cruz,MA,6272793000184,EQUATORIAL MA
2109452,Raposa,MA,6272793000184,EQUATORIAL MA
2109502,Riachão,MA,6272793000184,EQUATORIAL MA
2109551,Ribamar Fiquene,MA,6272793000184,EQUATORIAL MA
2109601,Rosário,MA,6272793000184,EQUATORIAL MA
2109700,Sambaíba,MA,6272793000184,EQUATORIAL MA
2109759,Santa Filomena do Maranhão,MA,6272793000184,EQUATORIAL MA
2109809,Santa Helena,MA,6272793000184,EQUATORIAL MA
2109908,Santa Inês,MA,6272793000184,EQUATORIAL MA
2110005,Santa Luzia,MA,6272793000184,EQUATORIAL MA
2110039,Santa Luzia do Paruá,MA,6272793000184,EQUATORIAL MA
2110104,Santa Quitéria do Maranhão,MA,6272793000184,EQUATORIAL MA
2110203,Santa Rita,MA,9095183000140,EPB
2110237,Santana do Maranhão,MA,6272793000184,EQUATORIAL MA
2110278,Santo Amaro do Maranhão,MA,6272793000184,EQUATORIAL MA
2110302,Santo Antônio dos Lopes,MA,6272793000184,EQUATORIAL MA
2111722,Satubinha,MA,6272793000184,EQUATORIAL MA
2111748,Senador Alexandre Costa,MA,6272793000184,EQUATORIAL MA
2111763,Senador La Rocque,MA,6272793000184,EQUATORIAL MA
2111789,Serrano do Maranhão,MA,6272793000184,EQUATORIAL MA
2111904,Sucupira do Norte,MA,6272793000184,EQUATORIAL MA
2111953,Sucupira do Riachão,MA,6272793000184,EQUATORIAL MA
2110401,São Benedito do Rio Preto,MA,6272793000184,EQUATORIAL MA
2110500,São Bento,MA,6272793000184,EQUATORIAL MA
2110609,São Bernardo,MA,6272793000184,EQUATORIAL MA
2110658,São Domingos do Azeitão,MA,6272793000184,EQUATORIAL MA
2110708,São Domingos do Maranhão,MA,6272793000184,EQUATORIAL MA
2110856,São Francisco do Brejão,MA,6272793000184,EQUATORIAL MA
2110906,São Francisco do Maranhão,MA,6272793000184,EQUATORIAL MA
2110807,São Félix de Balsas,MA,6272793000184,EQUATORIAL MA
2111201,São José de Ribamar,MA,6272793000184,EQUATORIAL MA
2111250,São José dos Basílios,MA,6272793000184,EQUATORIAL MA
2111003,São João Batista,MA,6272793000184,EQUATORIAL MA
2111029,São João do Carú,MA,6272793000184,EQUATORIAL MA
2111052,São João do Paraíso,MA,6272793000184,EQUATORIAL MA
2111078,São João do Soter,MA,6272793000184,EQUATORIAL MA
2111102,São João dos Patos,MA,6272793000184,EQUATORIAL MA
2111300,São Luís,MA,6272793000184,EQUATORIAL MA
2111409,São Luís Gonzaga do Maranhão,MA,6272793000184,EQUATORIAL MA
2111508,São Mateus do Maranhão,MA,6272793000184,EQUATORIAL MA
2111532,São Pedro da Água Branca,MA,6272793000184,EQUATORIAL MA
2111573,São Pedro dos Crentes,MA,6272793000184,EQUATORIAL MA
2111607,São Raimundo das Mangabeiras,MA,6272793000184,EQUATORIAL MA
2111631,São Raimundo do Doca Bezerra,MA,6272793000184,EQUATORIAL MA
2111672,São Roberto,MA,6272793000184,EQUATORIAL MA
2111706,São Vicente Ferrer,MA,6272793000184,EQUATORIAL MA
2111805,Sítio Novo,MA,6272793000184,EQUATORIAL MA
2112001,Tasso Fragoso,MA,6272793000184,EQUATORIAL MA
2112100,Timbiras,MA,6272793000184,EQUATORIAL MA
2112209,Timon,MA,6272793000184,EQUATORIAL MA
2112233,Trizidela do Vale,MA,6272793000184,EQUATORIAL MA
2112274,Tufilândia,MA,6272793000184,EQUATORIAL MA
2112308,Tuntum,MA,6272793000184,EQUATORIAL MA
2112407,Turiaçu,MA,6272793000184,EQUATORIAL MA
2112456,Turilândia,MA,6272793000184,EQUATORIAL MA
2112506,Tutóia,MA,6272793000184,EQUATORIAL MA
2112605,Urbano Santos,MA,6272793000184,EQUATORIAL MA
2112704,Vargem Grande,MA,6272793000184,EQUATORIAL MA
2112803,Viana,MA,6272793000184,EQUATORIAL MA
2112852,Vila Nova dos Martírios,MA,6272793000184,EQUATORIAL MA
2113009,Vitorino Freire,MA,6272793000184,EQUATORIAL MA
2112902,Vitória do Mearim,MA,6272793000184,EQUATORIAL MA
2114007,Zé Doca,MA,6272793000184,EQUATORIAL MA
2100154,Água Doce do Maranhão,MA,6272793000184,EQUATORIAL MA
3100104,Abadia dos Dourados,MG,6981180000116,CEMIG-D
3100203,Abaeté,MG,6981180000116,CEMIG-D
3100302,Abre Campo,MG,6981180000116,CEMIG-D
3100401,Acaiaca,MG,6981180000116,CEMIG-D
3100807,Aguanil,MG,6981180000116,CEMIG-D
3101102,Aimorés,MG,6981180000116,CEMIG-D
3101201,Aiuruoca,MG,6981180000116,CEMIG-D
3101300,Alagoa,MG,6981180000116,CEMIG-D
3101409,Albertina,MG,6981180000116,CEMIG-D
3101607,Alfenas,MG,6981180000116,CEMIG-D
3101631,Alfredo Vasconcelos,MG,6981180000116,CEMIG-D
3101706,Almenara,MG,6981180000116,CEMIG-D
3101805,Alpercata,MG,6981180000116,CEMIG-D
3101904,Alpinópolis,MG,6981180000116,CEMIG-D
3102001,Alterosa,MG,6981180000116,CEMIG-D
3102050,Alto Caparaó,MG,6981180000116,CEMIG-D
3153509,Alto Jequitibá,MG,19527639000158,EMR
3102100,Alto Rio Doce,MG,6981180000116,CEMIG-D
3102209,Alvarenga,MG,6981180000116,CEMIG-D
3102308,Alvinópolis,MG,6981180000116,CEMIG-D
3102407,Alvorada de Minas,MG,6981180000116,CEMIG-D
3101508,Além Paraíba,MG,6981180000116,CEMIG-D
3102506,Amparo da Serra,MG,6981180000116,CEMIG-D
3102605,Andradas,MG,6981180000116,CEMIG-D
3102803,Andrelândia,MG,6981180000116,CEMIG-D
3102852,Angelândia,MG,6981180000116,CEMIG-D
3102902,Antônio Carlos,MG,6981180000116,CEMIG-D
3103009,Antônio Dias,MG,6981180000116,CEMIG-D
3103108,Antônio Prado de Minas,MG,19527639000158,EMR
3103306,Aracitaba,MG,6981180000116,CEMIG-D
3103504,Araguari,MG,6981180000116,CEMIG-D
3103603,Arantina,MG,6981180000116,CEMIG-D
3103702,Araponga,MG,19527639000158,EMR
3103751,Araporã,MG,6981180000116,CEMIG-D
3103801,Arapuá,MG,6981180000116,CEMIG-D
3104007,Araxá,MG,6981180000116,CEMIG-D
3103207,Araçaí,MG,6981180000116,CEMIG-D
3103405,Araçuaí,MG,6981180000116,CEMIG-D
3103900,Araújos,MG,6981180000116,CEMIG-D
3104106,Arceburgo,MG,52503802000118,CPFL MOCOCA
3104205,Arcos,MG,6981180000116,CEMIG-D
3104304,Areado,MG,6981180000116,CEMIG-D
3104403,Argirita,MG,19527639000158,EMR
3104452,Aricanduva,MG,6981180000116,CEMIG-D
3104502,Arinos,MG,6981180000116,CEMIG-D
3104601,Astolfo Dutra,MG,19527639000158,EMR
3104700,Ataléia,MG,6981180000116,CEMIG-D
3104809,Augusto de Lima,MG,6981180000116,CEMIG-D
3100500,Açucena,MG,6981180000116,CEMIG-D
3104908,Baependi,MG,6981180000116,CEMIG-D
3105004,Baldim,MG,6981180000116,CEMIG-D
3105103,Bambuí,MG,6981180000116,CEMIG-D
3105202,Bandeira,MG,6981180000116,CEMIG-D
3105301,Bandeira do Sul,MG,6981180000116,CEMIG-D
3105608,Barbacena,MG,6981180000116,CEMIG-D
3105707,Barra Longa,MG,6981180000116,CEMIG-D
3105905,Barroso,MG,6981180000116,CEMIG-D
3105400,Barão de Cocais,MG,6981180000116,CEMIG-D
3105509,Barão de Monte Alto,MG,19527639000158,EMR
3106002,Bela Vista de Minas,MG,6981180000116,CEMIG-D
3106101,Belmiro Braga,MG,6981180000116,CEMIG-D
3106200,Belo Horizonte,MG,6981180000116,CEMIG-D
3106309,Belo Oriente,MG,6981180000116,CEMIG-D
3106408,Belo Vale,MG,6981180000116,CEMIG-D
3106507,Berilo,MG,6981180000116,CEMIG-D
3106655,Berizal,MG,6981180000116,CEMIG-D
3106606,Bertópolis,MG,6981180000116,CEMIG-D
3106705,Betim,MG,6981180000116,CEMIG-D
3106804,Bias Fortes,MG,6981180000116,CEMIG-D
3106903,Bicas,MG,6981180000116,CEMIG-D
3107000,Biquinhas,MG,6981180000116,CEMIG-D
3107109,Boa Esperança,MG,6981180000116,CEMIG-D
3107208,Bocaina de Minas,MG,6981180000116,CEMIG-D
3107307,Bocaiúva,MG,6981180000116,CEMIG-D
3107406,Bom Despacho,MG,6981180000116,CEMIG-D
3107505,Bom Jardim de Minas,MG,6981180000116,CEMIG-D
3107604,Bom Jesus da Penha,MG,6981180000116,CEMIG-D
3107703,Bom Jesus do Amparo,MG,6981180000116,CEMIG-D
3107802,Bom Jesus do Galho,MG,6981180000116,CEMIG-D
3107901,Bom Repouso,MG,6981180000116,CEMIG-D
3108008,Bom Sucesso,MG,6981180000116,CEMIG-D
3108107,Bonfim,MG,6981180000116,CEMIG-D
3108206,Bonfinópolis de Minas,MG,6981180000116,CEMIG-D
3108255,Bonito de Minas,MG,6981180000116,CEMIG-D
3108305,Borda da Mata,MG,6981180000116,CEMIG-D
3108404,Botelhos,MG,6981180000116,CEMIG-D
3108503,Botumirim,MG,6981180000116,CEMIG-D
3108552,Brasilândia de Minas,MG,6981180000116,CEMIG-D
3108602,Brasília de Minas,MG,6981180000116,CEMIG-D
3108909,Brazópolis,MG,6981180000116,CEMIG-D
3108800,Braúnas,MG,6981180000116,CEMIG-D
3109006,Brumadinho,MG,6981180000116,CEMIG-D
3108701,Brás Pires,MG,6981180000116,CEMIG-D
3109105,Bueno Brandão,MG,60942281000123,EEB
3109204,Buenópolis,MG,6981180000116,CEMIG-D
3109253,Bugre,MG,6981180000116,CEMIG-D
3109303,Buritis,MG,6981180000116,CEMIG-D
3109402,Buritizeiro,MG,6981180000116,CEMIG-D
3109451,Cabeceira Grande,MG,6981180000116,CEMIG-D
3109501,Cabo Verde,MG,6981180000116,CEMIG-D
3109808,Cachoeira Dourada,MG,6981180000116,CEMIG-D
3109600,Cachoeira da Prata,MG,6981180000116,CEMIG-D
3109709,Cachoeira de Minas,MG,6981180000116,CEMIG-D
3102704,Cachoeira de Pajeú,MG,6981180000116,CEMIG-D
3109907,Caetanópolis,MG,6981180000116,CEMIG-D
3110004,Caeté,MG,6981180000116,CEMIG-D
3110103,Caiana,MG,6981180000116,CEMIG-D
3110202,Cajuri,MG,19527639000158,EMR
3110301,Caldas,MG,6981180000116,CEMIG-D
3110400,Camacho,MG,6981180000116,CEMIG-D
3110509,Camanducaia,MG,60942281000123,EEB
3110707,Cambuquira,MG,6981180000116,CEMIG-D
3110608,Cambuí,MG,60942281000123,EEB
3110905,Campanha,MG,6981180000116,CEMIG-D
3110806,Campanário,MG,6981180000116,CEMIG-D
3111002,Campestre,MG,6981180000116,CEMIG-D
3111101,Campina Verde,MG,6981180000116,CEMIG-D
3111150,Campo Azul,MG,6981180000116,CEMIG-D
3111200,Campo Belo,MG,6981180000116,CEMIG-D
3111408,Campo Florido,MG,6981180000116,CEMIG-D
3111309,Campo do Meio,MG,6981180000116,CEMIG-D
3111507,Campos Altos,MG,6981180000116,CEMIG-D
3111606,Campos Gerais,MG,6981180000116,CEMIG-D
3111903,Cana Verde,MG,6981180000116,CEMIG-D
3111705,Canaã,MG,19527639000158,EMR
3112000,Candeias,MG,6981180000116,CEMIG-D
3112059,Cantagalo,MG,6981180000116,CEMIG-D
3111804,Canápolis,MG,6981180000116,CEMIG-D
3112109,Caparaó,MG,6981180000116,CEMIG-D
3112208,Capela Nova,MG,6981180000116,CEMIG-D
3112307,Capelinha,MG,6981180000116,CEMIG-D
3112406,Capetinga,MG,6981180000116,CEMIG-D
3112505,Capim Branco,MG,6981180000116,CEMIG-D
3112604,Capinópolis,MG,6981180000116,CEMIG-D
3112653,Capitão Andrade,MG,6981180000116,CEMIG-D
3112703,Capitão Enéas,MG,6981180000116,CEMIG-D
3112802,Capitólio,MG,6981180000116,CEMIG-D
3112901,Caputira,MG,19527639000158,EMR
3113107,Caranaíba,MG,6981180000116,CEMIG-D
3113206,Carandaí,MG,6981180000116,CEMIG-D
3113305,Carangola,MG,6981180000116,CEMIG-D
3113404,Caratinga,MG,6981180000116,CEMIG-D
3113008,Caraí,MG,6981180000116,CEMIG-D
3113503,Carbonita,MG,6981180000116,CEMIG-D
3113602,Careaçu,MG,6981180000116,CEMIG-D
3113701,Carlos Chagas,MG,6981180000116,CEMIG-D
3113909,Carmo da Cachoeira,MG,6981180000116,CEMIG-D
3114006,Carmo da Mata,MG,6981180000116,CEMIG-D
3114105,Carmo de Minas,MG,6981180000116,CEMIG-D
3114204,Carmo do Cajuru,MG,6981180000116,CEMIG-D
3114303,Carmo do Paranaíba,MG,6981180000116,CEMIG-D
3114402,Carmo do Rio Claro,MG,6981180000116,CEMIG-D
3113800,Carmésia,MG,6981180000116,CEMIG-D
3114501,Carmópolis de Minas,MG,6981180000116,CEMIG-D
3114550,Carneirinho,MG,6981180000116,CEMIG-D
3114600,Carrancas,MG,6981180000116,CEMIG-D
3114808,Carvalhos,MG,6981180000116,CEMIG-D
3114709,Carvalhópolis,MG,6981180000116,CEMIG-D
3114907,Casa Grande,MG,6981180000116,CEMIG-D
3115003,Cascalho Rico,MG,6981180000116,CEMIG-D
3115300,Cataguases,MG,19527639000158,EMR
3115359,Catas Altas,MG,6981180000116,CEMIG-D
3115409,Catas Altas da Noruega,MG,6981180000116,CEMIG-D
3115458,Catuji,MG,6981180000116,CEMIG-D
3115474,Catuti,MG,6981180000116,CEMIG-D
3115508,Caxambu,MG,6981180000116,CEMIG-D
3115607,Cedro do Abaeté,MG,6981180000116,CEMIG-D
3115706,Central de Minas,MG,6981180000116,CEMIG-D
3115805,Centralina,MG,6981180000116,CEMIG-D
3116001,Chalé,MG,6981180000116,CEMIG-D
3116159,Chapada Gaúcha,MG,6981180000116,CEMIG-D
3116100,Chapada do Norte,MG,6981180000116,CEMIG-D
3116209,Chiador,MG,6981180000116,CEMIG-D
3115904,Chácara,MG,6981180000116,CEMIG-D
3116308,Cipotânea,MG,6981180000116,CEMIG-D
3116407,Claraval,MG,6981180000116,CEMIG-D
3116506,Claro dos Poções,MG,6981180000116,CEMIG-D
3116605,Cláudio,MG,6981180000116,CEMIG-D
3116704,Coimbra,MG,19527639000158,EMR
3116803,Coluna,MG,6981180000116,CEMIG-D
3116902,Comendador Gomes,MG,6981180000116,CEMIG-D
3117009,Comercinho,MG,6981180000116,CEMIG-D
3117108,Conceição da Aparecida,MG,6981180000116,CEMIG-D
3115201,Conceição da Barra de Minas,MG,6981180000116,CEMIG-D
3117306,Conceição das Alagoas,MG,6981180000116,CEMIG-D
3117207,Conceição das Pedras,MG,6981180000116,CEMIG-D
3117405,Conceição de Ipanema,MG,6981180000116,CEMIG-D
3117504,Conceição do Mato Dentro,MG,6981180000116,CEMIG-D
3117603,Conceição do Pará,MG,6981180000116,CEMIG-D
3117702,Conceição do Rio Verde,MG,6981180000116,CEMIG-D
3117801,Conceição dos Ouros,MG,6981180000116,CEMIG-D
3117876,Confins,MG,6981180000116,CEMIG-D
3117900,Congonhal,MG,6981180000116,CEMIG-D
3118007,Congonhas,MG,6981180000116,CEMIG-D
3118106,Congonhas do Norte,MG,6981180000116,CEMIG-D
3118205,Conquista,MG,6981180000116,CEMIG-D
3118304,Conselheiro Lafaiete,MG,6981180000116,CEMIG-D
3118403,Conselheiro Pena,MG,6981180000116,CEMIG-D
3118502,Consolação,MG,6981180000116,CEMIG-D
3118601,Contagem,MG,6981180000116,CEMIG-D
3118700,Coqueiral,MG,6981180000116,CEMIG-D
3118809,Coração de Jesus,MG,6981180000116,CEMIG-D
3118908,Cordisburgo,MG,6981180000116,CEMIG-D
3119005,Cordislândia,MG,6981180000116,CEMIG-D
3119104,Corinto,MG,6981180000116,CEMIG-D
3119203,Coroaci,MG,6981180000116,CEMIG-D
3119302,Coromandel,MG,6981180000116,CEMIG-D
3119401,Coronel Fabriciano,MG,6981180000116,CEMIG-D
3119500,Coronel Murta,MG,6981180000116,CEMIG-D
3119609,Coronel Pacheco,MG,6981180000116,CEMIG-D
3119708,Coronel Xavier Chaves,MG,6981180000116,CEMIG-D
3120102,Couto de Magalhães de Minas,MG,6981180000116,CEMIG-D
3120201,Cristais,MG,6981180000116,CEMIG-D
3120409,Cristiano Otoni,MG,6981180000116,CEMIG-D
3120508,Cristina,MG,6981180000116,CEMIG-D
3120300,Cristália,MG,6981180000116,CEMIG-D
3120151,Crisólita,MG,6981180000116,CEMIG-D
3120607,Crucilândia,MG,6981180000116,CEMIG-D
3120706,Cruzeiro da Fortaleza,MG,6981180000116,CEMIG-D
3120805,Cruzília,MG,6981180000116,CEMIG-D
3120839,Cuparaque,MG,6981180000116,CEMIG-D
3120870,Curral de Dentro,MG,6981180000116,CEMIG-D
3120904,Curvelo,MG,6981180000116,CEMIG-D
3115102,Cássia,MG,6981180000116,CEMIG-D
3119807,Córrego Danta,MG,6981180000116,CEMIG-D
3119955,Córrego Fundo,MG,6981180000116,CEMIG-D
3120003,Córrego Novo,MG,6981180000116,CEMIG-D
3119906,Córrego do Bom Jesus,MG,60942281000123,EEB
3117836,Cônego Marinho,MG,6981180000116,CEMIG-D
3121001,Datas,MG,6981180000116,CEMIG-D
3121100,Delfim Moreira,MG,6981180000116,CEMIG-D
3121209,Delfinópolis,MG,6981180000116,CEMIG-D
3121258,Delta,MG,6981180000116,CEMIG-D
3121308,Descoberto,MG,19527639000158,EMR
3121407,Desterro de Entre Rios,MG,6981180000116,CEMIG-D
3121506,Desterro do Melo,MG,6981180000116,CEMIG-D
3121605,Diamantina,MG,6981180000116,CEMIG-D
3121704,Diogo de Vasconcelos,MG,6981180000116,CEMIG-D
3121803,Dionísio,MG,6981180000116,CEMIG-D
3122009,Divino,MG,6981180000116,CEMIG-D
3122108,Divino das Laranjeiras,MG,6981180000116,CEMIG-D
3122207,Divinolândia de Minas,MG,6981180000116,CEMIG-D
3121902,Divinésia,MG,19527639000158,EMR
3122306,Divinópolis,MG,6981180000116,CEMIG-D
3122355,Divisa Alegre,MG,6981180000116,CEMIG-D
3122405,Divisa Nova,MG,6981180000116,CEMIG-D
3122454,Divisópolis,MG,6981180000116,CEMIG-D
3122470,Dom Bosco,MG,6981180000116,CEMIG-D
3122504,Dom Cavati,MG,6981180000116,CEMIG-D
3122603,Dom Joaquim,MG,6981180000116,CEMIG-D
3122702,Dom Silvério,MG,6981180000116,CEMIG-D
3122801,Dom Viçoso,MG,6981180000116,CEMIG-D
3122900,Dona Euzébia,MG,19527639000158,EMR
3123007,Dores de Campos,MG,6981180000116,CEMIG-D
3123106,Dores de Guanhães,MG,6981180000116,CEMIG-D
3123205,Dores do Indaiá,MG,6981180000116,CEMIG-D
3123304,Dores do Turvo,MG,6981180000116,CEMIG-D
3123403,Doresópolis,MG,6981180000116,CEMIG-D
3123502,Douradoquara,MG,6981180000116,CEMIG-D
3123528,Durandé,MG,19527639000158,EMR
3123601,Elói Mendes,MG,6981180000116,CEMIG-D
3123700,Engenheiro Caldas,MG,6981180000116,CEMIG-D
3123809,Engenheiro Navarro,MG,6981180000116,CEMIG-D
3123858,Entre Folhas,MG,6981180000116,CEMIG-D
3123908,Entre Rios de Minas,MG,6981180000116,CEMIG-D
3124005,Ervália,MG,19527639000158,EMR
3124104,Esmeraldas,MG,6981180000116,CEMIG-D
3124203,Espera Feliz,MG,6981180000116,CEMIG-D
3124302,Espinosa,MG,6981180000116,CEMIG-D
3124401,Espírito Santo do Dourado,MG,6981180000116,CEMIG-D
3124500,Estiva,MG,60942281000123,EEB
3124609,Estrela Dalva,MG,6981180000116,CEMIG-D
3124708,Estrela do Indaiá,MG,6981180000116,CEMIG-D
3124807,Estrela do Sul,MG,6981180000116,CEMIG-D
3124906,Eugenópolis,MG,19527639000158,EMR
3125002,Ewbank da Câmara,MG,6981180000116,CEMIG-D
3125101,Extrema,MG,60942281000123,EEB
3125200,Fama,MG,6981180000116,CEMIG-D
3125309,Faria Lemos,MG,6981180000116,CEMIG-D
3125606,Felisburgo,MG,6981180000116,CEMIG-D
3125705,Felixlândia,MG,6981180000116,CEMIG-D
3125408,Felício dos Santos,MG,6981180000116,CEMIG-D
3125804,Fernandes Tourinho,MG,6981180000116,CEMIG-D
3125903,Ferros,MG,6981180000116,CEMIG-D
3125952,Fervedouro,MG,6981180000116,CEMIG-D
3126000,Florestal,MG,6981180000116,CEMIG-D
3126109,Formiga,MG,6981180000116,CEMIG-D
3126208,Formoso,MG,6981180000116,CEMIG-D
3126307,Fortaleza de Minas,MG,6981180000116,CEMIG-D
3126406,Fortuna de Minas,MG,6981180000116,CEMIG-D
3126505,Francisco Badaró,MG,6981180000116,CEMIG-D
3126604,Francisco Dumont,MG,6981180000116,CEMIG-D
3126703,Francisco Sá,MG,6981180000116,CEMIG-D
3126752,Franciscópolis,MG,6981180000116,CEMIG-D
3126802,Frei Gaspar,MG,6981180000116,CEMIG-D
3126901,Frei Inocêncio,MG,6981180000116,CEMIG-D
3126950,Frei Lagonegro,MG,6981180000116,CEMIG-D
3127008,Fronteira,MG,6981180000116,CEMIG-D
3127057,Fronteira dos Vales,MG,6981180000116,CEMIG-D
3127073,Fruta de Leite,MG,6981180000116,CEMIG-D
3127107,Frutal,MG,6981180000116,CEMIG-D
3127206,Funilândia,MG,6981180000116,CEMIG-D
3127305,Galiléia,MG,6981180000116,CEMIG-D
3127339,Gameleiras,MG,6981180000116,CEMIG-D
3127354,Glaucilândia,MG,6981180000116,CEMIG-D
3127370,Goiabeira,MG,6981180000116,CEMIG-D
3127388,Goianá,MG,6981180000116,CEMIG-D
3127503,Gonzaga,MG,6981180000116,CEMIG-D
3127404,Gonçalves,MG,6981180000116,CEMIG-D
3127602,Gouveia,MG,6981180000116,CEMIG-D
3127701,Governador Valadares,MG,6981180000116,CEMIG-D
3127909,Grupiara,MG,6981180000116,CEMIG-D
3127800,Grão Mogol,MG,6981180000116,CEMIG-D
3128006,Guanhães,MG,6981180000116,CEMIG-D
3128105,Guapé,MG,6981180000116,CEMIG-D
3128204,Guaraciaba,MG,6981180000116,CEMIG-D
3128253,Guaraciama,MG,6981180000116,CEMIG-D
3128402,Guarani,MG,19527639000158,EMR
3128303,Guaranésia,MG,6981180000116,CEMIG-D
3128501,Guarará,MG,6981180000116,CEMIG-D
3128600,Guarda-Mor,MG,6981180000116,CEMIG-D
3128709,Guaxupé,MG,6981180000116,CEMIG-D
3128808,Guidoval,MG,19527639000158,EMR
3128907,Guimarânia,MG,6981180000116,CEMIG-D
3129004,Guiricema,MG,19527639000158,EMR
3129103,Gurinhatã,MG,6981180000116,CEMIG-D
3129202,Heliodora,MG,6981180000116,CEMIG-D
3129301,Iapu,MG,6981180000116,CEMIG-D
3129400,Ibertioga,MG,6981180000116,CEMIG-D
3129608,Ibiaí,MG,6981180000116,CEMIG-D
3129657,Ibiracatu,MG,6981180000116,CEMIG-D
3129707,Ibiraci,MG,6981180000116,CEMIG-D
3129806,Ibirité,MG,6981180000116,CEMIG-D
3129905,Ibitiúra de Minas,MG,6981180000116,CEMIG-D
3130002,Ibituruna,MG,6981180000116,CEMIG-D
3129509,Ibiá,MG,6981180000116,CEMIG-D
3130051,Icaraí de Minas,MG,6981180000116,CEMIG-D
3130101,Igarapé,MG,6981180000116,CEMIG-D
3130200,Igaratinga,MG,6981180000116,CEMIG-D
3130309,Iguatama,MG,6981180000116,CEMIG-D
3130408,Ijaci,MG,6981180000116,CEMIG-D
3130507,Ilicínea,MG,6981180000116,CEMIG-D
3130556,Imbé de Minas,MG,6981180000116,CEMIG-D
3130606,Inconfidentes,MG,6981180000116,CEMIG-D
3130655,Indaiabira,MG,6981180000116,CEMIG-D
3130705,Indianópolis,MG,6981180000116,CEMIG-D
3130804,Ingaí,MG,6981180000116,CEMIG-D
3130903,Inhapim,MG,6981180000116,CEMIG-D
3131000,Inhaúma,MG,6981180000116,CEMIG-D
3131109,Inimutaba,MG,6981180000116,CEMIG-D
3131158,Ipaba,MG,6981180000116,CEMIG-D
3131208,Ipanema,MG,6981180000116,CEMIG-D
3131307,Ipatinga,MG,6981180000116,CEMIG-D
3131406,Ipiaçu,MG,6981180000116,CEMIG-D
3131505,Ipuiúna,MG,6981180000116,CEMIG-D
3131604,Iraí de Minas,MG,6981180000116,CEMIG-D
3131703,Itabira,MG,6981180000116,CEMIG-D
3131802,Itabirinha,MG,6981180000116,CEMIG-D
3131901,Itabirito,MG,6981180000116,CEMIG-D
3132008,Itacambira,MG,6981180000116,CEMIG-D
3132107,Itacarambi,MG,6981180000116,CEMIG-D
3132206,Itaguara,MG,6981180000116,CEMIG-D
3132305,Itaipé,MG,6981180000116,CEMIG-D
3132404,Itajubá,MG,6981180000116,CEMIG-D
3132503,Itamarandiba,MG,6981180000116,CEMIG-D
3132602,Itamarati de Minas,MG,19527639000158,EMR
3132701,Itambacuri,MG,6981180000116,CEMIG-D
3132800,Itambé do Mato Dentro,MG,6981180000116,CEMIG-D
3132909,Itamogi,MG,52503802000118,CPFL MOCOCA
3133006,Itamonte,MG,6981180000116,CEMIG-D
3133105,Itanhandu,MG,6981180000116,CEMIG-D
3133204,Itanhomi,MG,6981180000116,CEMIG-D
3133303,Itaobim,MG,6981180000116,CEMIG-D
3133402,Itapagipe,MG,6981180000116,CEMIG-D
3133501,Itapecerica,MG,6981180000116,CEMIG-D
3133600,Itapeva,MG,60942281000123,EEB
3133709,Itatiaiuçu,MG,6981180000116,CEMIG-D
3133907,Itaverava,MG,6981180000116,CEMIG-D
3133758,Itaú de Minas,MG,6981180000116,CEMIG-D
3133808,Itaúna,MG,6981180000116,CEMIG-D
3134004,Itinga,MG,6981180000116,CEMIG-D
3134103,Itueta,MG,6981180000116,CEMIG-D
3134202,Ituiutaba,MG,6981180000116,CEMIG-D
3134301,Itumirim,MG,6981180000116,CEMIG-D
3134400,Iturama,MG,6981180000116,CEMIG-D
3134509,Itutinga,MG,6981180000116,CEMIG-D
3134608,Jaboticatubas,MG,6981180000116,CEMIG-D
3134707,Jacinto,MG,6981180000116,CEMIG-D
3134905,Jacutinga,MG,6981180000116,CEMIG-D
3134806,Jacuí,MG,6981180000116,CEMIG-D
3135001,Jaguaraçu,MG,6981180000116,CEMIG-D
3135076,Jampruca,MG,6981180000116,CEMIG-D
3135100,Janaúba,MG,6981180000116,CEMIG-D
3135209,Januária,MG,6981180000116,CEMIG-D
3135308,Japaraíba,MG,6981180000116,CEMIG-D
3135357,Japonvar,MG,6981180000116,CEMIG-D
3135050,Jaíba,MG,6981180000116,CEMIG-D
3135407,Jeceaba,MG,6981180000116,CEMIG-D
3135456,Jenipapo de Minas,MG,6981180000116,CEMIG-D
3135506,Jequeri,MG,6981180000116,CEMIG-D
3135605,Jequitaí,MG,6981180000116,CEMIG-D
3135704,Jequitibá,MG,6981180000116,CEMIG-D
3135803,Jequitinhonha,MG,6981180000116,CEMIG-D
3135902,Jesuânia,MG,6981180000116,CEMIG-D
3136108,Joanésia,MG,6981180000116,CEMIG-D
3136405,Joaquim Felício,MG,6981180000116,CEMIG-D
3136009,Joaíma,MG,6981180000116,CEMIG-D
3136504,Jordânia,MG,6981180000116,CEMIG-D
3136579,Josenópolis,MG,6981180000116,CEMIG-D
3136520,José Gonçalves de Minas,MG,6981180000116,CEMIG-D
3136553,José Raydan,MG,6981180000116,CEMIG-D
3136207,João Monlevade,MG,6981180000116,CEMIG-D
3136306,João Pinheiro,MG,6981180000116,CEMIG-D
3136652,Juatuba,MG,6981180000116,CEMIG-D
3136702,Juiz de Fora,MG,6981180000116,CEMIG-D
3136801,Juramento,MG,6981180000116,CEMIG-D
3136900,Juruaia,MG,6981180000116,CEMIG-D
3136959,Juvenília,MG,6981180000116,CEMIG-D
3137007,Ladainha,MG,6981180000116,CEMIG-D
3137106,Lagamar,MG,6981180000116,CEMIG-D
3137403,Lagoa Dourada,MG,6981180000116,CEMIG-D
3137502,Lagoa Formosa,MG,6981180000116,CEMIG-D
3137536,Lagoa Grande,MG,6981180000116,CEMIG-D
3137601,Lagoa Santa,MG,6981180000116,CEMIG-D
3137205,Lagoa da Prata,MG,6981180000116,CEMIG-D
3137304,Lagoa dos Patos,MG,6981180000116,CEMIG-D
3137700,Lajinha,MG,6981180000116,CEMIG-D
3137809,Lambari,MG,6981180000116,CEMIG-D
3137908,Lamim,MG,6981180000116,CEMIG-D
3138005,Laranjal,MG,19527639000158,EMR
3138104,Lassance,MG,6981180000116,CEMIG-D
3138203,Lavras,MG,6981180000116,CEMIG-D
3138302,Leandro Ferreira,MG,6981180000116,CEMIG-D
3138351,Leme do Prado,MG,6981180000116,CEMIG-D
3138401,Leopoldina,MG,19527639000158,EMR
3138500,Liberdade,MG,6981180000116,CEMIG-D
3138609,Lima Duarte,MG,6981180000116,CEMIG-D
3138625,Limeira do Oeste,MG,6981180000116,CEMIG-D
3138658,Lontra,MG,6981180000116,CEMIG-D
3138674,Luisburgo,MG,19527639000158,EMR
3138682,Luislândia,MG,6981180000116,CEMIG-D
3138708,Luminárias,MG,6981180000116,CEMIG-D
3138807,Luz,MG,6981180000116,CEMIG-D
3138906,Machacalis,MG,6981180000116,CEMIG-D
3139003,Machado,MG,6981180000116,CEMIG-D
3139102,Madre de Deus de Minas,MG,6981180000116,CEMIG-D
3139201,Malacacheta,MG,6981180000116,CEMIG-D
3139250,Mamonas,MG,6981180000116,CEMIG-D
3139300,Manga,MG,6981180000116,CEMIG-D
3139409,Manhuaçu,MG,19527639000158,EMR
3139508,Manhumirim,MG,19527639000158,EMR
3139607,Mantena,MG,6981180000116,CEMIG-D
3139805,Mar de Espanha,MG,6981180000116,CEMIG-D
3139706,Maravilhas,MG,6981180000116,CEMIG-D
3139904,Maria da Fé,MG,6981180000116,CEMIG-D
3140001,Mariana,MG,6981180000116,CEMIG-D
3140100,Marilac,MG,6981180000116,CEMIG-D
3140209,Maripá de Minas,MG,6981180000116,CEMIG-D
3140308,Marliéria,MG,6981180000116,CEMIG-D
3140407,Marmelópolis,MG,6981180000116,CEMIG-D
3140506,Martinho Campos,MG,6981180000116,CEMIG-D
3140530,Martins Soares,MG,19527639000158,EMR
3140555,Mata Verde,MG,6981180000116,CEMIG-D
3140605,Materlândia,MG,6981180000116,CEMIG-D
3140704,Mateus Leme,MG,6981180000116,CEMIG-D
3171501,Mathias Lobato,MG,6981180000116,CEMIG-D
3140803,Matias Barbosa,MG,6981180000116,CEMIG-D
3140852,Matias Cardoso,MG,6981180000116,CEMIG-D
3140902,Matipó,MG,19527639000158,EMR
3141009,Mato Verde,MG,6981180000116,CEMIG-D
3141108,Matozinhos,MG,6981180000116,CEMIG-D
3141207,Matutina,MG,6981180000116,CEMIG-D
3141306,Medeiros,MG,6981180000116,CEMIG-D
3141405,Medina,MG,6981180000116,CEMIG-D
3141504,Mendes Pimentel,MG,6981180000116,CEMIG-D
3141603,Mercês,MG,6981180000116,CEMIG-D
3141702,Mesquita,MG,6981180000116,CEMIG-D
3141801,Minas Novas,MG,6981180000116,CEMIG-D
3141900,Minduri,MG,6981180000116,CEMIG-D
3142007,Mirabela,MG,6981180000116,CEMIG-D
3142106,Miradouro,MG,19527639000158,EMR
3142254,Miravânia,MG,6981180000116,CEMIG-D
3142205,Miraí,MG,19527639000158,EMR
3142304,Moeda,MG,6981180000116,CEMIG-D
3142403,Moema,MG,6981180000116,CEMIG-D
3142502,Monjolos,MG,6981180000116,CEMIG-D
3142601,Monsenhor Paulo,MG,6981180000116,CEMIG-D
3142700,Montalvânia,MG,6981180000116,CEMIG-D
3142809,Monte Alegre de Minas,MG,6981180000116,CEMIG-D
3142908,Monte Azul,MG,6981180000116,CEMIG-D
3143005,Monte Belo,MG,6981180000116,CEMIG-D
3143104,Monte Carmelo,MG,6981180000116,CEMIG-D
3143153,Monte Formoso,MG,6981180000116,CEMIG-D
3143203,Monte Santo de Minas,MG,52503802000118,CPFL MOCOCA
3143401,Monte Sião,MG,6981180000116,CEMIG-D
3143302,Montes Claros,MG,6981180000116,CEMIG-D
3143450,Montezuma,MG,6981180000116,CEMIG-D
3143500,Morada Nova de Minas,MG,6981180000116,CEMIG-D
3143609,Morro da Garça,MG,6981180000116,CEMIG-D
3143708,Morro do Pilar,MG,6981180000116,CEMIG-D
3143807,Munhoz,MG,7282377000120,ESS
3143906,Muriaé,MG,19527639000158,EMR
3144003,Mutum,MG,6981180000116,CEMIG-D
3144102,Muzambinho,MG,6981180000116,CEMIG-D
3140159,Mário Campos,MG,6981180000116,CEMIG-D
3144201,Nacip Raydan,MG,6981180000116,CEMIG-D
3144300,Nanuque,MG,6981180000116,CEMIG-D
3144359,Naque,MG,6981180000116,CEMIG-D
3144375,Natalândia,MG,6981180000116,CEMIG-D
3144409,Natércia,MG,6981180000116,CEMIG-D
3144508,Nazareno,MG,6981180000116,CEMIG-D
3144607,Nepomuceno,MG,6981180000116,CEMIG-D
3144656,Ninheira,MG,6981180000116,CEMIG-D
3144672,Nova Belém,MG,6981180000116,CEMIG-D
3144706,Nova Era,MG,6981180000116,CEMIG-D
3144805,Nova Lima,MG,6981180000116,CEMIG-D
3144904,Nova Módica,MG,6981180000116,CEMIG-D
3145000,Nova Ponte,MG,6981180000116,CEMIG-D
3145059,Nova Porteirinha,MG,6981180000116,CEMIG-D
3145109,Nova Resende,MG,6981180000116,CEMIG-D
3145208,Nova Serrana,MG,6981180000116,CEMIG-D
3136603,Nova União,MG,6981180000116,CEMIG-D
3145307,Novo Cruzeiro,MG,6981180000116,CEMIG-D
3145356,Novo Oriente de Minas,MG,6981180000116,CEMIG-D
3145372,Novorizonte,MG,6981180000116,CEMIG-D
3145406,Olaria,MG,6981180000116,CEMIG-D
3145455,Olhos D'Água,MG,6981180000116,CEMIG-D
3145604,Oliveira,MG,6981180000116,CEMIG-D
3145703,Oliveira Fortes,MG,6981180000116,CEMIG-D
3145505,Olímpio Noronha,MG,6981180000116,CEMIG-D
3145802,Onça de Pitangui,MG,6981180000116,CEMIG-D
3145851,Oratórios,MG,6981180000116,CEMIG-D
3145877,Orizânia,MG,6981180000116,CEMIG-D
3145901,Ouro Branco,MG,6981180000116,CEMIG-D
3146008,Ouro Fino,MG,6981180000116,CEMIG-D
3146107,Ouro Preto,MG,6981180000116,CEMIG-D
3146206,Ouro Verde de Minas,MG,6981180000116,CEMIG-D
3146255,Padre Carvalho,MG,6981180000116,CEMIG-D
3146305,Padre Paraíso,MG,6981180000116,CEMIG-D
3146552,Pai Pedro,MG,6981180000116,CEMIG-D
3146404,Paineiras,MG,6981180000116,CEMIG-D
3146503,Pains,MG,6981180000116,CEMIG-D
3146602,Paiva,MG,6981180000116,CEMIG-D
3146701,Palma,MG,19527639000158,EMR
3146750,Palmópolis,MG,6981180000116,CEMIG-D
3146909,Papagaios,MG,6981180000116,CEMIG-D
3147006,Paracatu,MG,6981180000116,CEMIG-D
3147204,Paraguaçu,MG,6981180000116,CEMIG-D
3147303,Paraisópolis,MG,6981180000116,CEMIG-D
3147402,Paraopeba,MG,6981180000116,CEMIG-D
3147105,Pará de Minas,MG,6981180000116,CEMIG-D
3147600,Passa Quatro,MG,6981180000116,CEMIG-D
3147709,Passa Tempo,MG,6981180000116,CEMIG-D
3147808,Passa Vinte,MG,6981180000116,CEMIG-D
3147501,Passabém,MG,6981180000116,CEMIG-D
3147907,Passos,MG,6981180000116,CEMIG-D
3147956,Patis,MG,6981180000116,CEMIG-D
3148004,Patos de Minas,MG,6981180000116,CEMIG-D
3148103,Patrocínio,MG,6981180000116,CEMIG-D
3148202,Patrocínio do Muriaé,MG,19527639000158,EMR
3148301,Paula Cândido,MG,19527639000158,EMR
3148400,Paulistas,MG,6981180000116,CEMIG-D
3148509,Pavão,MG,6981180000116,CEMIG-D
3148707,Pedra Azul,MG,6981180000116,CEMIG-D
3148756,Pedra Bonita,MG,6981180000116,CEMIG-D
3149002,Pedra Dourada,MG,19527639000158,EMR
3148806,Pedra do Anta,MG,6981180000116,CEMIG-D
3148905,Pedra do Indaiá,MG,6981180000116,CEMIG-D
3149101,Pedralva,MG,6981180000116,CEMIG-D
3149150,Pedras de Maria da Cruz,MG,6981180000116,CEMIG-D
3149200,Pedrinópolis,MG,6981180000116,CEMIG-D
3149309,Pedro Leopoldo,MG,6981180000116,CEMIG-D
3149408,Pedro Teixeira,MG,6981180000116,CEMIG-D
3149507,Pequeri,MG,6981180000116,CEMIG-D
3149606,Pequi,MG,6981180000116,CEMIG-D
3149705,Perdigão,MG,6981180000116,CEMIG-D
3149804,Perdizes,MG,6981180000116,CEMIG-D
3149903,Perdões,MG,6981180000116,CEMIG-D
3149952,Periquito,MG,6981180000116,CEMIG-D
3150000,Pescador,MG,6981180000116,CEMIG-D
3148608,Peçanha,MG,6981180000116,CEMIG-D
3150109,Piau,MG,6981180000116,CEMIG-D
3150158,Piedade de Caratinga,MG,6981180000116,CEMIG-D
3150208,Piedade de Ponte Nova,MG,6981180000116,CEMIG-D
3150307,Piedade do Rio Grande,MG,6981180000116,CEMIG-D
3150406,Piedade dos Gerais,MG,6981180000116,CEMIG-D
3150505,Pimenta,MG,6981180000116,CEMIG-D
3150539,Pingo-D'Água,MG,6981180000116,CEMIG-D
3150570,Pintópolis,MG,6981180000116,CEMIG-D
3150604,Piracema,MG,6981180000116,CEMIG-D
3150703,Pirajuba,MG,6981180000116,CEMIG-D
3150802,Piranga,MG,6981180000116,CEMIG-D
3151008,Piranguinho,MG,6981180000116,CEMIG-D
3150901,Piranguçu,MG,6981180000116,CEMIG-D
3151107,Pirapetinga,MG,6981180000116,CEMIG-D
3151206,Pirapora,MG,6981180000116,CEMIG-D
3151305,Piraúba,MG,19527639000158,EMR
3151404,Pitangui,MG,6981180000116,CEMIG-D
3151503,Piumhi,MG,6981180000116,CEMIG-D
3151602,Planura,MG,6981180000116,CEMIG-D
3151909,Pocrane,MG,6981180000116,CEMIG-D
3152006,Pompéu,MG,6981180000116,CEMIG-D
3152105,Ponte Nova,MG,6981180000116,CEMIG-D
3152131,Ponto Chique,MG,6981180000116,CEMIG-D
3152170,Ponto dos Volantes,MG,6981180000116,CEMIG-D
3152204,Porteirinha,MG,6981180000116,CEMIG-D
3152303,Porto Firme,MG,6981180000116,CEMIG-D
3152402,Poté,MG,6981180000116,CEMIG-D
3152501,Pouso Alegre,MG,6981180000116,CEMIG-D
3152600,Pouso Alto,MG,6981180000116,CEMIG-D
3151701,Poço Fundo,MG,6981180000116,CEMIG-D
3151800,Poços de Caldas,MG,23664303000104,DMED
3152709,Prados,MG,6981180000116,CEMIG-D
3152808,Prata,MG,6981180000116,CEMIG-D
3153004,Pratinha,MG,6981180000116,CEMIG-D
3152907,Pratápolis,MG,6981180000116,CEMIG-D
3153103,Presidente Bernardes,MG,6981180000116,CEMIG-D
3153202,Presidente Juscelino,MG,6981180000116,CEMIG-D
3153301,Presidente Kubitschek,MG,6981180000116,CEMIG-D
3153400,Presidente Olegário,MG,6981180000116,CEMIG-D
3153608,Prudente de Morais,MG,6981180000116,CEMIG-D
3153707,Quartel Geral,MG,6981180000116,CEMIG-D
3153806,Queluzito,MG,6981180000116,CEMIG-D
3153905,Raposos,MG,6981180000116,CEMIG-D
3154002,Raul Soares,MG,6981180000116,CEMIG-D
3154101,Recreio,MG,19527639000158,EMR
3154150,Reduto,MG,19527639000158,EMR
3154200,Resende Costa,MG,6981180000116,CEMIG-D
3154309,Resplendor,MG,6981180000116,CEMIG-D
3154408,Ressaquinha,MG,6981180000116,CEMIG-D
3154457,Riachinho,MG,6981180000116,CEMIG-D
3154507,Riacho dos Machados,MG,6981180000116,CEMIG-D
3154705,Ribeirão Vermelho,MG,6981180000116,CEMIG-D
3154606,Ribeirão das Neves,MG,6981180000116,CEMIG-D
3154804,Rio Acima,MG,6981180000116,CEMIG-D
3154903,Rio Casca,MG,6981180000116,CEMIG-D
3155009,Rio Doce,MG,6981180000116,CEMIG-D
3155207,Rio Espera,MG,6981180000116,CEMIG-D
3155306,Rio Manso,MG,6981180000116,CEMIG-D
3155405,Rio Novo,MG,19527639000158,EMR
3155504,Rio Paranaíba,MG,6981180000116,CEMIG-D
3155603,Rio Pardo de Minas,MG,6981180000116,CEMIG-D
3155702,Rio Piracicaba,MG,6981180000116,CEMIG-D
3155801,Rio Pomba,MG,19527639000158,EMR
3155900,Rio Preto,MG,6981180000116,CEMIG-D
3156007,Rio Vermelho,MG,6981180000116,CEMIG-D
3155108,Rio do Prado,MG,6981180000116,CEMIG-D
3156106,Ritápolis,MG,6981180000116,CEMIG-D
3156205,Rochedo de Minas,MG,19527639000158,EMR
3156304,Rodeiro,MG,19527639000158,EMR
3156403,Romaria,MG,6981180000116,CEMIG-D
3156452,Rosário da Limeira,MG,19527639000158,EMR
3156502,Rubelita,MG,6981180000116,CEMIG-D
3156601,Rubim,MG,6981180000116,CEMIG-D
3156700,Sabará,MG,6981180000116,CEMIG-D
3156809,Sabinópolis,MG,6981180000116,CEMIG-D
3156908,Sacramento,MG,6981180000116,CEMIG-D
3157005,Salinas,MG,6981180000116,CEMIG-D
3157104,Salto da Divisa,MG,6981180000116,CEMIG-D
3157203,Santa Bárbara,MG,6981180000116,CEMIG-D
3157252,Santa Bárbara do Leste,MG,6981180000116,CEMIG-D
3157278,Santa Bárbara do Monte Verde,MG,6981180000116,CEMIG-D
3157302,Santa Bárbara do Tugúrio,MG,6981180000116,CEMIG-D
3157336,Santa Cruz de Minas,MG,6981180000116,CEMIG-D
3157377,Santa Cruz de Salinas,MG,6981180000116,CEMIG-D
3157401,Santa Cruz do Escalvado,MG,6981180000116,CEMIG-D
3157500,Santa Efigênia de Minas,MG,6981180000116,CEMIG-D
3157609,Santa Fé de Minas,MG,6981180000116,CEMIG-D
3157658,Santa Helena de Minas,MG,6981180000116,CEMIG-D
3157708,Santa Juliana,MG,6981180000116,CEMIG-D
3157807,Santa Luzia,MG,6981180000116,CEMIG-D
3157906,Santa Margarida,MG,19527639000158,EMR
3158003,Santa Maria de Itabira,MG,6981180000116,CEMIG-D
3158102,Santa Maria do Salto,MG,6981180000116,CEMIG-D
3158201,Santa Maria do Suaçuí,MG,6981180000116,CEMIG-D
3159209,Santa Rita de Caldas,MG,6981180000116,CEMIG-D
3159308,Santa Rita de Jacutinga,MG,6981180000116,CEMIG-D
3159357,Santa Rita de Minas,MG,6981180000116,CEMIG-D
3159407,Santa Rita do Ibitipoca,MG,6981180000116,CEMIG-D
3159506,Santa Rita do Itueto,MG,6981180000116,CEMIG-D
3159605,Santa Rita do Sapucaí,MG,6981180000116,CEMIG-D
3159704,Santa Rosa da Serra,MG,6981180000116,CEMIG-D
3159803,Santa Vitória,MG,6981180000116,CEMIG-D
3158300,Santana da Vargem,MG,6981180000116,CEMIG-D
3158409,Santana de Cataguases,MG,19527639000158,EMR
3158508,Santana de Pirapama,MG,6981180000116,CEMIG-D
3158607,Santana do Deserto,MG,6981180000116,CEMIG-D
3158706,Santana do Garambéu,MG,6981180000116,CEMIG-D
3158805,Santana do Jacaré,MG,6981180000116,CEMIG-D
3158904,Santana do Manhuaçu,MG,19527639000158,EMR
3158953,Santana do Paraíso,MG,6981180000116,CEMIG-D
3159001,Santana do Riacho,MG,6981180000116,CEMIG-D
3159100,Santana dos Montes,MG,6981180000116,CEMIG-D
3159902,Santo Antônio do Amparo,MG,6981180000116,CEMIG-D
3160009,Santo Antônio do Aventureiro,MG,19527639000158,EMR
3160108,Santo Antônio do Grama,MG,6981180000116,CEMIG-D
3160207,Santo Antônio do Itambé,MG,6981180000116,CEMIG-D
3160306,Santo Antônio do Jacinto,MG,6981180000116,CEMIG-D
3160405,Santo Antônio do Monte,MG,6981180000116,CEMIG-D
3160454,Santo Antônio do Retiro,MG,6981180000116,CEMIG-D
3160504,Santo Antônio do Rio Abaixo,MG,6981180000116,CEMIG-D
3160603,Santo Hipólito,MG,6981180000116,CEMIG-D
3160702,Santos Dumont,MG,6981180000116,CEMIG-D
3165404,Sapucaí-Mirim,MG,6981180000116,CEMIG-D
3165503,Sardoá,MG,6981180000116,CEMIG-D
3165537,Sarzedo,MG,6981180000116,CEMIG-D
3165560,Sem Peixe,MG,6981180000116,CEMIG-D
3165578,Senador Amaral,MG,60942281000123,EEB
3165602,Senador Cortes,MG,6981180000116,CEMIG-D
3165701,Senador Firmino,MG,19527639000158,EMR
3165800,Senador José Bento,MG,6981180000116,CEMIG-D
3165909,Senador Modestino Gonçalves,MG,6981180000116,CEMIG-D
3166006,Senhora de Oliveira,MG,6981180000116,CEMIG-D
3166105,Senhora do Porto,MG,6981180000116,CEMIG-D
3166204,Senhora dos Remédios,MG,6981180000116,CEMIG-D
3166303,Sericita,MG,19527639000158,EMR
3166402,Seritinga,MG,6981180000116,CEMIG-D
3166501,Serra Azul de Minas,MG,6981180000116,CEMIG-D
3166600,Serra da Saudade,MG,6981180000116,CEMIG-D
3166808,Serra do Salitre,MG,6981180000116,CEMIG-D
3166709,Serra dos Aimorés,MG,6981180000116,CEMIG-D
3166907,Serrania,MG,6981180000116,CEMIG-D
3167004,Serranos,MG,6981180000116,CEMIG-D
3166956,Serranópolis de Minas,MG,6981180000116,CEMIG-D
3167103,Serro,MG,6981180000116,CEMIG-D
3167202,Sete Lagoas,MG,6981180000116,CEMIG-D
3165552,Setubinha,MG,6981180000116,CEMIG-D
3167301,Silverânia,MG,19527639000158,EMR
3167400,Silvianópolis,MG,6981180000116,CEMIG-D
3167608,Simonésia,MG,19527639000158,EMR
3167509,Simão Pereira,MG,6981180000116,CEMIG-D
3167707,Sobrália,MG,6981180000116,CEMIG-D
3167806,Soledade de Minas,MG,6981180000116,CEMIG-D
3160801,São Bento Abade,MG,6981180000116,CEMIG-D
3160900,São Brás do Suaçuí,MG,6981180000116,CEMIG-D
3160959,São Domingos das Dores,MG,6981180000116,CEMIG-D
3161007,São Domingos do Prata,MG,6981180000116,CEMIG-D
3161106,São Francisco,MG,6981180000116,CEMIG-D
3161205,São Francisco de Paula,MG,6981180000116,CEMIG-D
3161304,São Francisco de Sales,MG,6981180000116,CEMIG-D
3161403,São Francisco do Glória,MG,6981180000116,CEMIG-D
3161056,São Félix de Minas,MG,6981180000116,CEMIG-D
3161502,São Geraldo,MG,19527639000158,EMR
3161601,São Geraldo da Piedade,MG,6981180000116,CEMIG-D
3161650,São Geraldo do Baixio,MG,6981180000116,CEMIG-D
3161700,São Gonçalo do Abaeté,MG,6981180000116,CEMIG-D
3161809,São Gonçalo do Pará,MG,6981180000116,CEMIG-D
3161908,São Gonçalo do Rio Abaixo,MG,6981180000116,CEMIG-D
3125507,São Gonçalo do Rio Preto,MG,6981180000116,CEMIG-D
3162005,São Gonçalo do Sapucaí,MG,6981180000116,CEMIG-D
3162104,São Gotardo,MG,6981180000116,CEMIG-D
3162922,São Joaquim de Bicas,MG,6981180000116,CEMIG-D
3162948,São José da Barra,MG,6981180000116,CEMIG-D
3162955,São José da Lapa,MG,6981180000116,CEMIG-D
3163003,São José da Safira,MG,6981180000116,CEMIG-D
3163102,São José da Varginha,MG,6981180000116,CEMIG-D
3163201,São José do Alegre,MG,6981180000116,CEMIG-D
3163300,São José do Divino,MG,6981180000116,CEMIG-D
3163409,São José do Goiabal,MG,6981180000116,CEMIG-D
3163508,São José do Jacuri,MG,6981180000116,CEMIG-D
3163607,São José do Mantimento,MG,6981180000116,CEMIG-D
3162203,São João Batista do Glória,MG,6981180000116,CEMIG-D
3162807,São João Evangelista,MG,6981180000116,CEMIG-D
3162906,São João Nepomuceno,MG,19527639000158,EMR
3162252,São João da Lagoa,MG,6981180000116,CEMIG-D
3162302,São João da Mata,MG,6981180000116,CEMIG-D
3162401,São João da Ponte,MG,6981180000116,CEMIG-D
3162450,São João das Missões,MG,6981180000116,CEMIG-D
3162500,São João del Rei,MG,6981180000116,CEMIG-D
3162559,São João do Manhuaçu,MG,19527639000158,EMR
3162575,São João do Manteninha,MG,6981180000116,CEMIG-D
3162609,São João do Oriente,MG,6981180000116,CEMIG-D
3162658,São João do Pacuí,MG,6981180000116,CEMIG-D
3162708,São João do Paraíso,MG,6981180000116,CEMIG-D
3163706,São Lourenço,MG,6981180000116,CEMIG-D
3163805,São Miguel do Anta,MG,19527639000158,EMR
3163904,São Pedro da União,MG,6981180000116,CEMIG-D
3164100,São Pedro do Suaçuí,MG,6981180000116,CEMIG-D
3164001,São Pedro dos Ferros,MG,6981180000116,CEMIG-D
3164209,São Romão,MG,6981180000116,CEMIG-D
3164308,São Roque de Minas,MG,6981180000116,CEMIG-D
3164407,São Sebastião da Bela Vista,MG,6981180000116,CEMIG-D
3164431,São Sebastião da Vargem Alegre,MG,19527639000158,EMR
3164472,São Sebastião do Anta,MG,6981180000116,CEMIG-D
3164506,São Sebastião do Maranhão,MG,6981180000116,CEMIG-D
3164605,São Sebastião do Oeste,MG,6981180000116,CEMIG-D
3164704,São Sebastião do Paraíso,MG,6981180000116,CEMIG-D
3164803,São Sebastião do Rio Preto,MG,6981180000116,CEMIG-D
3164902,São Sebastião do Rio Verde,MG,6981180000116,CEMIG-D
3165206,São Thomé das Letras,MG,6981180000116,CEMIG-D
3165008,São Tiago,MG,6981180000116,CEMIG-D
3165107,São Tomás de Aquino,MG,6981180000116,CEMIG-D
3165305,São Vicente de Minas,MG,6981180000116,CEMIG-D
3167905,Tabuleiro,MG,19527639000158,EMR
3168002,Taiobeiras,MG,6981180000116,CEMIG-D
3168051,Taparuba,MG,6981180000116,CEMIG-D
3168101,Tapira,MG,6981180000116,CEMIG-D
3168200,Tapiraí,MG,6981180000116,CEMIG-D
3168309,Taquaraçu de Minas,MG,6981180000116,CEMIG-D
3168408,Tarumirim,MG,6981180000116,CEMIG-D
3168507,Teixeiras,MG,6981180000116,CEMIG-D
3168606,Teófilo Otoni,MG,6981180000116,CEMIG-D
3168705,Timóteo,MG,6981180000116,CEMIG-D
3168804,Tiradentes,MG,6981180000116,CEMIG-D
3168903,Tiros,MG,6981180000116,CEMIG-D
3169000,Tocantins,MG,19527639000158,EMR
3169059,Tocos do Moji,MG,6981180000116,CEMIG-D
3169109,Toledo,MG,60942281000123,EEB
3169208,Tombos,MG,6981180000116,CEMIG-D
3169307,Três Corações,MG,6981180000116,CEMIG-D
3169356,Três Marias,MG,6981180000116,CEMIG-D
3169406,Três Pontas,MG,6981180000116,CEMIG-D
3169505,Tumiritinga,MG,6981180000116,CEMIG-D
3169604,Tupaciguara,MG,6981180000116,CEMIG-D
3169703,Turmalina,MG,6981180000116,CEMIG-D
3169802,Turvolândia,MG,6981180000116,CEMIG-D
3170057,Ubaporanga,MG,6981180000116,CEMIG-D
3170008,Ubaí,MG,6981180000116,CEMIG-D
3170107,Uberaba,MG,6981180000116,CEMIG-D
3170206,Uberlândia,MG,6981180000116,CEMIG-D
3169901,Ubá,MG,19527639000158,EMR
3170305,Umburatiba,MG,6981180000116,CEMIG-D
3170404,Unaí,MG,6981180000116,CEMIG-D
3170438,União de Minas,MG,6981180000116,CEMIG-D
3170479,Uruana de Minas,MG,6981180000116,CEMIG-D
3170529,Urucuia,MG,6981180000116,CEMIG-D
3170503,Urucânia,MG,6981180000116,CEMIG-D
3170578,Vargem Alegre,MG,6981180000116,CEMIG-D
3170602,Vargem Bonita,MG,6981180000116,CEMIG-D
3170651,Vargem Grande do Rio Pardo,MG,6981180000116,CEMIG-D
3170701,Varginha,MG,6981180000116,CEMIG-D
3170750,Varjão de Minas,MG,6981180000116,CEMIG-D
3170909,Varzelândia,MG,6981180000116,CEMIG-D
3171006,Vazante,MG,6981180000116,CEMIG-D
3171030,Verdelândia,MG,6981180000116,CEMIG-D
3171071,Veredinha,MG,6981180000116,CEMIG-D
3171154,Vermelho Novo,MG,6981180000116,CEMIG-D
3171105,Veríssimo,MG,6981180000116,CEMIG-D
3171204,Vespasiano,MG,6981180000116,CEMIG-D
3171402,Vieiras,MG,19527639000158,EMR
3171600,Virgem da Lapa,MG,6981180000116,CEMIG-D
3171808,Virginópolis,MG,6981180000116,CEMIG-D
3171907,Virgolândia,MG,6981180000116,CEMIG-D
3171709,Virgínia,MG,6981180000116,CEMIG-D
3172004,Visconde do Rio Branco,MG,19527639000158,EMR
3171303,Viçosa,MG,6981180000116,CEMIG-D
3172103,Volta Grande,MG,6981180000116,CEMIG-D
3170800,Várzea da Palma,MG,6981180000116,CEMIG-D
3172202,Wenceslau Braz,MG,6981180000116,CEMIG-D
3100609,Água Boa,MG,6981180000116,CEMIG-D
3100708,Água Comprida,MG,6981180000116,CEMIG-D
3100906,Águas Formosas,MG,6981180000116,CEMIG-D
3101003,Águas Vermelhas,MG,6981180000116,CEMIG-D
5000252,Alcinópolis,MS,15413826000150,EMS
5000609,Amambai,MS,15413826000150,EMS
5000708,Anastácio,MS,15413826000150,EMS
5000807,Anaurilândia,MS,2328280000197,ELEKTRO
5000856,Angélica,MS,15413826000150,EMS
5000906,Antônio João,MS,15413826000150,EMS
5001003,Aparecida do Taboado,MS,15413826000150,EMS
5001102,Aquidauana,MS,15413826000150,EMS
5001243,Aral Moreira,MS,15413826000150,EMS
5001508,Bandeirantes,MS,15413826000150,EMS
5001904,Bataguassu,MS,15413826000150,EMS
5002001,Batayporã,MS,15413826000150,EMS
5002100,Bela Vista,MS,15413826000150,EMS
5002159,Bodoquena,MS,15413826000150,EMS
5002209,Bonito,MS,15413826000150,EMS
5002308,Brasilândia,MS,2328280000197,ELEKTRO
5002407,Caarapó,MS,15413826000150,EMS
5002605,Camapuã,MS,15413826000150,EMS
5002704,Campo Grande,MS,15413826000150,EMS
5002803,Caracol,MS,15413826000150,EMS
5002902,Cassilândia,MS,15413826000150,EMS
5002951,Chapadão do Sul,MS,15413826000150,EMS
5003108,Corguinho,MS,15413826000150,EMS
5003157,Coronel Sapucaia,MS,15413826000150,EMS
5003207,Corumbá,MS,15413826000150,EMS
5003256,Costa Rica,MS,15413826000150,EMS
5003306,Coxim,MS,15413826000150,EMS
5003454,Deodápolis,MS,15413826000150,EMS
5003488,Dois Irmãos do Buriti,MS,15413826000150,EMS
5003504,Douradina,MS,15413826000150,EMS
5003702,Dourados,MS,15413826000150,EMS
5003751,Eldorado,MS,15413826000150,EMS
5003900,Figueirão,MS,15413826000150,EMS
5003801,Fátima do Sul,MS,15413826000150,EMS
5004007,Glória de Dourados,MS,15413826000150,EMS
5004106,Guia Lopes da Laguna,MS,15413826000150,EMS
5004304,Iguatemi,MS,15413826000150,EMS
5004403,Inocência,MS,15413826000150,EMS
5004502,Itaporã,MS,15413826000150,EMS
5004601,Itaquiraí,MS,15413826000150,EMS
5004700,Ivinhema,MS,15413826000150,EMS
5004809,Japorã,MS,15413826000150,EMS
5004908,Jaraguari,MS,15413826000150,EMS
5005004,Jardim,MS,15413826000150,EMS
5005103,Jateí,MS,15413826000150,EMS
5005152,Juti,MS,15413826000150,EMS
5005202,Ladário,MS,15413826000150,EMS
5005251,Laguna Carapã,MS,15413826000150,EMS
5005400,Maracaju,MS,15413826000150,EMS
5005608,Miranda,MS,15413826000150,EMS
5005681,Mundo Novo,MS,15413826000150,EMS
5005707,Naviraí,MS,15413826000150,EMS
5005806,Nioaque,MS,15413826000150,EMS
5006002,Nova Alvorada do Sul,MS,15413826000150,EMS
5006200,Nova Andradina,MS,15413826000150,EMS
5006259,Novo Horizonte do Sul,MS,15413826000150,EMS
5006309,Paranaíba,MS,15413826000150,EMS
5006358,Paranhos,MS,15413826000150,EMS
5006275,Paraíso das Águas,MS,15413826000150,EMS
5006408,Pedro Gomes,MS,15413826000150,EMS
5006606,Ponta Porã,MS,15413826000150,EMS
5006903,Porto Murtinho,MS,15413826000150,EMS
5007109,Ribas do Rio Pardo,MS,15413826000150,EMS
5007208,Rio Brilhante,MS,15413826000150,EMS
5007307,Rio Negro,MS,15413826000150,EMS
5007406,Rio Verde de Mato Grosso,MS,15413826000150,EMS
5007505,Rochedo,MS,15413826000150,EMS
5007554,Santa Rita do Pardo,MS,2328280000197,ELEKTRO
5007802,Selvíria,MS,2328280000197,ELEKTRO
5007703,Sete Quedas,MS,15413826000150,EMS
5007901,Sidrolândia,MS,15413826000150,EMS
5007935,Sonora,MS,15413826000150,EMS
5007695,São Gabriel do Oeste,MS,15413826000150,EMS
5007950,Tacuru,MS,15413826000150,EMS
5007976,Taquarussu,MS,15413826000150,EMS
5008008,Terenos,MS,15413826000150,EMS
5008305,Três Lagoas,MS,2328280000197,ELEKTRO
5008404,Vicentina,MS,15413826000150,EMS
5000203,Água Clara,MS,15413826000150,EMS
5100102,Acorizal,MT,3467321000199,EMT
5100250,Alta Floresta,MT,3467321000199,EMT
5100300,Alto Araguaia,MT,3467321000199,EMT
5100359,Alto Boa Vista,MT,3467321000199,EMT
5100409,Alto Garças,MT,3467321000199,EMT
5100508,Alto Paraguai,MT,3467321000199,EMT
5100607,Alto Taquari,MT,3467321000199,EMT
5100805,Apiacás,MT,3467321000199,EMT
5101001,Araguaiana,MT,3467321000199,EMT
5101209,Araguainha,MT,3467321000199,EMT
5101258,Araputanga,MT,3467321000199,EMT
5101308,Arenápolis,MT,3467321000199,EMT
5101407,Aripuanã,MT,3467321000199,EMT
5101704,Barra do Bugres,MT,3467321000199,EMT
5101803,Barra do Garças,MT,3467321000199,EMT
5101605,Barão de Melgaço,MT,3467321000199,EMT
5101852,Bom Jesus do Araguaia,MT,3467321000199,EMT
5101902,Brasnorte,MT,3467321000199,EMT
5102603,Campinápolis,MT,3467321000199,EMT
5102637,Campo Novo do Parecis,MT,3467321000199,EMT
5102678,Campo Verde,MT,3467321000199,EMT
5102686,Campos de Júlio,MT,3467321000199,EMT
5102694,Canabrava do Norte,MT,3467321000199,EMT
5102702,Canarana,MT,3467321000199,EMT
5102793,Carlinda,MT,3467321000199,EMT
5102850,Castanheira,MT,3467321000199,EMT
5103007,Chapada dos Guimarães,MT,3467321000199,EMT
5103056,Cláudia,MT,3467321000199,EMT
5103106,Cocalinho,MT,3467321000199,EMT
5103254,Colniza,MT,3467321000199,EMT
5103205,Colíder,MT,3467321000199,EMT
5103304,Comodoro,MT,3467321000199,EMT
5103353,Confresa,MT,3467321000199,EMT
5103361,Conquista D'Oeste,MT,3467321000199,EMT
5103379,Cotriguaçu,MT,3467321000199,EMT
5103403,Cuiabá,MT,3467321000199,EMT
5103437,Curvelândia,MT,3467321000199,EMT
5102504,Cáceres,MT,3467321000199,EMT
5103452,Denise,MT,3467321000199,EMT
5103502,Diamantino,MT,3467321000199,EMT
5103601,Dom Aquino,MT,3467321000199,EMT
5103700,Feliz Natal,MT,3467321000199,EMT
5103809,Figueirópolis D'Oeste,MT,3467321000199,EMT
5103858,Gaúcha do Norte,MT,3467321000199,EMT
5103908,General Carneiro,MT,3467321000199,EMT
5103957,Glória D'Oeste,MT,3467321000199,EMT
5104104,Guarantã do Norte,MT,3467321000199,EMT
5104203,Guiratinga,MT,3467321000199,EMT
5104500,Indiavaí,MT,3467321000199,EMT
5104526,Ipiranga do Norte,MT,3467321000199,EMT
5104542,Itanhangá,MT,3467321000199,EMT
5104559,Itaúba,MT,3467321000199,EMT
5104609,Itiquira,MT,3467321000199,EMT
5104807,Jaciara,MT,3467321000199,EMT
5104906,Jangada,MT,3467321000199,EMT
5105002,Jauru,MT,3467321000199,EMT
5105101,Juara,MT,3467321000199,EMT
5105176,Juruena,MT,3467321000199,EMT
5105200,Juscimeira,MT,3467321000199,EMT
5105150,Juína,MT,3467321000199,EMT
5105234,Lambari D'Oeste,MT,3467321000199,EMT
5105259,Lucas do Rio Verde,MT,3467321000199,EMT
5105309,Luciara,MT,3467321000199,EMT
5105580,Marcelândia,MT,3467321000199,EMT
5105606,Matupá,MT,3467321000199,EMT
5105622,Mirassol D'Oeste,MT,3467321000199,EMT
5105903,Nobres,MT,3467321000199,EMT
5106000,Nortelândia,MT,3467321000199,EMT
5106109,Nossa Senhora do Livramento,MT,3467321000199,EMT
5106158,Nova Bandeirantes,MT,3467321000199,EMT
5106208,Nova Brasilândia,MT,3467321000199,EMT
5106216,Nova Canaã do Norte,MT,3467321000199,EMT
5108808,Nova Guarita,MT,3467321000199,EMT
5106182,Nova Lacerda,MT,3467321000199,EMT
5108857,Nova Marilândia,MT,3467321000199,EMT
5108907,Nova Maringá,MT,3467321000199,EMT
5108956,Nova Monte Verde,MT,3467321000199,EMT
5106224,Nova Mutum,MT,3467321000199,EMT
5106174,Nova Nazaré,MT,3467321000199,EMT
5106232,Nova Olímpia,MT,3467321000199,EMT
5106190,Nova Santa Helena,MT,3467321000199,EMT
5106240,Nova Ubiratã,MT,3467321000199,EMT
5106257,Nova Xavantina,MT,3467321000199,EMT
5106273,Novo Horizonte do Norte,MT,3467321000199,EMT
5106265,Novo Mundo,MT,3467321000199,EMT
5106315,Novo Santo Antônio,MT,3467321000199,EMT
5106281,Novo São Joaquim,MT,3467321000199,EMT
5106307,Paranatinga,MT,3467321000199,EMT
5106299,Paranaíta,MT,3467321000199,EMT
5106372,Pedra Preta,MT,3467321000199,EMT
5106422,Peixoto de Azevedo,MT,3467321000199,EMT
5106455,Planalto da Serra,MT,3467321000199,EMT
5106505,Poconé,MT,3467321000199,EMT
5106653,Pontal do Araguaia,MT,3467321000199,EMT
5106703,Ponte Branca,MT,3467321000199,EMT
5106752,Pontes e Lacerda,MT,3467321000199,EMT
5106778,Porto Alegre do Norte,MT,3467321000199,EMT
5106828,Porto Esperidião,MT,3467321000199,EMT
5106851,Porto Estrela,MT,3467321000199,EMT
5106802,Porto dos Gaúchos,MT,3467321000199,EMT
5107008,Poxoréu,MT,3467321000199,EMT
5107040,Primavera do Leste,MT,3467321000199,EMT
5107065,Querência,MT,3467321000199,EMT
5107156,Reserva do Cabaçal,MT,3467321000199,EMT
5107180,Ribeirão Cascalheira,MT,3467321000199,EMT
5107198,Ribeirãozinho,MT,3467321000199,EMT
5107206,Rio Branco,MT,3467321000199,EMT
5107578,Rondolândia,MT,3467321000199,EMT
5107602,Rondonópolis,MT,3467321000199,EMT
5107701,Rosário Oeste,MT,3467321000199,EMT
5107750,Salto do Céu,MT,3467321000199,EMT
5107248,Santa Carmem,MT,3467321000199,EMT
5107743,Santa Cruz do Xingu,MT,3467321000199,EMT
5107768,Santa Rita do Trivelato,MT,3467321000199,EMT
5107776,Santa Terezinha,MT,3467321000199,EMT
5107263,Santo Afonso,MT,3467321000199,EMT
5107792,Santo Antônio do Leste,MT,3467321000199,EMT
5107800,Santo Antônio do Leverger,MT,3467321000199,EMT
5107875,Sapezal,MT,3467321000199,EMT
5107883,Serra Nova Dourada,MT,3467321000199,EMT
5107909,Sinop,MT,3467321000199,EMT
5107925,Sorriso,MT,3467321000199,EMT
5107859,São Félix do Araguaia,MT,3467321000199,EMT
5107297,São José do Povo,MT,3467321000199,EMT
5107305,São José do Rio Claro,MT,3467321000199,EMT
5107354,São José do Xingu,MT,3467321000199,EMT
5107107,São José dos Quatro Marcos,MT,3467321000199,EMT
5107404,São Pedro da Cipa,MT,3467321000199,EMT
5107941,Tabaporã,MT,3467321000199,EMT
5107958,Tangará da Serra,MT,3467321000199,EMT
5108006,Tapurah,MT,3467321000199,EMT
5108055,Terra Nova do Norte,MT,3467321000199,EMT
5108105,Tesouro,MT,3467321000199,EMT
5108204,Torixoréu,MT,3467321000199,EMT
5108303,União do Sul,MT,3467321000199,EMT
5108352,Vale de São Domingos,MT,3467321000199,EMT
5108501,Vera,MT,3467321000199,EMT
5105507,Vila Bela da Santíssima Trindade,MT,3467321000199,EMT
5108600,Vila Rica,MT,3467321000199,EMT
5108402,Várzea Grande,MT,3467321000199,EMT
5100201,Água Boa,MT,3467321000199,EMT
1500107,Abaetetuba,PA,4895728000180,EQUATORIAL PA
1500131,Abel Figueiredo,PA,4895728000180,EQUATORIAL PA
1500206,Acará,PA,4895728000180,EQUATORIAL PA
1500305,Afuá,PA,4895728000180,EQUATORIAL PA
1500404,Alenquer,PA,4895728000180,EQUATORIAL PA
1500503,Almeirim,PA,4895728000180,EQUATORIAL PA
1500602,Altamira,PA,4895728000180,EQUATORIAL PA
1500701,Anajás,PA,4895728000180,EQUATORIAL PA
1500800,Ananindeua,PA,4895728000180,EQUATORIAL PA
1500859,Anapu,PA,4895728000180,EQUATORIAL PA
1500909,Augusto Corrêa,PA,4895728000180,EQUATORIAL PA
1500958,Aurora do Pará,PA,4895728000180,EQUATORIAL PA
1501006,Aveiro,PA,4895728000180,EQUATORIAL PA
1501105,Bagre,PA,4895728000180,EQUATORIAL PA
1501204,Baião,PA,4895728000180,EQUATORIAL PA
1501253,Bannach,PA,4895728000180,EQUATORIAL PA
1501303,Barcarena,PA,4895728000180,EQUATORIAL PA
1501451,Belterra,PA,4895728000180,EQUATORIAL PA
1501402,Belém,PA,4895728000180,EQUATORIAL PA
1501501,Benevides,PA,4895728000180,EQUATORIAL PA
1501576,Bom Jesus do Tocantins,PA,4895728000180,EQUATORIAL PA
1501600,Bonito,PA,4895728000180,EQUATORIAL PA
1501709,Bragança,PA,4895728000180,EQUATORIAL PA
1501725,Brasil Novo,PA,4895728000180,EQUATORIAL PA
1501758,Brejo Grande do Araguaia,PA,4895728000180,EQUATORIAL PA
1501782,Breu Branco,PA,4895728000180,EQUATORIAL PA
1501808,Breves,PA,4895728000180,EQUATORIAL PA
1501907,Bujaru,PA,4895728000180,EQUATORIAL PA
1502004,Cachoeira do Arari,PA,4895728000180,EQUATORIAL PA
1501956,Cachoeira do Piriá,PA,4895728000180,EQUATORIAL PA
1502103,Cametá,PA,4895728000180,EQUATORIAL PA
1502152,Canaã dos Carajás,PA,4895728000180,EQUATORIAL PA
1502202,Capanema,PA,4895728000180,EQUATORIAL PA
1502301,Capitão Poço,PA,4895728000180,EQUATORIAL PA
1502400,Castanhal,PA,4895728000180,EQUATORIAL PA
1502509,Chaves,PA,4895728000180,EQUATORIAL PA
1502608,Colares,PA,4895728000180,EQUATORIAL PA
1502707,Conceição do Araguaia,PA,4895728000180,EQUATORIAL PA
1502756,Concórdia do Pará,PA,4895728000180,EQUATORIAL PA
1502764,Cumaru do Norte,PA,4895728000180,EQUATORIAL PA
1502772,Curionópolis,PA,4895728000180,EQUATORIAL PA
1502806,Curralinho,PA,4895728000180,EQUATORIAL PA
1502855,Curuá,PA,4895728000180,EQUATORIAL PA
1502905,Curuçá,PA,4895728000180,EQUATORIAL PA
1502939,Dom Eliseu,PA,4895728000180,EQUATORIAL PA
1502954,Eldorado dos Carajás,PA,4895728000180,EQUATORIAL PA
1503002,Faro,PA,4895728000180,EQUATORIAL PA
1503044,Floresta do Araguaia,PA,4895728000180,EQUATORIAL PA
1503077,Garrafão do Norte,PA,4895728000180,EQUATORIAL PA
1503093,Goianésia do Pará,PA,4895728000180,EQUATORIAL PA
1503101,Gurupá,PA,4895728000180,EQUATORIAL PA
1503200,Igarapé-Açu,PA,4895728000180,EQUATORIAL PA
1503309,Igarapé-Miri,PA,4895728000180,EQUATORIAL PA
1503408,Inhangapi,PA,4895728000180,EQUATORIAL PA
1503457,Ipixuna do Pará,PA,4895728000180,EQUATORIAL PA
1503507,Irituia,PA,4895728000180,EQUATORIAL PA
1503606,Itaituba,PA,4895728000180,EQUATORIAL PA
1503705,Itupiranga,PA,4895728000180,EQUATORIAL PA
1503754,Jacareacanga,PA,4895728000180,EQUATORIAL PA
1503804,Jacundá,PA,4895728000180,EQUATORIAL PA
1503903,Juruti,PA,4895728000180,EQUATORIAL PA
1504000,Limoeiro do Ajuru,PA,4895728000180,EQUATORIAL PA
1504109,Magalhães Barata,PA,4895728000180,EQUATORIAL PA
1504208,Marabá,PA,4895728000180,EQUATORIAL PA
1504307,Maracanã,PA,4895728000180,EQUATORIAL PA
1504406,Marapanim,PA,4895728000180,EQUATORIAL PA
1504422,Marituba,PA,4895728000180,EQUATORIAL PA
1504455,Medicilândia,PA,4895728000180,EQUATORIAL PA
1504505,Melgaço,PA,4895728000180,EQUATORIAL PA
1504604,Mocajuba,PA,4895728000180,EQUATORIAL PA
1504703,Moju,PA,4895728000180,EQUATORIAL PA
1504752,Mojuí dos Campos,PA,4895728000180,EQUATORIAL PA
1504802,Monte Alegre,PA,4895728000180,EQUATORIAL PA
1504901,Muaná,PA,4895728000180,EQUATORIAL PA
1504059,Mãe do Rio,PA,4895728000180,EQUATORIAL PA
1504950,Nova Esperança do Piriá,PA,4895728000180,EQUATORIAL PA
1504976,Nova Ipixuna,PA,4895728000180,EQUATORIAL PA
1505007,Nova Timboteua,PA,4895728000180,EQUATORIAL PA
1505031,Novo Progresso,PA,4895728000180,EQUATORIAL PA
1505064,Novo Repartimento,PA,4895728000180,EQUATORIAL PA
1505205,Oeiras do Pará,PA,4895728000180,EQUATORIAL PA
1505304,Oriximiná,PA,4895728000180,EQUATORIAL PA
1505437,Ourilândia do Norte,PA,4895728000180,EQUATORIAL PA
1505403,Ourém,PA,4895728000180,EQUATORIAL PA
1505486,Pacajá,PA,4895728000180,EQUATORIAL PA
1505494,Palestina do Pará,PA,4895728000180,EQUATORIAL PA
1505502,Paragominas,PA,4895728000180,EQUATORIAL PA
1505536,Parauapebas,PA,4895728000180,EQUATORIAL PA
1505551,Pau D'Arco,PA,4895728000180,EQUATORIAL PA
1505601,Peixe-Boi,PA,4895728000180,EQUATORIAL PA
1505635,Piçarra,PA,4895728000180,EQUATORIAL PA
1505650,Placas,PA,4895728000180,EQUATORIAL PA
1505700,Ponta de Pedras,PA,4895728000180,EQUATORIAL PA
1505809,Portel,PA,4895728000180,EQUATORIAL PA
1505908,Porto de Moz,PA,4895728000180,EQUATORIAL PA
1506005,Prainha,PA,4895728000180,EQUATORIAL PA
1506104,Primavera,PA,4895728000180,EQUATORIAL PA
1506112,Quatipuru,PA,4895728000180,EQUATORIAL PA
1506138,Redenção,PA,4895728000180,EQUATORIAL PA
1506161,Rio Maria,PA,4895728000180,EQUATORIAL PA
1506187,Rondon do Pará,PA,4895728000180,EQUATORIAL PA
1506195,Rurópolis,PA,4895728000180,EQUATORIAL PA
1506203,Salinópolis,PA,4895728000180,EQUATORIAL PA
1506302,Salvaterra,PA,4895728000180,EQUATORIAL PA
1506351,Santa Bárbara do Pará,PA,4895728000180,EQUATORIAL PA
1506401,Santa Cruz do Arari,PA,4895728000180,EQUATORIAL PA
1506500,Santa Isabel do Pará,PA,4895728000180,EQUATORIAL PA
1506559,Santa Luzia do Pará,PA,4895728000180,EQUATORIAL PA
1506583,Santa Maria das Barreiras,PA,4895728000180,EQUATORIAL PA
1506609,Santa Maria do Pará,PA,4895728000180,EQUATORIAL PA
1506708,Santana do Araguaia,PA,4895728000180,EQUATORIAL PA
1506807,Santarém,PA,4895728000180,EQUATORIAL PA
1506906,Santarém Novo,PA,4895728000180,EQUATORIAL PA
1507003,Santo Antônio do Tauá,PA,4895728000180,EQUATORIAL PA
1507755,Sapucaia,PA,4895728000180,EQUATORIAL PA
1507805,Senador José Porfírio,PA,4895728000180,EQUATORIAL PA
1507904,Soure,PA,4895728000180,EQUATORIAL PA
1507102,São Caetano de Odivelas,PA,4895728000180,EQUATORIAL PA
1507151,São Domingos do Araguaia,PA,4895728000180,EQUATORIAL PA
1507201,São Domingos do Capim,PA,4895728000180,EQUATORIAL PA
1507409,São Francisco do Pará,PA,4895728000180,EQUATORIAL PA
1507300,São Félix do Xingu,PA,4895728000180,EQUATORIAL PA
1507458,São Geraldo do Araguaia,PA,4895728000180,EQUATORIAL PA
1507466,São João da Ponta,PA,4895728000180,EQUATORIAL PA
1507474,São João de Pirabas,PA,4895728000180,EQUATORIAL PA
1507508,São João do Araguaia,PA,4895728000180,EQUATORIAL PA
1507607,São Miguel do Guamá,PA,4895728000180,EQUATORIAL PA
1507706,São Sebastião da Boa Vista,PA,4895728000180,EQUATORIAL PA
1507953,Tailândia,PA,4895728000180,EQUATORIAL PA
1507961,Terra Alta,PA,4895728000180,EQUATORIAL PA
1507979,Terra Santa,PA,4895728000180,EQUATORIAL PA
1508001,Tomé-Açu,PA,4895728000180,EQUATORIAL PA
1508035,Tracuateua,PA,4895728000180,EQUATORIAL PA
1508050,Trairão,PA,4895728000180,EQUATORIAL PA
1508084,Tucumã,PA,4895728000180,EQUATORIAL PA
1508100,Tucuruí,PA,4895728000180,EQUATORIAL PA
1508126,Ulianópolis,PA,4895728000180,EQUATORIAL PA
1508159,Uruará,PA,4895728000180,EQUATORIAL PA
1508209,Vigia,PA,4895728000180,EQUATORIAL PA
1508308,Viseu,PA,4895728000180,EQUATORIAL PA
1508357,Vitória do Xingu,PA,4895728000180,EQUATORIAL PA
1508407,Xinguara,PA,4895728000180,EQUATORIAL PA
1500347,Água Azul do Norte,PA,4895728000180,EQUATORIAL PA
1505106,Óbidos,PA,4895728000180,EQUATORIAL PA
2500205,Aguiar,PB,9095183000140,EPB
2500304,Alagoa Grande,PB,9095183000140,EPB
2500403,Alagoa Nova,PB,9095183000140,EPB
2500502,Alagoinha,PB,9095183000140,EPB
2500536,Alcantil,PB,9095183000140,EPB
2500577,Algodão de Jandaíra,PB,9095183000140,EPB
2500601,Alhandra,PB,9095183000140,EPB
2500734,Amparo,PB,9095183000140,EPB
2500775,Aparecida,PB,9095183000140,EPB
2500908,Arara,PB,9095183000140,EPB
2501005,Araruna,PB,9095183000140,EPB
2500809,Araçagi,PB,9095183000140,EPB
2501104,Areia,PB,9095183000140,EPB
2501153,Areia de Baraúnas,PB,9095183000140,EPB
2501203,Areial,PB,9095183000140,EPB
2501302,Aroeiras,PB,9095183000140,EPB
2501351,Assunção,PB,9095183000140,EPB
2501500,Bananeiras,PB,9095183000140,EPB
2501534,Baraúna,PB,9095183000140,EPB
2501609,Barra de Santa Rosa,PB,9095183000140,EPB
2501575,Barra de Santana,PB,9095183000140,EPB
2501708,Barra de São Miguel,PB,9095183000140,EPB
2501807,Bayeux,PB,9095183000140,EPB
2501401,Baía da Traição,PB,9095183000140,EPB
2501906,Belém,PB,9095183000140,EPB
2502003,Belém do Brejo do Cruz,PB,9095183000140,EPB
2502052,Bernardino Batista,PB,9095183000140,EPB
2502102,Boa Ventura,PB,9095183000140,EPB
2502151,Boa Vista,PB,8826596000195,EBO
2502201,Bom Jesus,PB,9095183000140,EPB
2502300,Bom Sucesso,PB,9095183000140,EPB
2502409,Bonito de Santa Fé,PB,9095183000140,EPB
2502508,Boqueirão,PB,9095183000140,EPB
2502706,Borborema,PB,9095183000140,EPB
2502805,Brejo do Cruz,PB,9095183000140,EPB
2502904,Brejo dos Santos,PB,9095183000140,EPB
2503001,Caaporã,PB,9095183000140,EPB
2503100,Cabaceiras,PB,9095183000140,EPB
2503209,Cabedelo,PB,9095183000140,EPB
2503308,Cachoeira dos Índios,PB,9095183000140,EPB
2503407,Cacimba de Areia,PB,9095183000140,EPB
2503506,Cacimba de Dentro,PB,9095183000140,EPB
2503555,Cacimbas,PB,9095183000140,EPB
2503605,Caiçara,PB,9095183000140,EPB
2503704,Cajazeiras,PB,9095183000140,EPB
2503753,Cajazeirinhas,PB,9095183000140,EPB
2503803,Caldas Brandão,PB,9095183000140,EPB
2503902,Camalaú,PB,9095183000140,EPB
2504009,Campina Grande,PB,8826596000195,EBO
2504033,Capim,PB,9095183000140,EPB
2504074,Caraúbas,PB,9095183000140,EPB
2504108,Carrapateira,PB,9095183000140,EPB
2504157,Casserengue,PB,9095183000140,EPB
2504207,Catingueira,PB,9095183000140,EPB
2504306,Catolé do Rocha,PB,9095183000140,EPB
2504355,Caturité,PB,9095183000140,EPB
2504405,Conceição,PB,9095183000140,EPB
2504504,Condado,PB,9095183000140,EPB
2504603,Conde,PB,9095183000140,EPB
2504702,Congo,PB,9095183000140,EPB
2504801,Coremas,PB,9095183000140,EPB
2504850,Coxixola,PB,9095183000140,EPB
2504900,Cruz do Espírito Santo,PB,9095183000140,EPB
2505006,Cubati,PB,9095183000140,EPB
2505204,Cuitegi,PB,9095183000140,EPB
2505105,Cuité,PB,9095183000140,EPB
2505238,Cuité de Mamanguape,PB,9095183000140,EPB
2505303,Curral Velho,PB,9095183000140,EPB
2505279,Curral de Cima,PB,9095183000140,EPB
2505352,Damião,PB,9095183000140,EPB
2505402,Desterro,PB,9095183000140,EPB
2505600,Diamante,PB,9095183000140,EPB
2505709,Dona Inês,PB,9095183000140,EPB
2505808,Duas Estradas,PB,9095183000140,EPB
2505907,Emas,PB,9095183000140,EPB
2506004,Esperança,PB,9095183000140,EPB
2506103,Fagundes,PB,8826596000195,EBO
2506202,Frei Martinho,PB,9095183000140,EPB
2506251,Gado Bravo,PB,9095183000140,EPB
2506301,Guarabira,PB,9095183000140,EPB
2506400,Gurinhém,PB,9095183000140,EPB
2506509,Gurjão,PB,9095183000140,EPB
2506608,Ibiara,PB,9095183000140,EPB
2502607,Igaracy,PB,9095183000140,EPB
2506707,Imaculada,PB,9095183000140,EPB
2506806,Ingá,PB,9095183000140,EPB
2506905,Itabaiana,PB,9095183000140,EPB
2507002,Itaporanga,PB,9095183000140,EPB
2507101,Itapororoca,PB,9095183000140,EPB
2507200,Itatuba,PB,9095183000140,EPB
2507309,Jacaraú,PB,9095183000140,EPB
2507408,Jericó,PB,9095183000140,EPB
2513653,Joca Claudino,PB,9095183000140,EPB
2507507,João Pessoa,PB,9095183000140,EPB
2507606,Juarez Távora,PB,9095183000140,EPB
2507705,Juazeirinho,PB,9095183000140,EPB
2507804,Junco do Seridó,PB,9095183000140,EPB
2507903,Juripiranga,PB,9095183000140,EPB
2508000,Juru,PB,9095183000140,EPB
2508109,Lagoa,PB,9095183000140,EPB
2508307,Lagoa Seca,PB,8826596000195,EBO
2508208,Lagoa de Dentro,PB,9095183000140,EPB
2508406,Lastro,PB,9095183000140,EPB
2508505,Livramento,PB,9095183000140,EPB
2508554,Logradouro,PB,9095183000140,EPB
2508604,Lucena,PB,9095183000140,EPB
2508802,Malta,PB,9095183000140,EPB
2508901,Mamanguape,PB,9095183000140,EPB
2509008,Manaíra,PB,9095183000140,EPB
2509057,Marcação,PB,9095183000140,EPB
2509107,Mari,PB,9095183000140,EPB
2509156,Marizópolis,PB,9095183000140,EPB
2509206,Massaranduba,PB,8826596000195,EBO
2509305,Mataraca,PB,9095183000140,EPB
2509339,Matinhas,PB,9095183000140,EPB
2509370,Mato Grosso,PB,9095183000140,EPB
2509396,Maturéia,PB,9095183000140,EPB
2509404,Mogeiro,PB,9095183000140,EPB
2509503,Montadas,PB,9095183000140,EPB
2509602,Monte Horebe,PB,9095183000140,EPB
2509701,Monteiro,PB,9095183000140,EPB
2509800,Mulungu,PB,9095183000140,EPB
2508703,Mãe D'Água,PB,9095183000140,EPB
2509909,Natuba,PB,9095183000140,EPB
2510006,Nazarezinho,PB,9095183000140,EPB
2510105,Nova Floresta,PB,9095183000140,EPB
2510204,Nova Olinda,PB,9095183000140,EPB
2510303,Nova Palmeira,PB,9095183000140,EPB
2510402,Olho D'Água,PB,9095183000140,EPB
2510501,Olivedos,PB,9095183000140,EPB
2510600,Ouro Velho,PB,9095183000140,EPB
2510659,Parari,PB,9095183000140,EPB
2510709,Passagem,PB,9095183000140,EPB
2510808,Patos,PB,9095183000140,EPB
2510907,Paulista,PB,9095183000140,EPB
2511004,Pedra Branca,PB,9095183000140,EPB
2511103,Pedra Lavrada,PB,9095183000140,EPB
2511202,Pedras de Fogo,PB,9095183000140,EPB
2512721,Pedro Régis,PB,9095183000140,EPB
2511301,Piancó,PB,9095183000140,EPB
2511400,Picuí,PB,9095183000140,EPB
2511509,Pilar,PB,9095183000140,EPB
2511608,Pilões,PB,9095183000140,EPB
2511707,Pilõezinhos,PB,9095183000140,EPB
2511806,Pirpirituba,PB,9095183000140,EPB
2511905,Pitimbu,PB,9095183000140,EPB
2512002,Pocinhos,PB,9095183000140,EPB
2512101,Pombal,PB,9095183000140,EPB
2512036,Poço Dantas,PB,9095183000140,EPB
2512077,Poço de José de Moura,PB,9095183000140,EPB
2512200,Prata,PB,9095183000140,EPB
2512309,Princesa Isabel,PB,9095183000140,EPB
2512408,Puxinanã,PB,9095183000140,EPB
2512507,Queimadas,PB,8826596000195,EBO
2512606,Quixabá,PB,9095183000140,EPB
2512705,Remígio,PB,9095183000140,EPB
2512788,Riacho de Santo Antônio,PB,9095183000140,EPB
2512804,Riacho dos Cavalos,PB,9095183000140,EPB
2512747,Riachão,PB,9095183000140,EPB
2512754,Riachão do Bacamarte,PB,9095183000140,EPB
2512762,Riachão do Poço,PB,9095183000140,EPB
2512903,Rio Tinto,PB,9095183000140,EPB
2513000,Salgadinho,PB,9095183000140,EPB
2513109,Salgado de São Félix,PB,9095183000140,EPB
2513158,Santa Cecília,PB,9095183000140,EPB
2513208,Santa Cruz,PB,9095183000140,EPB
2513307,Santa Helena,PB,9095183000140,EPB
2513356,Santa Inês,PB,9095183000140,EPB
2513406,Santa Luzia,PB,9095183000140,EPB
2513703,Santa Rita,PB,9095183000140,EPB
2513802,Santa Teresinha,PB,9095183000140,EPB
2513505,Santana de Mangueira,PB,9095183000140,EPB
2513604,Santana dos Garrotes,PB,9095183000140,EPB
2513851,Santo André,PB,9095183000140,EPB
2515302,Sapé,PB,9095183000140,EPB
2515500,Serra Branca,PB,9095183000140,EPB
2515708,Serra Grande,PB,9095183000140,EPB
2515807,Serra Redonda,PB,9095183000140,EPB
2515609,Serra da Raiz,PB,9095183000140,EPB
2515906,Serraria,PB,9095183000140,EPB
2515930,Sertãozinho,PB,9095183000140,EPB
2515971,Sobrado,PB,9095183000140,EPB
2516102,Soledade,PB,9095183000140,EPB
2516003,Solânea,PB,9095183000140,EPB
2516151,Sossêgo,PB,9095183000140,EPB
2516201,Sousa,PB,9095183000140,EPB
2516300,Sumé,PB,9095183000140,EPB
2513927,São Bentinho,PB,9095183000140,EPB
2513901,São Bento,PB,9095183000140,EPB
2513968,São Domingos,PB,9095183000140,EPB
2513943,São Domingos do Cariri,PB,9095183000140,EPB
2513984,São Francisco,PB,9095183000140,EPB
2514206,São José da Lagoa Tapada,PB,9095183000140,EPB
2514305,São José de Caiana,PB,9095183000140,EPB
2514404,São José de Espinharas,PB,9095183000140,EPB
2514503,São José de Piranhas,PB,9095183000140,EPB
2514552,São José de Princesa,PB,9095183000140,EPB
2514602,São José do Bonfim,PB,9095183000140,EPB
2514651,São José do Brejo do Cruz,PB,9095183000140,EPB
2514701,São José do Sabugi,PB,9095183000140,EPB
2514800,São José dos Cordeiros,PB,9095183000140,EPB
2514453,São José dos Ramos,PB,9095183000140,EPB
2514008,São João do Cariri,PB,9095183000140,EPB
2500700,São João do Rio do Peixe,PB,9095183000140,EPB
2514107,São João do Tigre,PB,9095183000140,EPB
2514909,São Mamede,PB,9095183000140,EPB
2515005,São Miguel de Taipu,PB,9095183000140,EPB
2515104,São Sebastião de Lagoa de Roça,PB,9095183000140,EPB
2515203,São Sebastião do Umbuzeiro,PB,9095183000140,EPB
2515401,São Vicente do Seridó,PB,9095183000140,EPB
2516409,Tacima,PB,9095183000140,EPB
2516508,Taperoá,PB,9095183000140,EPB
2516607,Tavares,PB,9095183000140,EPB
2516706,Teixeira,PB,9095183000140,EPB
2516755,Tenório,PB,9095183000140,EPB
2516805,Triunfo,PB,9095183000140,EPB
2516904,Uiraúna,PB,9095183000140,EPB
2517001,Umbuzeiro,PB,9095183000140,EPB
2517209,Vieirópolis,PB,9095183000140,EPB
2505501,Vista Serrana,PB,9095183000140,EPB
2517100,Várzea,PB,9095183000140,EPB
2517407,Zabelê,PB,9095183000140,EPB
2500106,Água Branca,PB,9095183000140,EPB
2600054,Abreu e Lima,PE,10835932000108,Neoenergia PE
2600104,Afogados da Ingazeira,PE,10835932000108,Neoenergia PE
2600203,Afrânio,PE,10835932000108,Neoenergia PE
2600302,Agrestina,PE,10835932000108,Neoenergia PE
2600609,Alagoinha,PE,10835932000108,Neoenergia PE
2600708,Aliança,PE,10835932000108,Neoenergia PE
2600807,Altinho,PE,10835932000108,Neoenergia PE
2600906,Amaraji,PE,10835932000108,Neoenergia PE
2601003,Angelim,PE,10835932000108,Neoenergia PE
2601102,Araripina,PE,10835932000108,Neoenergia PE
2601052,Araçoiaba,PE,10835932000108,Neoenergia PE
2601201,Arcoverde,PE,10835932000108,Neoenergia PE
2601300,Barra de Guabiraba,PE,10835932000108,Neoenergia PE
2601409,Barreiros,PE,10835932000108,Neoenergia PE
2601706,Belo Jardim,PE,10835932000108,Neoenergia PE
2601508,Belém de Maria,PE,10835932000108,Neoenergia PE
2601607,Belém do São Francisco,PE,10835932000108,Neoenergia PE
2601805,Betânia,PE,10835932000108,Neoenergia PE
2601904,Bezerros,PE,10835932000108,Neoenergia PE
2602001,Bodocó,PE,10835932000108,Neoenergia PE
2602100,Bom Conselho,PE,10835932000108,Neoenergia PE
2602209,Bom Jardim,PE,10835932000108,Neoenergia PE
2602308,Bonito,PE,10835932000108,Neoenergia PE
2602506,Brejinho,PE,10835932000108,Neoenergia PE
2602605,Brejo da Madre de Deus,PE,10835932000108,Neoenergia PE
2602407,Brejão,PE,10835932000108,Neoenergia PE
2602704,Buenos Aires,PE,10835932000108,Neoenergia PE
2602803,Buíque,PE,10835932000108,Neoenergia PE
2602902,Cabo de Santo Agostinho,PE,10835932000108,Neoenergia PE
2603009,Cabrobó,PE,10835932000108,Neoenergia PE
2603108,Cachoeirinha,PE,10835932000108,Neoenergia PE
2603207,Caetés,PE,10835932000108,Neoenergia PE
2603405,Calumbi,PE,10835932000108,Neoenergia PE
2603306,Calçado,PE,10835932000108,Neoenergia PE
2603454,Camaragibe,PE,10835932000108,Neoenergia PE
2603504,Camocim de São Félix,PE,10835932000108,Neoenergia PE
2603603,Camutanga,PE,10835932000108,Neoenergia PE
2603702,Canhotinho,PE,10835932000108,Neoenergia PE
2603801,Capoeiras,PE,10835932000108,Neoenergia PE
2603926,Carnaubeira da Penha,PE,10835932000108,Neoenergia PE
2603900,Carnaíba,PE,10835932000108,Neoenergia PE
2604007,Carpina,PE,10835932000108,Neoenergia PE
2604106,Caruaru,PE,10835932000108,Neoenergia PE
2604155,Casinhas,PE,10835932000108,Neoenergia PE
2604205,Catende,PE,10835932000108,Neoenergia PE
2604304,Cedro,PE,10835932000108,Neoenergia PE
2604502,Chã Grande,PE,10835932000108,Neoenergia PE
2604403,Chã de Alegria,PE,10835932000108,Neoenergia PE
2604601,Condado,PE,10835932000108,Neoenergia PE
2604700,Correntes,PE,10835932000108,Neoenergia PE
2604809,Cortês,PE,10835932000108,Neoenergia PE
2604908,Cumaru,PE,10835932000108,Neoenergia PE
2605004,Cupira,PE,10835932000108,Neoenergia PE
2605103,Custódia,PE,10835932000108,Neoenergia PE
2605152,Dormentes,PE,10835932000108,Neoenergia PE
2605202,Escada,PE,10835932000108,Neoenergia PE
2605301,Exu,PE,10835932000108,Neoenergia PE
2605400,Feira Nova,PE,10835932000108,Neoenergia PE
2605459,Fernando de Noronha,PE,10835932000108,Neoenergia PE
2605509,Ferreiros,PE,10835932000108,Neoenergia PE
2605608,Flores,PE,10835932000108,Neoenergia PE
2605707,Floresta,PE,10835932000108,Neoenergia PE
2605806,Frei Miguelinho,PE,10835932000108,Neoenergia PE
2605905,Gameleira,PE,10835932000108,Neoenergia PE
2606002,Garanhuns,PE,10835932000108,Neoenergia PE
2606101,Glória do Goitá,PE,10835932000108,Neoenergia PE
2606200,Goiana,PE,10835932000108,Neoenergia PE
2606309,Granito,PE,10835932000108,Neoenergia PE
2606408,Gravatá,PE,10835932000108,Neoenergia PE
2606507,Iati,PE,10835932000108,Neoenergia PE
2606606,Ibimirim,PE,10835932000108,Neoenergia PE
2606705,Ibirajuba,PE,10835932000108,Neoenergia PE
2606804,Igarassu,PE,10835932000108,Neoenergia PE
2606903,Iguaraci,PE,10835932000108,Neoenergia PE
2607604,Ilha de Itamaracá,PE,10835932000108,Neoenergia PE
2607000,Inajá,PE,10835932000108,Neoenergia PE
2607109,Ingazeira,PE,10835932000108,Neoenergia PE
2607208,Ipojuca,PE,10835932000108,Neoenergia PE
2607307,Ipubi,PE,10835932000108,Neoenergia PE
2607406,Itacuruba,PE,10835932000108,Neoenergia PE
2607653,Itambé,PE,10835932000108,Neoenergia PE
2607703,Itapetim,PE,10835932000108,Neoenergia PE
2607752,Itapissuma,PE,10835932000108,Neoenergia PE
2607802,Itaquitinga,PE,10835932000108,Neoenergia PE
2607505,Itaíba,PE,10835932000108,Neoenergia PE
2607901,Jaboatão dos Guararapes,PE,10835932000108,Neoenergia PE
2607950,Jaqueira,PE,10835932000108,Neoenergia PE
2608008,Jataúba,PE,10835932000108,Neoenergia PE
2608057,Jatobá,PE,10835932000108,Neoenergia PE
2608206,Joaquim Nabuco,PE,10835932000108,Neoenergia PE
2608107,João Alfredo,PE,10835932000108,Neoenergia PE
2608255,Jucati,PE,10835932000108,Neoenergia PE
2608305,Jupi,PE,10835932000108,Neoenergia PE
2608404,Jurema,PE,10835932000108,Neoenergia PE
2608750,Lagoa Grande,PE,10835932000108,Neoenergia PE
2608453,Lagoa do Carro,PE,10835932000108,Neoenergia PE
2608503,Lagoa do Itaenga,PE,10835932000108,Neoenergia PE
2608602,Lagoa do Ouro,PE,10835932000108,Neoenergia PE
2608701,Lagoa dos Gatos,PE,10835932000108,Neoenergia PE
2608800,Lajedo,PE,10835932000108,Neoenergia PE
2608909,Limoeiro,PE,10835932000108,Neoenergia PE
2609006,Macaparana,PE,10835932000108,Neoenergia PE
2609105,Machados,PE,10835932000108,Neoenergia PE
2609154,Manari,PE,10835932000108,Neoenergia PE
2609204,Maraial,PE,10835932000108,Neoenergia PE
2609303,Mirandiba,PE,10835932000108,Neoenergia PE
2614303,Moreilândia,PE,10835932000108,Neoenergia PE
2609402,Moreno,PE,10835932000108,Neoenergia PE
2609501,Nazaré da Mata,PE,10835932000108,Neoenergia PE
2609600,Olinda,PE,10835932000108,Neoenergia PE
2609709,Orobó,PE,10835932000108,Neoenergia PE
2609808,Orocó,PE,10835932000108,Neoenergia PE
2609907,Ouricuri,PE,10835932000108,Neoenergia PE
2610004,Palmares,PE,10835932000108,Neoenergia PE
2610103,Palmeirina,PE,10835932000108,Neoenergia PE
2610202,Panelas,PE,10835932000108,Neoenergia PE
2610301,Paranatama,PE,10835932000108,Neoenergia PE
2610400,Parnamirim,PE,10835932000108,Neoenergia PE
2610509,Passira,PE,10835932000108,Neoenergia PE
2610608,Paudalho,PE,10835932000108,Neoenergia PE
2610707,Paulista,PE,10835932000108,Neoenergia PE
2610806,Pedra,PE,10835932000108,Neoenergia PE
2610905,Pesqueira,PE,10835932000108,Neoenergia PE
2611101,Petrolina,PE,10835932000108,Neoenergia PE
2611002,Petrolândia,PE,10835932000108,Neoenergia PE
2611309,Pombos,PE,10835932000108,Neoenergia PE
2611200,Poção,PE,10835932000108,Neoenergia PE
2611408,Primavera,PE,10835932000108,Neoenergia PE
2611507,Quipapá,PE,10835932000108,Neoenergia PE
2611533,Quixaba,PE,10835932000108,Neoenergia PE
2611606,Recife,PE,10835932000108,Neoenergia PE
2611705,Riacho das Almas,PE,10835932000108,Neoenergia PE
2611804,Ribeirão,PE,10835932000108,Neoenergia PE
2611903,Rio Formoso,PE,10835932000108,Neoenergia PE
2612000,Sairé,PE,10835932000108,Neoenergia PE
2612109,Salgadinho,PE,10835932000108,Neoenergia PE
2612208,Salgueiro,PE,10835932000108,Neoenergia PE
2612307,Saloá,PE,10835932000108,Neoenergia PE
2612406,Sanharó,PE,10835932000108,Neoenergia PE
2612455,Santa Cruz,PE,10835932000108,Neoenergia PE
2612471,Santa Cruz da Baixa Verde,PE,10835932000108,Neoenergia PE
2612505,Santa Cruz do Capibaribe,PE,10835932000108,Neoenergia PE
2612554,Santa Filomena,PE,10835932000108,Neoenergia PE
2612604,Santa Maria da Boa Vista,PE,10835932000108,Neoenergia PE
2612703,Santa Maria do Cambucá,PE,10835932000108,Neoenergia PE
2612802,Santa Terezinha,PE,10835932000108,Neoenergia PE
2613909,Serra Talhada,PE,10835932000108,Neoenergia PE
2614006,Serrita,PE,10835932000108,Neoenergia PE
2614105,Sertânia,PE,10835932000108,Neoenergia PE
2614204,Sirinhaém,PE,10835932000108,Neoenergia PE
2614402,Solidão,PE,10835932000108,Neoenergia PE
2614501,Surubim,PE,10835932000108,Neoenergia PE
2612901,São Benedito do Sul,PE,10835932000108,Neoenergia PE
2613008,São Bento do Una,PE,10835932000108,Neoenergia PE
2613107,São Caitano,PE,10835932000108,Neoenergia PE
2613305,São Joaquim do Monte,PE,10835932000108,Neoenergia PE
2613404,São José da Coroa Grande,PE,10835932000108,Neoenergia PE
2613503,São José do Belmonte,PE,10835932000108,Neoenergia PE
2613602,São José do Egito,PE,10835932000108,Neoenergia PE
2613206,São João,PE,10835932000108,Neoenergia PE
2613701,São Lourenço da Mata,PE,10835932000108,Neoenergia PE
2613800,São Vicente Ferrer,PE,10835932000108,Neoenergia PE
2614600,Tabira,PE,10835932000108,Neoenergia PE
2614709,Tacaimbó,PE,10835932000108,Neoenergia PE
2614808,Tacaratu,PE,10835932000108,Neoenergia PE
2614857,Tamandaré,PE,10835932000108,Neoenergia PE
2615003,Taquaritinga do Norte,PE,10835932000108,Neoenergia PE
2615102,Terezinha,PE,10835932000108,Neoenergia PE
2615201,Terra Nova,PE,10835932000108,Neoenergia PE
2615300,Timbaúba,PE,10835932000108,Neoenergia PE
2615409,Toritama,PE,10835932000108,Neoenergia PE
2615508,Tracunhaém,PE,10835932000108,Neoenergia PE
2615607,Trindade,PE,10835932000108,Neoenergia PE
2615706,Triunfo,PE,10835932000108,Neoenergia PE
2615805,Tupanatinga,PE,10835932000108,Neoenergia PE
2615904,Tuparetama,PE,10835932000108,Neoenergia PE
2616001,Venturosa,PE,10835932000108,Neoenergia PE
2616100,Verdejante,PE,10835932000108,Neoenergia PE
2616183,Vertente do Lério,PE,10835932000108,Neoenergia PE
2616209,Vertentes,PE,10835932000108,Neoenergia PE
2616308,Vicência,PE,10835932000108,Neoenergia PE
2616407,Vitória de Santo Antão,PE,10835932000108,Neoenergia PE
2616506,Xexéu,PE,10835932000108,Neoenergia PE
2600401,Água Preta,PE,10835932000108,Neoenergia PE
2600500,Águas Belas,PE,10835932000108,Neoenergia PE
2200053,Acauã,PI,6840748000189,EQUATORIAL PI
2200103,Agricolândia,PI,6840748000189,EQUATORIAL PI
2200251,Alagoinha do Piauí,PI,6840748000189,EQUATORIAL PI
2200277,Alegrete do Piauí,PI,6840748000189,EQUATORIAL PI
2200301,Alto Longá,PI,6840748000189,EQUATORIAL PI
2200400,Altos,PI,6840748000189,EQUATORIAL PI
2200459,Alvorada do Gurguéia,PI,6840748000189,EQUATORIAL PI
2200509,Amarante,PI,6840748000189,EQUATORIAL PI
2200608,Angical do Piauí,PI,6840748000189,EQUATORIAL PI
2200806,Antônio Almeida,PI,6840748000189,EQUATORIAL PI
2200707,Anísio de Abreu,PI,6840748000189,EQUATORIAL PI
2200905,Aroazes,PI,6840748000189,EQUATORIAL PI
2200954,Aroeiras do Itaim,PI,6840748000189,EQUATORIAL PI
2201002,Arraial,PI,6840748000189,EQUATORIAL PI
2201051,Assunção do Piauí,PI,6840748000189,EQUATORIAL PI
2201101,Avelino Lopes,PI,6840748000189,EQUATORIAL PI
2201150,Baixa Grande do Ribeiro,PI,6840748000189,EQUATORIAL PI
2201176,Barra D'Alcântara,PI,6840748000189,EQUATORIAL PI
2201200,Barras,PI,6840748000189,EQUATORIAL PI
2201309,Barreiras do Piauí,PI,6840748000189,EQUATORIAL PI
2201408,Barro Duro,PI,6840748000189,EQUATORIAL PI
2201507,Batalha,PI,6840748000189,EQUATORIAL PI
2201556,Bela Vista do Piauí,PI,6840748000189,EQUATORIAL PI
2201572,Belém do Piauí,PI,6840748000189,EQUATORIAL PI
2201606,Beneditinos,PI,6840748000189,EQUATORIAL PI
2201705,Bertolínia,PI,6840748000189,EQUATORIAL PI
2201739,Betânia do Piauí,PI,6840748000189,EQUATORIAL PI
2201770,Boa Hora,PI,6840748000189,EQUATORIAL PI
2201804,Bocaina,PI,6840748000189,EQUATORIAL PI
2201903,Bom Jesus,PI,6840748000189,EQUATORIAL PI
2201919,Bom Princípio do Piauí,PI,6840748000189,EQUATORIAL PI
2201929,Bonfim do Piauí,PI,6840748000189,EQUATORIAL PI
2201945,Boqueirão do Piauí,PI,6840748000189,EQUATORIAL PI
2201960,Brasileira,PI,6840748000189,EQUATORIAL PI
2201988,Brejo do Piauí,PI,6840748000189,EQUATORIAL PI
2202000,Buriti dos Lopes,PI,6840748000189,EQUATORIAL PI
2202026,Buriti dos Montes,PI,6840748000189,EQUATORIAL PI
2202059,Cabeceiras do Piauí,PI,6840748000189,EQUATORIAL PI
2202075,Cajazeiras do Piauí,PI,6840748000189,EQUATORIAL PI
2202083,Cajueiro da Praia,PI,6840748000189,EQUATORIAL PI
2202091,Caldeirão Grande do Piauí,PI,6840748000189,EQUATORIAL PI
2202109,Campinas do Piauí,PI,6840748000189,EQUATORIAL PI
2202117,Campo Alegre do Fidalgo,PI,6840748000189,EQUATORIAL PI
2202133,Campo Grande do Piauí,PI,6840748000189,EQUATORIAL PI
2202174,Campo Largo do Piauí,PI,6840748000189,EQUATORIAL PI
2202208,Campo Maior,PI,6840748000189,EQUATORIAL PI
2202251,Canavieira,PI,6840748000189,EQUATORIAL PI
2202307,Canto do Buriti,PI,6840748000189,EQUATORIAL PI
2202455,Capitão Gervásio Oliveira,PI,6840748000189,EQUATORIAL PI
2202406,Capitão de Campos,PI,6840748000189,EQUATORIAL PI
2202505,Caracol,PI,6840748000189,EQUATORIAL PI
2202539,Caraúbas do Piauí,PI,6840748000189,EQUATORIAL PI
2202554,Caridade do Piauí,PI,6840748000189,EQUATORIAL PI
2202604,Castelo do Piauí,PI,6840748000189,EQUATORIAL PI
2202653,Caxingó,PI,6840748000189,EQUATORIAL PI
2202703,Cocal,PI,6840748000189,EQUATORIAL PI
2202711,Cocal de Telha,PI,6840748000189,EQUATORIAL PI
2202729,Cocal dos Alves,PI,6840748000189,EQUATORIAL PI
2202737,Coivaras,PI,6840748000189,EQUATORIAL PI
2202752,Colônia do Gurguéia,PI,6840748000189,EQUATORIAL PI
2202778,Colônia do Piauí,PI,6840748000189,EQUATORIAL PI
2202802,Conceição do Canindé,PI,6840748000189,EQUATORIAL PI
2202851,Coronel José Dias,PI,6840748000189,EQUATORIAL PI
2202901,Corrente,PI,6840748000189,EQUATORIAL PI
2203008,Cristalândia do Piauí,PI,6840748000189,EQUATORIAL PI
2203107,Cristino Castro,PI,6840748000189,EQUATORIAL PI
2203206,Curimatá,PI,6840748000189,EQUATORIAL PI
2203230,Currais,PI,6840748000189,EQUATORIAL PI
2203271,Curral Novo do Piauí,PI,6840748000189,EQUATORIAL PI
2203255,Curralinhos,PI,6840748000189,EQUATORIAL PI
2203305,Demerval Lobão,PI,6840748000189,EQUATORIAL PI
2203354,Dirceu Arcoverde,PI,6840748000189,EQUATORIAL PI
2203404,Dom Expedito Lopes,PI,6840748000189,EQUATORIAL PI
2203453,Dom Inocêncio,PI,6840748000189,EQUATORIAL PI
2203420,Domingos Mourão,PI,6840748000189,EQUATORIAL PI
2203503,Elesbão Veloso,PI,6840748000189,EQUATORIAL PI
2203602,Eliseu Martins,PI,6840748000189,EQUATORIAL PI
2203701,Esperantina,PI,6840748000189,EQUATORIAL PI
2203750,Fartura do Piauí,PI,6840748000189,EQUATORIAL PI
2203800,Flores do Piauí,PI,6840748000189,EQUATORIAL PI
2203859,Floresta do Piauí,PI,6840748000189,EQUATORIAL PI
2203909,Floriano,PI,6840748000189,EQUATORIAL PI
2204006,Francinópolis,PI,6840748000189,EQUATORIAL PI
2204105,Francisco Ayres,PI,6840748000189,EQUATORIAL PI
2204154,Francisco Macedo,PI,6840748000189,EQUATORIAL PI
2204204,Francisco Santos,PI,6840748000189,EQUATORIAL PI
2204303,Fronteiras,PI,6840748000189,EQUATORIAL PI
2204352,Geminiano,PI,6840748000189,EQUATORIAL PI
2204402,Gilbués,PI,6840748000189,EQUATORIAL PI
2204501,Guadalupe,PI,6840748000189,EQUATORIAL PI
2204550,Guaribas,PI,6840748000189,EQUATORIAL PI
2204600,Hugo Napoleão,PI,6840748000189,EQUATORIAL PI
2204659,Ilha Grande,PI,6840748000189,EQUATORIAL PI
2204709,Inhuma,PI,6840748000189,EQUATORIAL PI
2204808,Ipiranga do Piauí,PI,6840748000189,EQUATORIAL PI
2204907,Isaías Coelho,PI,6840748000189,EQUATORIAL PI
2205003,Itainópolis,PI,6840748000189,EQUATORIAL PI
2205102,Itaueira,PI,6840748000189,EQUATORIAL PI
2205151,Jacobina do Piauí,PI,6840748000189,EQUATORIAL PI
2205201,Jaicós,PI,6840748000189,EQUATORIAL PI
2205250,Jardim do Mulato,PI,6840748000189,EQUATORIAL PI
2205276,Jatobá do Piauí,PI,6840748000189,EQUATORIAL PI
2205300,Jerumenha,PI,6840748000189,EQUATORIAL PI
2205409,Joaquim Pires,PI,6840748000189,EQUATORIAL PI
2205458,Joca Marques,PI,6840748000189,EQUATORIAL PI
2205508,José de Freitas,PI,6840748000189,EQUATORIAL PI
2205359,João Costa,PI,6840748000189,EQUATORIAL PI
2205516,Juazeiro do Piauí,PI,6840748000189,EQUATORIAL PI
2205532,Jurema,PI,6840748000189,EQUATORIAL PI
2205524,Júlio Borges,PI,6840748000189,EQUATORIAL PI
2205557,Lagoa Alegre,PI,6840748000189,EQUATORIAL PI
2205573,Lagoa de São Francisco,PI,6840748000189,EQUATORIAL PI
2205565,Lagoa do Barro do Piauí,PI,6840748000189,EQUATORIAL PI
2205581,Lagoa do Piauí,PI,6840748000189,EQUATORIAL PI
2205599,Lagoa do Sítio,PI,6840748000189,EQUATORIAL PI
2205540,Lagoinha do Piauí,PI,6840748000189,EQUATORIAL PI
2205607,Landri Sales,PI,6840748000189,EQUATORIAL PI
2205805,Luzilândia,PI,6840748000189,EQUATORIAL PI
2205706,Luís Correia,PI,6840748000189,EQUATORIAL PI
2205854,Madeiro,PI,6840748000189,EQUATORIAL PI
2205904,Manoel Emídio,PI,6840748000189,EQUATORIAL PI
2205953,Marcolândia,PI,6840748000189,EQUATORIAL PI
2206001,Marcos Parente,PI,6840748000189,EQUATORIAL PI
2206050,Massapê do Piauí,PI,6840748000189,EQUATORIAL PI
2206100,Matias Olímpio,PI,6840748000189,EQUATORIAL PI
2206209,Miguel Alves,PI,6840748000189,EQUATORIAL PI
2206308,Miguel Leão,PI,6840748000189,EQUATORIAL PI
2206357,Milton Brandão,PI,6840748000189,EQUATORIAL PI
2206407,Monsenhor Gil,PI,6840748000189,EQUATORIAL PI
2206506,Monsenhor Hipólito,PI,6840748000189,EQUATORIAL PI
2206605,Monte Alegre do Piauí,PI,6840748000189,EQUATORIAL PI
2206654,Morro Cabeça no Tempo,PI,6840748000189,EQUATORIAL PI
2206670,Morro do Chapéu do Piauí,PI,6840748000189,EQUATORIAL PI
2206696,Murici dos Portelas,PI,6840748000189,EQUATORIAL PI
2206704,Nazaré do Piauí,PI,6840748000189,EQUATORIAL PI
2206720,Nazária,PI,6840748000189,EQUATORIAL PI
2206753,Nossa Senhora de Nazaré,PI,6840748000189,EQUATORIAL PI
2206803,Nossa Senhora dos Remédios,PI,6840748000189,EQUATORIAL PI
2207959,Nova Santa Rita,PI,6840748000189,EQUATORIAL PI
2206902,Novo Oriente do Piauí,PI,6840748000189,EQUATORIAL PI
2206951,Novo Santo Antônio,PI,6840748000189,EQUATORIAL PI
2207009,Oeiras,PI,6840748000189,EQUATORIAL PI
2207108,Olho D'Água do Piauí,PI,6840748000189,EQUATORIAL PI
2207207,Padre Marcos,PI,6840748000189,EQUATORIAL PI
2207306,Paes Landim,PI,6840748000189,EQUATORIAL PI
2207355,Pajeú do Piauí,PI,6840748000189,EQUATORIAL PI
2207405,Palmeira do Piauí,PI,6840748000189,EQUATORIAL PI
2207504,Palmeirais,PI,6840748000189,EQUATORIAL PI
2207553,Paquetá,PI,6840748000189,EQUATORIAL PI
2207603,Parnaguá,PI,6840748000189,EQUATORIAL PI
2207702,Parnaíba,PI,6840748000189,EQUATORIAL PI
2207751,Passagem Franca do Piauí,PI,6840748000189,EQUATORIAL PI
2207777,Patos do Piauí,PI,6840748000189,EQUATORIAL PI
2207793,Pau D'Arco do Piauí,PI,6840748000189,EQUATORIAL PI
2207801,Paulistana,PI,6840748000189,EQUATORIAL PI
2207850,Pavussu,PI,6840748000189,EQUATORIAL PI
2207900,Pedro II,PI,6840748000189,EQUATORIAL PI
2207934,Pedro Laurentino,PI,6840748000189,EQUATORIAL PI
2208007,Picos,PI,6840748000189,EQUATORIAL PI
2208106,Pimenteiras,PI,6840748000189,EQUATORIAL PI
2208205,Pio IX,PI,6840748000189,EQUATORIAL PI
2208304,Piracuruca,PI,6840748000189,EQUATORIAL PI
2208403,Piripiri,PI,6840748000189,EQUATORIAL PI
2208502,Porto,PI,6840748000189,EQUATORIAL PI
2208551,Porto Alegre do Piauí,PI,6840748000189,EQUATORIAL PI
2208601,Prata do Piauí,PI,6840748000189,EQUATORIAL PI
2208650,Queimada Nova,PI,6840748000189,EQUATORIAL PI
2208700,Redenção do Gurguéia,PI,6840748000189,EQUATORIAL PI
2208809,Regeneração,PI,6840748000189,EQUATORIAL PI
2208858,Riacho Frio,PI,6840748000189,EQUATORIAL PI
2208874,Ribeira do Piauí,PI,6840748000189,EQUATORIAL PI
2208908,Ribeiro Gonçalves,PI,6840748000189,EQUATORIAL PI
2209005,Rio Grande do Piauí,PI,6840748000189,EQUATORIAL PI
2209104,Santa Cruz do Piauí,PI,6840748000189,EQUATORIAL PI
2209153,Santa Cruz dos Milagres,PI,6840748000189,EQUATORIAL PI
2209203,Santa Filomena,PI,6840748000189,EQUATORIAL PI
2209302,Santa Luz,PI,6840748000189,EQUATORIAL PI
2209377,Santa Rosa do Piauí,PI,6840748000189,EQUATORIAL PI
2209351,Santana do Piauí,PI,6840748000189,EQUATORIAL PI
2209401,Santo Antônio de Lisboa,PI,6840748000189,EQUATORIAL PI
2209450,Santo Antônio dos Milagres,PI,6840748000189,EQUATORIAL PI
2209500,Santo Inácio do Piauí,PI,6840748000189,EQUATORIAL PI
2210623,Sebastião Barros,PI,6840748000189,EQUATORIAL PI
2210631,Sebastião Leal,PI,6840748000189,EQUATORIAL PI
2210656,Sigefredo Pacheco,PI,6840748000189,EQUATORIAL PI
2210805,Simplício Mendes,PI,6840748000189,EQUATORIAL PI
2210706,Simões,PI,6840748000189,EQUATORIAL PI
2210904,Socorro do Piauí,PI,6840748000189,EQUATORIAL PI
2210938,Sussuapara,PI,6840748000189,EQUATORIAL PI
2209559,São Braz do Piauí,PI,6840748000189,EQUATORIAL PI
2209658,São Francisco de Assis do Piauí,PI,6840748000189,EQUATORIAL PI
2209708,São Francisco do Piauí,PI,6840748000189,EQUATORIAL PI
2209609,São Félix do Piauí,PI,6840748000189,EQUATORIAL PI
2209757,São Gonçalo do Gurguéia,PI,6840748000189,EQUATORIAL PI
2209807,São Gonçalo do Piauí,PI,6840748000189,EQUATORIAL PI
2210052,São José do Divino,PI,6840748000189,EQUATORIAL PI
2210102,São José do Peixe,PI,6840748000189,EQUATORIAL PI
2210201,São José do Piauí,PI,6840748000189,EQUATORIAL PI
2209856,São João da Canabrava,PI,6840748000189,EQUATORIAL PI
2209872,São João da Fronteira,PI,6840748000189,EQUATORIAL PI
2209906,São João da Serra,PI,6840748000189,EQUATORIAL PI
2209955,São João da Varjota,PI,6840748000189,EQUATORIAL PI
2209971,São João do Arraial,PI,6840748000189,EQUATORIAL PI
2210003,São João do Piauí,PI,6840748000189,EQUATORIAL PI
2210300,São Julião,PI,6840748000189,EQUATORIAL PI
2210359,São Lourenço do Piauí,PI,6840748000189,EQUATORIAL PI
2210375,São Luis do Piauí,PI,6840748000189,EQUATORIAL PI
2210383,São Miguel da Baixa Grande,PI,6840748000189,EQUATORIAL PI
2210391,São Miguel do Fidalgo,PI,6840748000189,EQUATORIAL PI
2210409,São Miguel do Tapuio,PI,6840748000189,EQUATORIAL PI
2210508,São Pedro do Piauí,PI,6840748000189,EQUATORIAL PI
2210607,São Raimundo Nonato,PI,6840748000189,EQUATORIAL PI
2210953,Tamboril do Piauí,PI,6840748000189,EQUATORIAL PI
2210979,Tanque do Piauí,PI,6840748000189,EQUATORIAL PI
2211001,Teresina,PI,6840748000189,EQUATORIAL PI
2211100,União,PI,6840748000189,EQUATORIAL PI
2211209,Uruçuí,PI,6840748000189,EQUATORIAL PI
2211308,Valença do Piauí,PI,6840748000189,EQUATORIAL PI
2211506,Vera Mendes,PI,6840748000189,EQUATORIAL PI
2211605,Vila Nova do Piauí,PI,6840748000189,EQUATORIAL PI
2211357,Várzea Branca,PI,6840748000189,EQUATORIAL PI
2211407,Várzea Grande,PI,6840748000189,EQUATORIAL PI
2211704,Wall Ferraz,PI,6840748000189,EQUATORIAL PI
2200202,Água Branca,PI,6840748000189,EQUATORIAL PI
4100103,Abatiá,PR,4368898000106,COPEL-DIS
4100202,Adrianópolis,PR,4368898000106,COPEL-DIS
4100301,Agudos do Sul,PR,4368898000106,COPEL-DIS
4100400,Almirante Tamandaré,PR,4368898000106,COPEL-DIS
4100459,Altamira do Paraná,PR,4368898000106,COPEL-DIS
4100608,Alto Paraná,PR,4368898000106,COPEL-DIS
4128625,Alto Paraíso,PR,4368898000106,COPEL-DIS
4100707,Alto Piquiri,PR,4368898000106,COPEL-DIS
4100509,Altônia,PR,4368898000106,COPEL-DIS
4100806,Alvorada do Sul,PR,4368898000106,COPEL-DIS
4100905,Amaporã,PR,4368898000106,COPEL-DIS
4101002,Ampére,PR,4368898000106,COPEL-DIS
4101051,Anahy,PR,4368898000106,COPEL-DIS
4101101,Andirá,PR,4368898000106,COPEL-DIS
4101200,Antonina,PR,4368898000106,COPEL-DIS
4101309,Antônio Olinto,PR,4368898000106,COPEL-DIS
4101408,Apucarana,PR,4368898000106,COPEL-DIS
4101507,Arapongas,PR,4368898000106,COPEL-DIS
4101606,Arapoti,PR,4368898000106,COPEL-DIS
4101655,Arapuã,PR,4368898000106,COPEL-DIS
4101705,Araruna,PR,4368898000106,COPEL-DIS
4101804,Araucária,PR,4368898000106,COPEL-DIS
4101853,Ariranha do Ivaí,PR,4368898000106,COPEL-DIS
4101903,Assaí,PR,4368898000106,COPEL-DIS
4102000,Assis Chateaubriand,PR,4368898000106,COPEL-DIS
4102109,Astorga,PR,4368898000106,COPEL-DIS
4102208,Atalaia,PR,4368898000106,COPEL-DIS
4102307,Balsa Nova,PR,4368898000106,COPEL-DIS
4102406,Bandeirantes,PR,4368898000106,COPEL-DIS
4102505,Barbosa Ferraz,PR,4368898000106,COPEL-DIS
4102703,Barra do Jacaré,PR,53859112000169,CPFL JAGUARI
4102604,Barracão,PR,4368898000106,COPEL-DIS
4102752,Bela Vista da Caroba,PR,4368898000106,COPEL-DIS
4102802,Bela Vista do Paraíso,PR,4368898000106,COPEL-DIS
4102901,Bituruna,PR,4368898000106,COPEL-DIS
4103008,Boa Esperança,PR,4368898000106,COPEL-DIS
4103024,Boa Esperança do Iguaçu,PR,4368898000106,COPEL-DIS
4103040,Boa Ventura de São Roque,PR,4368898000106,COPEL-DIS
4103057,Boa Vista da Aparecida,PR,4368898000106,COPEL-DIS
4103107,Bocaiúva do Sul,PR,4368898000106,COPEL-DIS
4103156,Bom Jesus do Sul,PR,4368898000106,COPEL-DIS
4103206,Bom Sucesso,PR,4368898000106,COPEL-DIS
4103222,Bom Sucesso do Sul,PR,4368898000106,COPEL-DIS
4103305,Borrazópolis,PR,4368898000106,COPEL-DIS
4103354,Braganey,PR,4368898000106,COPEL-DIS
4103370,Brasilândia do Sul,PR,4368898000106,COPEL-DIS
4103404,Cafeara,PR,4368898000106,COPEL-DIS
4103453,Cafelândia,PR,4368898000106,COPEL-DIS
4103479,Cafezal do Sul,PR,4368898000106,COPEL-DIS
4103503,Califórnia,PR,4368898000106,COPEL-DIS
4103602,Cambará,PR,4368898000106,COPEL-DIS
4103800,Cambira,PR,4368898000106,COPEL-DIS
4103701,Cambé,PR,4368898000106,COPEL-DIS
4104006,Campina Grande do Sul,PR,4368898000106,COPEL-DIS
4103909,Campina da Lagoa,PR,4368898000106,COPEL-DIS
4103958,Campina do Simão,PR,4368898000106,COPEL-DIS
4104055,Campo Bonito,PR,4368898000106,COPEL-DIS
4104204,Campo Largo,PR,4368898000106,COPEL-DIS
4104253,Campo Magro,PR,4368898000106,COPEL-DIS
4104303,Campo Mourão,PR,4368898000106,COPEL-DIS
4104105,Campo do Tenente,PR,4368898000106,COPEL-DIS
4104428,Candói,PR,4368898000106,COPEL-DIS
4104451,Cantagalo,PR,4368898000106,COPEL-DIS
4104501,Capanema,PR,4368898000106,COPEL-DIS
4104600,Capitão Leônidas Marques,PR,4368898000106,COPEL-DIS
4104659,Carambeí,PR,4368898000106,COPEL-DIS
4104709,Carlópolis,PR,4368898000106,COPEL-DIS
4104808,Cascavel,PR,4368898000106,COPEL-DIS
4104907,Castro,PR,4368898000106,COPEL-DIS
4105003,Catanduvas,PR,4368898000106,COPEL-DIS
4105102,Centenário do Sul,PR,4368898000106,COPEL-DIS
4105201,Cerro Azul,PR,4368898000106,COPEL-DIS
4105409,Chopinzinho,PR,4368898000106,COPEL-DIS
4105508,Cianorte,PR,4368898000106,COPEL-DIS
4105607,Cidade Gaúcha,PR,4368898000106,COPEL-DIS
4105706,Clevelândia,PR,4368898000106,COPEL-DIS
4105805,Colombo,PR,4368898000106,COPEL-DIS
4105904,Colorado,PR,4368898000106,COPEL-DIS
4106001,Congonhinhas,PR,4368898000106,COPEL-DIS
4106100,Conselheiro Mairinck,PR,4368898000106,COPEL-DIS
4106209,Contenda,PR,4368898000106,COPEL-DIS
4106308,Corbélia,PR,4368898000106,COPEL-DIS
4106407,Cornélio Procópio,PR,4368898000106,COPEL-DIS
4106456,Coronel Domingos Soares,PR,4368898000106,COPEL-DIS
4106506,Coronel Vivida,PR,4368898000106,COPEL-DIS
4106555,Corumbataí do Sul,PR,4368898000106,COPEL-DIS
4106803,Cruz Machado,PR,4368898000106,COPEL-DIS
4106571,Cruzeiro do Iguaçu,PR,4368898000106,COPEL-DIS
4106605,Cruzeiro do Oeste,PR,4368898000106,COPEL-DIS
4106704,Cruzeiro do Sul,PR,4368898000106,COPEL-DIS
4106852,Cruzmaltina,PR,4368898000106,COPEL-DIS
4106902,Curitiba,PR,4368898000106,COPEL-DIS
4107009,Curiúva,PR,4368898000106,COPEL-DIS
4104402,Cândido de Abreu,PR,4368898000106,COPEL-DIS
4105300,Céu Azul,PR,4368898000106,COPEL-DIS
4107157,Diamante D'Oeste,PR,4368898000106,COPEL-DIS
4107108,Diamante do Norte,PR,4368898000106,COPEL-DIS
4107124,Diamante do Sul,PR,4368898000106,COPEL-DIS
4107207,Dois Vizinhos,PR,4368898000106,COPEL-DIS
4107256,Douradina,PR,4368898000106,COPEL-DIS
4107306,Doutor Camargo,PR,4368898000106,COPEL-DIS
4128633,Doutor Ulysses,PR,4368898000106,COPEL-DIS
4107504,Engenheiro Beltrão,PR,4368898000106,COPEL-DIS
4107538,Entre Rios do Oeste,PR,4368898000106,COPEL-DIS
4107405,Enéas Marques,PR,4368898000106,COPEL-DIS
4107520,Esperança Nova,PR,4368898000106,COPEL-DIS
4107546,Espigão Alto do Iguaçu,PR,4368898000106,COPEL-DIS
4107553,Farol,PR,4368898000106,COPEL-DIS
4107603,Faxinal,PR,4368898000106,COPEL-DIS
4107652,Fazenda Rio Grande,PR,4368898000106,COPEL-DIS
4107736,Fernandes Pinheiro,PR,4368898000106,COPEL-DIS
4107751,Figueira,PR,4368898000106,COPEL-DIS
4107850,Flor da Serra do Sul,PR,4368898000106,COPEL-DIS
4107801,Floraí,PR,4368898000106,COPEL-DIS
4107900,Floresta,PR,4368898000106,COPEL-DIS
4108007,Florestópolis,PR,4368898000106,COPEL-DIS
4108106,Flórida,PR,4368898000106,COPEL-DIS
4108205,Formosa do Oeste,PR,4368898000106,COPEL-DIS
4108304,Foz do Iguaçu,PR,4368898000106,COPEL-DIS
4108452,Foz do Jordão,PR,4368898000106,COPEL-DIS
4108320,Francisco Alves,PR,4368898000106,COPEL-DIS
4108403,Francisco Beltrão,PR,4368898000106,COPEL-DIS
4107702,Fênix,PR,4368898000106,COPEL-DIS
4108502,General Carneiro,PR,4368898000106,COPEL-DIS
4108551,Godoy Moreira,PR,4368898000106,COPEL-DIS
4108601,Goioerê,PR,4368898000106,COPEL-DIS
4108650,Goioxim,PR,4368898000106,COPEL-DIS
4108700,Grandes Rios,PR,4368898000106,COPEL-DIS
4108908,Guairaçá,PR,4368898000106,COPEL-DIS
4108957,Guamiranga,PR,4368898000106,COPEL-DIS
4109005,Guapirama,PR,4368898000106,COPEL-DIS
4109104,Guaporema,PR,4368898000106,COPEL-DIS
4109203,Guaraci,PR,4368898000106,COPEL-DIS
4109302,Guaraniaçu,PR,4368898000106,COPEL-DIS
4109401,Guarapuava,PR,77882504000107,CFLO
4109500,Guaraqueçaba,PR,4368898000106,COPEL-DIS
4109609,Guaratuba,PR,4368898000106,COPEL-DIS
4108809,Guaíra,PR,4368898000106,COPEL-DIS
4109658,Honório Serpa,PR,4368898000106,COPEL-DIS
4109708,Ibaiti,PR,4368898000106,COPEL-DIS
4109757,Ibema,PR,4368898000106,COPEL-DIS
4109807,Ibiporã,PR,4368898000106,COPEL-DIS
4109906,Icaraíma,PR,4368898000106,COPEL-DIS
4110003,Iguaraçu,PR,4368898000106,COPEL-DIS
4110052,Iguatu,PR,4368898000106,COPEL-DIS
4110078,Imbaú,PR,4368898000106,COPEL-DIS
4110102,Imbituva,PR,4368898000106,COPEL-DIS
4110300,Inajá,PR,4368898000106,COPEL-DIS
4110409,Indianópolis,PR,4368898000106,COPEL-DIS
4110201,Inácio Martins,PR,4368898000106,COPEL-DIS
4110508,Ipiranga,PR,4368898000106,COPEL-DIS
4110607,Iporã,PR,4368898000106,COPEL-DIS
4110656,Iracema do Oeste,PR,4368898000106,COPEL-DIS
4110706,Irati,PR,4368898000106,COPEL-DIS
4110805,Iretama,PR,4368898000106,COPEL-DIS
4110904,Itaguajé,PR,4368898000106,COPEL-DIS
4110953,Itaipulândia,PR,4368898000106,COPEL-DIS
4111001,Itambaracá,PR,4368898000106,COPEL-DIS
4111100,Itambé,PR,4368898000106,COPEL-DIS
4111209,Itapejara D'Oeste,PR,4368898000106,COPEL-DIS
4111258,Itaperuçu,PR,4368898000106,COPEL-DIS
4111308,Itaúna do Sul,PR,4368898000106,COPEL-DIS
4111506,Ivaiporã,PR,4368898000106,COPEL-DIS
4111605,Ivatuba,PR,4368898000106,COPEL-DIS
4111555,Ivaté,PR,4368898000106,COPEL-DIS
4111407,Ivaí,PR,4368898000106,COPEL-DIS
4111704,Jaboti,PR,4368898000106,COPEL-DIS
4111803,Jacarezinho,PR,53859112000169,CPFL JAGUARI
4111902,Jaguapitã,PR,4368898000106,COPEL-DIS
4112009,Jaguariaíva,PR,4368898000106,COPEL-DIS
4112108,Jandaia do Sul,PR,4368898000106,COPEL-DIS
4112207,Janiópolis,PR,4368898000106,COPEL-DIS
4112306,Japira,PR,4368898000106,COPEL-DIS
4112405,Japurá,PR,4368898000106,COPEL-DIS
4112504,Jardim Alegre,PR,4368898000106,COPEL-DIS
4112603,Jardim Olinda,PR,4368898000106,COPEL-DIS
4112702,Jataizinho,PR,4368898000106,COPEL-DIS
4112751,Jesuítas,PR,4368898000106,COPEL-DIS
4112801,Joaquim Távora,PR,4368898000106,COPEL-DIS
4112900,Jundiaí do Sul,PR,4368898000106,COPEL-DIS
4112959,Juranda,PR,4368898000106,COPEL-DIS
4113007,Jussara,PR,4368898000106,COPEL-DIS
4113106,Kaloré,PR,4368898000106,COPEL-DIS
4113205,Lapa,PR,4368898000106,COPEL-DIS
4113254,Laranjal,PR,4368898000106,COPEL-DIS
4113304,Laranjeiras do Sul,PR,4368898000106,COPEL-DIS
4113403,Leópolis,PR,4368898000106,COPEL-DIS
4113429,Lidianópolis,PR,4368898000106,COPEL-DIS
4113452,Lindoeste,PR,4368898000106,COPEL-DIS
4113502,Loanda,PR,4368898000106,COPEL-DIS
4113601,Lobato,PR,4368898000106,COPEL-DIS
4113700,Londrina,PR,4368898000106,COPEL-DIS
4113734,Luiziana,PR,4368898000106,COPEL-DIS
4113759,Lunardelli,PR,4368898000106,COPEL-DIS
4113809,Lupionópolis,PR,4368898000106,COPEL-DIS
4113908,Mallet,PR,4368898000106,COPEL-DIS
4114005,Mamborê,PR,4368898000106,COPEL-DIS
4114203,Mandaguari,PR,4368898000106,COPEL-DIS
4114104,Mandaguaçu,PR,4368898000106,COPEL-DIS
4114302,Mandirituba,PR,4368898000106,COPEL-DIS
4114351,Manfrinópolis,PR,4368898000106,COPEL-DIS
4114401,Mangueirinha,PR,4368898000106,COPEL-DIS
4114500,Manoel Ribas,PR,4368898000106,COPEL-DIS
4114609,Marechal Cândido Rondon,PR,4368898000106,COPEL-DIS
4114708,Maria Helena,PR,4368898000106,COPEL-DIS
4114807,Marialva,PR,4368898000106,COPEL-DIS
4115002,Marilena,PR,4368898000106,COPEL-DIS
4115101,Mariluz,PR,4368898000106,COPEL-DIS
4114906,Marilândia do Sul,PR,4368898000106,COPEL-DIS
4115200,Maringá,PR,4368898000106,COPEL-DIS
4115358,Maripá,PR,4368898000106,COPEL-DIS
4115309,Mariópolis,PR,4368898000106,COPEL-DIS
4115408,Marmeleiro,PR,4368898000106,COPEL-DIS
4115457,Marquinho,PR,4368898000106,COPEL-DIS
4115507,Marumbi,PR,4368898000106,COPEL-DIS
4115606,Matelândia,PR,4368898000106,COPEL-DIS
4115705,Matinhos,PR,4368898000106,COPEL-DIS
4115739,Mato Rico,PR,4368898000106,COPEL-DIS
4115754,Mauá da Serra,PR,4368898000106,COPEL-DIS
4115804,Medianeira,PR,4368898000106,COPEL-DIS
4115853,Mercedes,PR,4368898000106,COPEL-DIS
4115903,Mirador,PR,4368898000106,COPEL-DIS
4116000,Miraselva,PR,4368898000106,COPEL-DIS
4116059,Missal,PR,4368898000106,COPEL-DIS
4116109,Moreira Sales,PR,4368898000106,COPEL-DIS
4116208,Morretes,PR,4368898000106,COPEL-DIS
4116307,Munhoz de Melo,PR,4368898000106,COPEL-DIS
4116406,Nossa Senhora das Graças,PR,4368898000106,COPEL-DIS
4116505,Nova Aliança do Ivaí,PR,4368898000106,COPEL-DIS
4116604,Nova América da Colina,PR,4368898000106,COPEL-DIS
4116703,Nova Aurora,PR,4368898000106,COPEL-DIS
4116802,Nova Cantu,PR,4368898000106,COPEL-DIS
4116901,Nova Esperança,PR,4368898000106,COPEL-DIS
4116950,Nova Esperança do Sudoeste,PR,4368898000106,COPEL-DIS
4117008,Nova Fátima,PR,4368898000106,COPEL-DIS
4117057,Nova Laranjeiras,PR,4368898000106,COPEL-DIS
4117107,Nova Londrina,PR,4368898000106,COPEL-DIS
4117206,Nova Olímpia,PR,4368898000106,COPEL-DIS
4117255,Nova Prata do Iguaçu,PR,4368898000106,COPEL-DIS
4117214,Nova Santa Bárbara,PR,4368898000106,COPEL-DIS
4117222,Nova Santa Rosa,PR,4368898000106,COPEL-DIS
4117271,Nova Tebas,PR,4368898000106,COPEL-DIS
4117297,Novo Itacolomi,PR,4368898000106,COPEL-DIS
4117305,Ortigueira,PR,4368898000106,COPEL-DIS
4117404,Ourizona,PR,4368898000106,COPEL-DIS
4117453,Ouro Verde do Oeste,PR,4368898000106,COPEL-DIS
4117503,Paiçandu,PR,4368898000106,COPEL-DIS
4117602,Palmas,PR,4368898000106,COPEL-DIS
4117701,Palmeira,PR,4368898000106,COPEL-DIS
4117800,Palmital,PR,4368898000106,COPEL-DIS
4117909,Palotina,PR,4368898000106,COPEL-DIS
4118105,Paranacity,PR,4368898000106,COPEL-DIS
4118204,Paranaguá,PR,4368898000106,COPEL-DIS
4118303,Paranapoema,PR,4368898000106,COPEL-DIS
4118402,Paranavaí,PR,4368898000106,COPEL-DIS
4118006,Paraíso do Norte,PR,4368898000106,COPEL-DIS
4118451,Pato Bragado,PR,4368898000106,COPEL-DIS
4118501,Pato Branco,PR,4368898000106,COPEL-DIS
4118600,Paula Freitas,PR,4368898000106,COPEL-DIS
4118709,Paulo Frontin,PR,4368898000106,COPEL-DIS
4118808,Peabiru,PR,4368898000106,COPEL-DIS
4118857,Perobal,PR,4368898000106,COPEL-DIS
4119152,Pinhais,PR,4368898000106,COPEL-DIS
4119251,Pinhal de São Bento,PR,4368898000106,COPEL-DIS
4119202,Pinhalão,PR,4368898000106,COPEL-DIS
4119301,Pinhão,PR,4368898000106,COPEL-DIS
4119509,Piraquara,PR,4368898000106,COPEL-DIS
4119400,Piraí do Sul,PR,4368898000106,COPEL-DIS
4119608,Pitanga,PR,4368898000106,COPEL-DIS
4119657,Pitangueiras,PR,4368898000106,COPEL-DIS
4119103,Piên,PR,4368898000106,COPEL-DIS
4119707,Planaltina do Paraná,PR,4368898000106,COPEL-DIS
4119806,Planalto,PR,4368898000106,COPEL-DIS
4119905,Ponta Grossa,PR,4368898000106,COPEL-DIS
4119954,Pontal do Paraná,PR,4368898000106,COPEL-DIS
4120002,Porecatu,PR,4368898000106,COPEL-DIS
4120101,Porto Amazonas,PR,4368898000106,COPEL-DIS
4120150,Porto Barreiro,PR,4368898000106,COPEL-DIS
4120200,Porto Rico,PR,4368898000106,COPEL-DIS
4120309,Porto Vitória,PR,4368898000106,COPEL-DIS
4120333,Prado Ferreira,PR,4368898000106,COPEL-DIS
4120358,Pranchita,PR,4368898000106,COPEL-DIS
4120408,Presidente Castelo Branco,PR,4368898000106,COPEL-DIS
4120507,Primeiro de Maio,PR,4368898000106,COPEL-DIS
4120606,Prudentópolis,PR,4368898000106,COPEL-DIS
4118907,Pérola,PR,4368898000106,COPEL-DIS
4119004,Pérola D'Oeste,PR,4368898000106,COPEL-DIS
4120655,Quarto Centenário,PR,4368898000106,COPEL-DIS
4120705,Quatiguá,PR,4368898000106,COPEL-DIS
4120804,Quatro Barras,PR,4368898000106,COPEL-DIS
4120853,Quatro Pontes,PR,4368898000106,COPEL-DIS
4120903,Quedas do Iguaçu,PR,4368898000106,COPEL-DIS
4121000,Querência do Norte,PR,4368898000106,COPEL-DIS
4121109,Quinta do Sol,PR,4368898000106,COPEL-DIS
4121208,Quitandinha,PR,4368898000106,COPEL-DIS
4121257,Ramilândia,PR,4368898000106,COPEL-DIS
4121307,Rancho Alegre,PR,4368898000106,COPEL-DIS
4121356,Rancho Alegre D'Oeste,PR,4368898000106,COPEL-DIS
4121406,Realeza,PR,4368898000106,COPEL-DIS
4121505,Rebouças,PR,4368898000106,COPEL-DIS
4121604,Renascença,PR,4368898000106,COPEL-DIS
4121703,Reserva,PR,4368898000106,COPEL-DIS
4121752,Reserva do Iguaçu,PR,4368898000106,COPEL-DIS
4121802,Ribeirão Claro,PR,53859112000169,CPFL JAGUARI
4121901,Ribeirão do Pinhal,PR,4368898000106,COPEL-DIS
4122008,Rio Azul,PR,4368898000106,COPEL-DIS
4122107,Rio Bom,PR,4368898000106,COPEL-DIS
4122156,Rio Bonito do Iguaçu,PR,4368898000106,COPEL-DIS
4122172,Rio Branco do Ivaí,PR,4368898000106,COPEL-DIS
4122206,Rio Branco do Sul,PR,4368898000106,COPEL-DIS
4122305,Rio Negro,PR,4368898000106,COPEL-DIS
4122404,Rolândia,PR,4368898000106,COPEL-DIS
4122503,Roncador,PR,4368898000106,COPEL-DIS
4122602,Rondon,PR,4368898000106,COPEL-DIS
4122651,Rosário do Ivaí,PR,4368898000106,COPEL-DIS
4122701,Sabáudia,PR,4368898000106,COPEL-DIS
4122800,Salgado Filho,PR,4368898000106,COPEL-DIS
4122909,Salto do Itararé,PR,4368898000106,COPEL-DIS
4123006,Salto do Lontra,PR,4368898000106,COPEL-DIS
4123105,Santa Amélia,PR,4368898000106,COPEL-DIS
4123204,Santa Cecília do Pavão,PR,4368898000106,COPEL-DIS
4123303,Santa Cruz de Monte Castelo,PR,4368898000106,COPEL-DIS
4123402,Santa Fé,PR,4368898000106,COPEL-DIS
4123501,Santa Helena,PR,4368898000106,COPEL-DIS
4123600,Santa Inês,PR,4368898000106,COPEL-DIS
4123709,Santa Isabel do Ivaí,PR,4368898000106,COPEL-DIS
4123808,Santa Izabel do Oeste,PR,4368898000106,COPEL-DIS
4123824,Santa Lúcia,PR,4368898000106,COPEL-DIS
4123857,Santa Maria do Oeste,PR,4368898000106,COPEL-DIS
4123907,Santa Mariana,PR,4368898000106,COPEL-DIS
4123956,Santa Mônica,PR,4368898000106,COPEL-DIS
4124020,Santa Tereza do Oeste,PR,4368898000106,COPEL-DIS
4124053,Santa Terezinha de Itaipu,PR,4368898000106,COPEL-DIS
4124004,Santana do Itararé,PR,4368898000106,COPEL-DIS
4124103,Santo Antônio da Platina,PR,4368898000106,COPEL-DIS
4124202,Santo Antônio do Caiuá,PR,4368898000106,COPEL-DIS
4124301,Santo Antônio do Paraíso,PR,4368898000106,COPEL-DIS
4124400,Santo Antônio do Sudoeste,PR,4368898000106,COPEL-DIS
4124509,Santo Inácio,PR,4368898000106,COPEL-DIS
4126207,Sapopema,PR,4368898000106,COPEL-DIS
4126256,Sarandi,PR,4368898000106,COPEL-DIS
4126272,Saudade do Iguaçu,PR,4368898000106,COPEL-DIS
4126306,Sengés,PR,4368898000106,COPEL-DIS
4126355,Serranópolis do Iguaçu,PR,4368898000106,COPEL-DIS
4126405,Sertaneja,PR,4368898000106,COPEL-DIS
4126504,Sertanópolis,PR,4368898000106,COPEL-DIS
4126603,Siqueira Campos,PR,4368898000106,COPEL-DIS
4126652,Sulina,PR,4368898000106,COPEL-DIS
4124608,São Carlos do Ivaí,PR,4368898000106,COPEL-DIS
4124707,São Jerônimo da Serra,PR,4368898000106,COPEL-DIS
4125209,São Jorge D'Oeste,PR,4368898000106,COPEL-DIS
4125308,São Jorge do Ivaí,PR,4368898000106,COPEL-DIS
4125357,São Jorge do Patrocínio,PR,4368898000106,COPEL-DIS
4125407,São José da Boa Vista,PR,4368898000106,COPEL-DIS
4125456,São José das Palmeiras,PR,4368898000106,COPEL-DIS
4125506,São José dos Pinhais,PR,4368898000106,COPEL-DIS
4124806,São João,PR,4368898000106,COPEL-DIS
4124905,São João do Caiuá,PR,4368898000106,COPEL-DIS
4125001,São João do Ivaí,PR,4368898000106,COPEL-DIS
4125100,São João do Triunfo,PR,4368898000106,COPEL-DIS
4125555,São Manoel do Paraná,PR,4368898000106,COPEL-DIS
4125605,São Mateus do Sul,PR,4368898000106,COPEL-DIS
4125704,São Miguel do Iguaçu,PR,4368898000106,COPEL-DIS
4125753,São Pedro do Iguaçu,PR,4368898000106,COPEL-DIS
4125803,São Pedro do Ivaí,PR,4368898000106,COPEL-DIS
4125902,São Pedro do Paraná,PR,4368898000106,COPEL-DIS
4126009,São Sebastião da Amoreira,PR,4368898000106,COPEL-DIS
4126108,São Tomé,PR,4368898000106,COPEL-DIS
4126678,Tamarana,PR,4368898000106,COPEL-DIS
4126702,Tamboara,PR,4368898000106,COPEL-DIS
4126801,Tapejara,PR,4368898000106,COPEL-DIS
4126900,Tapira,PR,4368898000106,COPEL-DIS
4127007,Teixeira Soares,PR,4368898000106,COPEL-DIS
4127106,Telêmaco Borba,PR,4368898000106,COPEL-DIS
4127205,Terra Boa,PR,4368898000106,COPEL-DIS
4127304,Terra Rica,PR,4368898000106,COPEL-DIS
4127403,Terra Roxa,PR,4368898000106,COPEL-DIS
4127502,Tibagi,PR,4368898000106,COPEL-DIS
4127601,Tijucas do Sul,PR,4368898000106,COPEL-DIS
4127700,Toledo,PR,4368898000106,COPEL-DIS
4127809,Tomazina,PR,4368898000106,COPEL-DIS
4127858,Três Barras do Paraná,PR,4368898000106,COPEL-DIS
4127882,Tunas do Paraná,PR,4368898000106,COPEL-DIS
4127908,Tuneiras do Oeste,PR,4368898000106,COPEL-DIS
4127957,Tupãssi,PR,4368898000106,COPEL-DIS
4127965,Turvo,PR,4368898000106,COPEL-DIS
4128005,Ubiratã,PR,4368898000106,COPEL-DIS
4128104,Umuarama,PR,4368898000106,COPEL-DIS
4128302,Uniflor,PR,4368898000106,COPEL-DIS
4128203,União da Vitória,PR,4368898000106,COPEL-DIS
4128401,Uraí,PR,4368898000106,COPEL-DIS
4128534,Ventania,PR,4368898000106,COPEL-DIS
4128559,Vera Cruz do Oeste,PR,4368898000106,COPEL-DIS
4128609,Verê,PR,4368898000106,COPEL-DIS
4128658,Virmond,PR,4368898000106,COPEL-DIS
4128708,Vitorino,PR,4368898000106,COPEL-DIS
4128500,Wenceslau Braz,PR,4368898000106,COPEL-DIS
4128807,Xambrê,PR,4368898000106,COPEL-DIS
4101150,Ângulo,PR,4368898000106,COPEL-DIS
3300100,Angra dos Reis,RJ,33050071000158,ENEL RJ
3300159,Aperibé,RJ,33050071000158,ENEL RJ
3300209,Araruama,RJ,33050071000158,ENEL RJ
3300225,Areal,RJ,33050071000158,ENEL RJ
3300233,Armação dos Búzios,RJ,33050071000158,ENEL RJ
3300258,Arraial do Cabo,RJ,33050071000158,ENEL RJ
3300407,Barra Mansa,RJ,60444437000146,LIGHT SESA
3300308,Barra do Piraí,RJ,60444437000146,LIGHT SESA
3300456,Belford Roxo,RJ,60444437000146,LIGHT SESA
3300506,Bom Jardim,RJ,33050071000158,ENEL RJ
3300605,Bom Jesus do Itabapoana,RJ,33050071000158,ENEL RJ
3300704,Cabo Frio,RJ,33050071000158,ENEL RJ
3300803,Cachoeiras de Macacu,RJ,33050071000158,ENEL RJ
3300902,Cambuci,RJ,33050071000158,ENEL RJ
3301009,Campos dos Goytacazes,RJ,33050071000158,ENEL RJ
3301108,Cantagalo,RJ,33050071000158,ENEL RJ
3300936,Carapebus,RJ,33050071000158,ENEL RJ
3301157,Cardoso Moreira,RJ,33050071000158,ENEL RJ
3301207,Carmo,RJ,33050071000158,ENEL RJ
3301306,Casimiro de Abreu,RJ,33050071000158,ENEL RJ
3300951,Comendador Levy Gasparian,RJ,60444437000146,LIGHT SESA
3301405,Conceição de Macabu,RJ,33050071000158,ENEL RJ
3301504,Cordeiro,RJ,33050071000158,ENEL RJ
3301603,Duas Barras,RJ,33050071000158,ENEL RJ
3301702,Duque de Caxias,RJ,60444437000146,LIGHT SESA
3301801,Engenheiro Paulo de Frontin,RJ,60444437000146,LIGHT SESA
3301850,Guapimirim,RJ,33050071000158,ENEL RJ
3301876,Iguaba Grande,RJ,33050071000158,ENEL RJ
3301900,Itaboraí,RJ,33050071000158,ENEL RJ
3302007,Itaguaí,RJ,60444437000146,LIGHT SESA
3302056,Italva,RJ,33050071000158,ENEL RJ
3302106,Itaocara,RJ,33050071000158,ENEL RJ
3302205,Itaperuna,RJ,33050071000158,ENEL RJ
3302254,Itatiaia,RJ,33050071000158,ENEL RJ
3302270,Japeri,RJ,60444437000146,LIGHT SESA
3302304,Laje do Muriaé,RJ,33050071000158,ENEL RJ
3302403,Macaé,RJ,33050071000158,ENEL RJ
3302452,Macuco,RJ,33050071000158,ENEL RJ
3302502,Magé,RJ,33050071000158,ENEL RJ
3302601,Mangaratiba,RJ,33050071000158,ENEL RJ
3302700,Maricá,RJ,33050071000158,ENEL RJ
3302809,Mendes,RJ,60444437000146,LIGHT SESA
3302858,Mesquita,RJ,60444437000146,LIGHT SESA
3302908,Miguel Pereira,RJ,60444437000146,LIGHT SESA
3303005,Miracema,RJ,33050071000158,ENEL RJ
3303104,Natividade,RJ,33050071000158,ENEL RJ
3303203,Nilópolis,RJ,60444437000146,LIGHT SESA
3303302,Niterói,RJ,33050071000158,ENEL RJ
3303401,Nova Friburgo,RJ,33249046000106,ENF
3303500,Nova Iguaçu,RJ,60444437000146,LIGHT SESA
3303609,Paracambi,RJ,60444437000146,LIGHT SESA
3303807,Paraty,RJ,33050071000158,ENEL RJ
3303708,Paraíba do Sul,RJ,33050071000158,ENEL RJ
3303856,Paty do Alferes,RJ,60444437000146,LIGHT SESA
3303906,Petrópolis,RJ,33050071000158,ENEL RJ
3303955,Pinheiral,RJ,60444437000146,LIGHT SESA
3304003,Piraí,RJ,60444437000146,LIGHT SESA
3304102,Porciúncula,RJ,33050071000158,ENEL RJ
3304110,Porto Real,RJ,33050071000158,ENEL RJ
3304128,Quatis,RJ,60444437000146,LIGHT SESA
3304144,Queimados,RJ,60444437000146,LIGHT SESA
3304151,Quissamã,RJ,33050071000158,ENEL RJ
3304201,Resende,RJ,33050071000158,ENEL RJ
3304300,Rio Bonito,RJ,33050071000158,ENEL RJ
3304409,Rio Claro,RJ,60444437000146,LIGHT SESA
3304508,Rio das Flores,RJ,60444437000146,LIGHT SESA
3304524,Rio das Ostras,RJ,33050071000158,ENEL RJ
3304557,Rio de Janeiro,RJ,60444437000146,LIGHT SESA
3304607,Santa Maria Madalena,RJ,33050071000158,ENEL RJ
3304706,Santo Antônio de Pádua,RJ,33050071000158,ENEL RJ
3305406,Sapucaia,RJ,60444437000146,LIGHT SESA
3305505,Saquarema,RJ,33050071000158,ENEL RJ
3305554,Seropédica,RJ,60444437000146,LIGHT SESA
3305604,Silva Jardim,RJ,33050071000158,ENEL RJ
3305703,Sumidouro,RJ,33050071000158,ENEL RJ
3304805,São Fidélis,RJ,33050071000158,ENEL RJ
3304755,São Francisco de Itabapoana,RJ,33050071000158,ENEL RJ
3304904,São Gonçalo,RJ,33050071000158,ENEL RJ
3305133,São José de Ubá,RJ,33050071000158,ENEL RJ
3305158,São José do Vale do Rio Preto,RJ,33050071000158,ENEL RJ
3305000,São João da Barra,RJ,33050071000158,ENEL RJ
3305109,São João de Meriti,RJ,60444437000146,LIGHT SESA
3305208,São Pedro da Aldeia,RJ,33050071000158,ENEL RJ
3305307,São Sebastião do Alto,RJ,33050071000158,ENEL RJ
3305752,Tanguá,RJ,33050071000158,ENEL RJ
3305802,Teresópolis,RJ,33050071000158,ENEL RJ
3305901,Trajano de Moraes,RJ,33050071000158,ENEL RJ
3306008,Três Rios,RJ,60444437000146,LIGHT SESA
3306107,Valença,RJ,60444437000146,LIGHT SESA
3306156,Varre-Sai,RJ,33050071000158,ENEL RJ
3306206,Vassouras,RJ,60444437000146,LIGHT SESA
3306305,Volta Redonda,RJ,60444437000146,LIGHT SESA
2400109,Acari,RN,8324196000181,COSERN
2400307,Afonso Bezerra,RN,8324196000181,COSERN
2400505,Alexandria,RN,8324196000181,COSERN
2400604,Almino Afonso,RN,8324196000181,COSERN
2400703,Alto do Rodrigues,RN,8324196000181,COSERN
2400802,Angicos,RN,8324196000181,COSERN
2400901,Antônio Martins,RN,8324196000181,COSERN
2401008,Apodi,RN,8324196000181,COSERN
2401107,Areia Branca,RN,8324196000181,COSERN
2401206,Arez,RN,8324196000181,COSERN
2400208,Açu,RN,8324196000181,COSERN
2401453,Baraúna,RN,8324196000181,COSERN
2401503,Barcelona,RN,8324196000181,COSERN
2401404,Baía Formosa,RN,8324196000181,COSERN
2401602,Bento Fernandes,RN,8324196000181,COSERN
2405306,Boa Saúde,RN,8324196000181,COSERN
2401651,Bodó,RN,8324196000181,COSERN
2401701,Bom Jesus,RN,8324196000181,COSERN
2401800,Brejinho,RN,8324196000181,COSERN
2402006,Caicó,RN,8324196000181,COSERN
2401859,Caiçara do Norte,RN,8324196000181,COSERN
2401909,Caiçara do Rio do Vento,RN,8324196000181,COSERN
2401305,Campo Grande,RN,8324196000181,COSERN
2402105,Campo Redondo,RN,8324196000181,COSERN
2402204,Canguaretama,RN,8324196000181,COSERN
2402303,Caraúbas,RN,8324196000181,COSERN
2402501,Carnaubais,RN,8324196000181,COSERN
2402402,Carnaúba dos Dantas,RN,8324196000181,COSERN
2402600,Ceará-Mirim,RN,8324196000181,COSERN
2402709,Cerro Corá,RN,8324196000181,COSERN
2402808,Coronel Ezequiel,RN,8324196000181,COSERN
2402907,Coronel João Pessoa,RN,8324196000181,COSERN
2403004,Cruzeta,RN,8324196000181,COSERN
2403103,Currais Novos,RN,8324196000181,COSERN
2403202,Doutor Severiano,RN,8324196000181,COSERN
2403301,Encanto,RN,8324196000181,COSERN
2403400,Equador,RN,8324196000181,COSERN
2403509,Espírito Santo,RN,8324196000181,COSERN
2403608,Extremoz,RN,8324196000181,COSERN
2403707,Felipe Guerra,RN,8324196000181,COSERN
2403756,Fernando Pedroza,RN,8324196000181,COSERN
2403806,Florânia,RN,8324196000181,COSERN
2403905,Francisco Dantas,RN,8324196000181,COSERN
2404002,Frutuoso Gomes,RN,8324196000181,COSERN
2404101,Galinhos,RN,8324196000181,COSERN
2404200,Goianinha,RN,8324196000181,COSERN
2404309,Governador Dix-Sept Rosado,RN,8324196000181,COSERN
2404408,Grossos,RN,8324196000181,COSERN
2404507,Guamaré,RN,8324196000181,COSERN
2404606,Ielmo Marinho,RN,8324196000181,COSERN
2404705,Ipanguaçu,RN,8324196000181,COSERN
2404804,Ipueira,RN,8324196000181,COSERN
2404853,Itajá,RN,8324196000181,COSERN
2404903,Itaú,RN,8324196000181,COSERN
2405108,Jandaíra,RN,8324196000181,COSERN
2405207,Janduís,RN,8324196000181,COSERN
2405405,Japi,RN,8324196000181,COSERN
2405504,Jardim de Angicos,RN,8324196000181,COSERN
2405603,Jardim de Piranhas,RN,8324196000181,COSERN
2405702,Jardim do Seridó,RN,8324196000181,COSERN
2405009,Jaçanã,RN,8324196000181,COSERN
2406007,José da Penha,RN,8324196000181,COSERN
2405801,João Câmara,RN,8324196000181,COSERN
2405900,João Dias,RN,8324196000181,COSERN
2406106,Jucurutu,RN,8324196000181,COSERN
2406155,Jundiá,RN,8324196000181,COSERN
2406205,Lagoa D'Anta,RN,8324196000181,COSERN
2406502,Lagoa Nova,RN,8324196000181,COSERN
2406601,Lagoa Salgada,RN,8324196000181,COSERN
2406304,Lagoa de Pedras,RN,8324196000181,COSERN
2406403,Lagoa de Velhos,RN,8324196000181,COSERN
2406700,Lajes,RN,8324196000181,COSERN
2406809,Lajes Pintadas,RN,8324196000181,COSERN
2406908,Lucrécia,RN,8324196000181,COSERN
2407005,Luís Gomes,RN,8324196000181,COSERN
2407203,Macau,RN,8324196000181,COSERN
2407104,Macaíba,RN,8324196000181,COSERN
2407252,Major Sales,RN,8324196000181,COSERN
2407302,Marcelino Vieira,RN,8324196000181,COSERN
2407401,Martins,RN,8324196000181,COSERN
2407500,Maxaranguape,RN,8324196000181,COSERN
2407609,Messias Targino,RN,8324196000181,COSERN
2407708,Montanhas,RN,8324196000181,COSERN
2407807,Monte Alegre,RN,8324196000181,COSERN
2407906,Monte das Gameleiras,RN,8324196000181,COSERN
2408003,Mossoró,RN,8324196000181,COSERN
2408102,Natal,RN,8324196000181,COSERN
2408300,Nova Cruz,RN,8324196000181,COSERN
2408201,Nísia Floresta,RN,8324196000181,COSERN
2408409,Olho-D'Água do Borges,RN,8324196000181,COSERN
2408508,Ouro Branco,RN,8324196000181,COSERN
2408607,Paraná,RN,8324196000181,COSERN
2408805,Parazinho,RN,8324196000181,COSERN
2408706,Paraú,RN,8324196000181,COSERN
2408904,Parelhas,RN,8324196000181,COSERN
2403251,Parnamirim,RN,8324196000181,COSERN
2409100,Passa e Fica,RN,8324196000181,COSERN
2409209,Passagem,RN,8324196000181,COSERN
2409308,Patu,RN,8324196000181,COSERN
2409407,Pau dos Ferros,RN,8324196000181,COSERN
2409506,Pedra Grande,RN,8324196000181,COSERN
2409605,Pedra Preta,RN,8324196000181,COSERN
2409704,Pedro Avelino,RN,8324196000181,COSERN
2409803,Pedro Velho,RN,8324196000181,COSERN
2409902,Pendências,RN,8324196000181,COSERN
2410009,Pilões,RN,8324196000181,COSERN
2410207,Portalegre,RN,8324196000181,COSERN
2410256,Porto do Mangue,RN,8324196000181,COSERN
2410108,Poço Branco,RN,8324196000181,COSERN
2410405,Pureza,RN,8324196000181,COSERN
2410504,Rafael Fernandes,RN,8324196000181,COSERN
2410603,Rafael Godeiro,RN,8324196000181,COSERN
2410702,Riacho da Cruz,RN,8324196000181,COSERN
2410801,Riacho de Santana,RN,8324196000181,COSERN
2410900,Riachuelo,RN,8324196000181,COSERN
2408953,Rio do Fogo,RN,8324196000181,COSERN
2411007,Rodolfo Fernandes,RN,8324196000181,COSERN
2411106,Ruy Barbosa,RN,8324196000181,COSERN
2411205,Santa Cruz,RN,8324196000181,COSERN
2409332,Santa Maria,RN,8324196000181,COSERN
2411403,Santana do Matos,RN,8324196000181,COSERN
2411429,Santana do Seridó,RN,8324196000181,COSERN
2411502,Santo Antônio,RN,8324196000181,COSERN
2413102,Senador Elói de Souza,RN,8324196000181,COSERN
2413201,Senador Georgino Avelino,RN,8324196000181,COSERN
2410306,Serra Caiada,RN,8324196000181,COSERN
2413409,Serra Negra do Norte,RN,8324196000181,COSERN
2413300,Serra de São Bento,RN,8324196000181,COSERN
2413359,Serra do Mel,RN,8324196000181,COSERN
2413508,Serrinha,RN,8324196000181,COSERN
2413557,Serrinha dos Pintos,RN,8324196000181,COSERN
2413607,Severiano Melo,RN,8324196000181,COSERN
2411601,São Bento do Norte,RN,8324196000181,COSERN
2411700,São Bento do Trairí,RN,8324196000181,COSERN
2411809,São Fernando,RN,8324196000181,COSERN
2411908,São Francisco do Oeste,RN,8324196000181,COSERN
2412005,São Gonçalo do Amarante,RN,8324196000181,COSERN
2412203,São José de Mipibu,RN,8324196000181,COSERN
2412302,São José do Campestre,RN,8324196000181,COSERN
2412401,São José do Seridó,RN,8324196000181,COSERN
2412104,São João do Sabugi,RN,8324196000181,COSERN
2412500,São Miguel,RN,8324196000181,COSERN
2412559,São Miguel do Gostoso,RN,8324196000181,COSERN
2412609,São Paulo do Potengi,RN,8324196000181,COSERN
2412708,São Pedro,RN,8324196000181,COSERN
2412807,São Rafael,RN,8324196000181,COSERN
2412906,São Tomé,RN,8324196000181,COSERN
2413003,São Vicente,RN,8324196000181,COSERN
2413706,Sítio Novo,RN,8324196000181,COSERN
2413805,Taboleiro Grande,RN,8324196000181,COSERN
2413904,Taipu,RN,8324196000181,COSERN
2414001,Tangará,RN,8324196000181,COSERN
2414100,Tenente Ananias,RN,8324196000181,COSERN
2414159,Tenente Laurentino Cruz,RN,8324196000181,COSERN
2411056,Tibau,RN,8324196000181,COSERN
2414209,Tibau do Sul,RN,8324196000181,COSERN
2414308,Timbaúba dos Batistas,RN,8324196000181,COSERN
2414407,Touros,RN,8324196000181,COSERN
2414456,Triunfo Potiguar,RN,8324196000181,COSERN
2414506,Umarizal,RN,8324196000181,COSERN
2414605,Upanema,RN,8324196000181,COSERN
2414753,Venha-Ver,RN,8324196000181,COSERN
2414803,Vera Cruz,RN,8324196000181,COSERN
2415008,Vila Flor,RN,8324196000181,COSERN
2414902,Viçosa,RN,8324196000181,COSERN
2414704,Várzea,RN,8324196000181,COSERN
2400406,Água Nova,RN,8324196000181,COSERN
1100015,Alta Floresta D'Oeste,RO,5914650000166,ERO
1100379,Alto Alegre dos Parecis,RO,5914650000166,ERO
1100403,Alto Paraíso,RO,5914650000166,ERO
1100346,Alvorada D'Oeste,RO,5914650000166,ERO
1100023,Ariquemes,RO,5914650000166,ERO
1100452,Buritis,RO,5914650000166,ERO
1100031,Cabixi,RO,5914650000166,ERO
1100601,Cacaulândia,RO,5914650000166,ERO
1100049,Cacoal,RO,5914650000166,ERO
1100700,Campo Novo de Rondônia,RO,5914650000166,ERO
1100809,Candeias do Jamari,RO,5914650000166,ERO
1100908,Castanheiras,RO,5914650000166,ERO
1100056,Cerejeiras,RO,5914650000166,ERO
1100924,Chupinguaia,RO,5914650000166,ERO
1100064,Colorado do Oeste,RO,5914650000166,ERO
1100072,Corumbiara,RO,5914650000166,ERO
1100080,Costa Marques,RO,5914650000166,ERO
1100940,Cujubim,RO,5914650000166,ERO
1100098,Espigão D'Oeste,RO,5914650000166,ERO
1101005,Governador Jorge Teixeira,RO,5914650000166,ERO
1100106,Guajará-Mirim,RO,5914650000166,ERO
1101104,Itapuã do Oeste,RO,5914650000166,ERO
1100114,Jaru,RO,5914650000166,ERO
1100122,Ji-Paraná,RO,5914650000166,ERO
1100130,Machadinho D'Oeste,RO,5914650000166,ERO
1101203,Ministro Andreazza,RO,5914650000166,ERO
1101302,Mirante da Serra,RO,5914650000166,ERO
1101401,Monte Negro,RO,5914650000166,ERO
1100148,Nova Brasilândia D'Oeste,RO,5914650000166,ERO
1100338,Nova Mamoré,RO,5914650000166,ERO
1101435,Nova União,RO,5914650000166,ERO
1100502,Novo Horizonte do Oeste,RO,5914650000166,ERO
1100155,Ouro Preto do Oeste,RO,5914650000166,ERO
1101450,Parecis,RO,5914650000166,ERO
1100189,Pimenta Bueno,RO,5914650000166,ERO
1101468,Pimenteiras do Oeste,RO,5914650000166,ERO
1100205,Porto Velho,RO,5914650000166,ERO
1100254,Presidente Médici,RO,5914650000166,ERO
1101476,Primavera de Rondônia,RO,5914650000166,ERO
1100262,Rio Crespo,RO,5914650000166,ERO
1100288,Rolim de Moura,RO,5914650000166,ERO
1100296,Santa Luzia D'Oeste,RO,5914650000166,ERO
1101500,Seringueiras,RO,5914650000166,ERO
1101484,São Felipe D'Oeste,RO,5914650000166,ERO
1101492,São Francisco do Guaporé,RO,5914650000166,ERO
1100320,São Miguel do Guaporé,RO,5914650000166,ERO
1101559,Teixeirópolis,RO,5914650000166,ERO
1101609,Theobroma,RO,5914650000166,ERO
1101708,Urupá,RO,5914650000166,ERO
1101757,Vale do Anari,RO,5914650000166,ERO
1101807,Vale do Paraíso,RO,5914650000166,ERO
1100304,Vilhena,RO,5914650000166,ERO
1400050,Alto Alegre,RR,5938444000196,CERR
1400027,Amajari,RR,2341470000144,ÂMBAR ENERGIA RR
1400100,Boa Vista,RR,2341470000144,ÂMBAR ENERGIA RR
1400159,Bonfim,RR,2341470000144,ÂMBAR ENERGIA RR
1400175,Cantá,RR,5938444000196,CERR
1400209,Caracaraí,RR,2341470000144,ÂMBAR ENERGIA RR
1400233,Caroebe,RR,2341470000144,ÂMBAR ENERGIA RR
1400282,Iracema,RR,2341470000144,ÂMBAR ENERGIA RR
1400308,Mucajaí,RR,2341470000144,ÂMBAR ENERGIA RR
1400407,Normandia,RR,2341470000144,ÂMBAR ENERGIA RR
1400456,Pacaraima,RR,2341470000144,ÂMBAR ENERGIA RR
1400472,Rorainópolis,RR,2341470000144,ÂMBAR ENERGIA RR
1400506,São João da Baliza,RR,2341470000144,ÂMBAR ENERGIA RR
1400605,São Luiz,RR,2341470000144,ÂMBAR ENERGIA RR
1400704,Uiramutã,RR,2341470000144,ÂMBAR ENERGIA RR
4300034,Aceguá,RS,87462750000163,COOPERSUL
4300109,Agudo,RS,2016440000162,RGE SUL
4300208,Ajuricaba,RS,2016439000138,RGE
4300307,Alecrim,RS,2016439000138,RGE
4300406,Alegrete,RS,2016440000162,RGE SUL
4300455,Alegria,RS,2016439000138,RGE
4300471,Almirante Tamandaré do Sul,RS,88446034000155,ELETROCAR
4300505,Alpestre,RS,2016439000138,RGE
4300554,Alto Alegre,RS,2016439000138,RGE
4300570,Alto Feliz,RS,2016439000138,RGE
4300604,Alvorada,RS,8467115000100,CEEE-D
4300638,Amaral Ferrador,RS,8467115000100,CEEE-D
4300646,Ametista do Sul,RS,2016439000138,RGE
4300661,André da Rocha,RS,2016439000138,RGE
4300703,Anta Gorda,RS,2016439000138,RGE
4300802,Antônio Prado,RS,2016439000138,RGE
4300851,Arambaré,RS,8467115000100,CEEE-D
4300877,Araricá,RS,2016440000162,RGE SUL
4300901,Aratiba,RS,2016439000138,RGE
4301305,Arroio Grande,RS,8467115000100,CEEE-D
4301008,Arroio do Meio,RS,2016440000162,RGE SUL
4301073,Arroio do Padre,RS,8467115000100,CEEE-D
4301057,Arroio do Sal,RS,8467115000100,CEEE-D
4301206,Arroio do Tigre,RS,2016440000162,RGE SUL
4301107,Arroio dos Ratos,RS,8467115000100,CEEE-D
4301404,Arvorezinha,RS,2016439000138,RGE
4301503,Augusto Pestana,RS,2016439000138,RGE
4301602,Bagé,RS,8467115000100,CEEE-D
4301636,Balneário Pinhal,RS,8467115000100,CEEE-D
4301958,Barra Funda,RS,2016439000138,RGE
4301859,Barra do Guarita,RS,2016439000138,RGE
4301875,Barra do Quaraí,RS,2016440000162,RGE SUL
4301909,Barra do Ribeiro,RS,8467115000100,CEEE-D
4301925,Barra do Rio Azul,RS,2016439000138,RGE
4301800,Barracão,RS,2016439000138,RGE
4302006,Barros Cassal,RS,2016439000138,RGE
4301651,Barão,RS,2016439000138,RGE
4301701,Barão de Cotegipe,RS,2016439000138,RGE
4301750,Barão do Triunfo,RS,8467115000100,CEEE-D
4302055,Benjamin Constant do Sul,RS,2016439000138,RGE
4302105,Bento Gonçalves,RS,2016439000138,RGE
4302154,Boa Vista das Missões,RS,2016439000138,RGE
4302204,Boa Vista do Buricá,RS,2016439000138,RGE
4302220,Boa Vista do Cadeado,RS,2016440000162,RGE SUL
4302238,Boa Vista do Incra,RS,90660754000160,COPREL
4302253,Boa Vista do Sul,RS,2016439000138,RGE
4302303,Bom Jesus,RS,2016439000138,RGE
4302352,Bom Princípio,RS,2016440000162,RGE SUL
4302378,Bom Progresso,RS,2016439000138,RGE
4302402,Bom Retiro do Sul,RS,2016440000162,RGE SUL
4302451,Boqueirão do Leão,RS,2016440000162,RGE SUL
4302501,Bossoroca,RS,2016440000162,RGE SUL
4302584,Bozano,RS,2016439000138,RGE
4302600,Braga,RS,2016439000138,RGE
4302659,Brochier,RS,2016440000162,RGE SUL
4302709,Butiá,RS,8467115000100,CEEE-D
4302907,Cacequi,RS,2016440000162,RGE SUL
4303004,Cachoeira do Sul,RS,2016440000162,RGE SUL
4303103,Cachoeirinha,RS,2016439000138,RGE
4303202,Cacique Doble,RS,2016439000138,RGE
4303301,Caibaté,RS,2016439000138,RGE
4303400,Caiçara,RS,2016439000138,RGE
4303509,Camaquã,RS,8467115000100,CEEE-D
4303558,Camargo,RS,2016439000138,RGE
4303608,Cambará do Sul,RS,2016439000138,RGE
4303673,Campestre da Serra,RS,2016439000138,RGE
4303707,Campina das Missões,RS,2016439000138,RGE
4303806,Campinas do Sul,RS,2016439000138,RGE
4303905,Campo Bom,RS,2016440000162,RGE SUL
4304002,Campo Novo,RS,2016439000138,RGE
4304101,Campos Borges,RS,2016439000138,RGE
4304200,Candelária,RS,2016440000162,RGE SUL
4304358,Candiota,RS,8467115000100,CEEE-D
4304408,Canela,RS,2016439000138,RGE
4304507,Canguçu,RS,8467115000100,CEEE-D
4304606,Canoas,RS,2016440000162,RGE SUL
4304614,Canudos do Vale,RS,9257558000121,CERTEL ENERGIA
4304689,Capela de Santana,RS,2016440000162,RGE SUL
4304697,Capitão,RS,2016440000162,RGE SUL
4304671,Capivari do Sul,RS,8467115000100,CEEE-D
4304622,Capão Bonito do Sul,RS,2016439000138,RGE
4304630,Capão da Canoa,RS,8467115000100,CEEE-D
4304655,Capão do Cipó,RS,2016440000162,RGE SUL
4304663,Capão do Leão,RS,8467115000100,CEEE-D
4304705,Carazinho,RS,88446034000155,ELETROCAR
4304713,Caraá,RS,8467115000100,CEEE-D
4304804,Carlos Barbosa,RS,2016439000138,RGE
4304853,Carlos Gomes,RS,2016439000138,RGE
4304903,Casca,RS,2016439000138,RGE
4304952,Caseiros,RS,2016439000138,RGE
4305009,Catuípe,RS,2016439000138,RGE
4305108,Caxias do Sul,RS,2016439000138,RGE
4302808,Caçapava do Sul,RS,2016440000162,RGE SUL
4305116,Centenário,RS,2016439000138,RGE
4305124,Cerrito,RS,8467115000100,CEEE-D
4305132,Cerro Branco,RS,2016440000162,RGE SUL
4305157,Cerro Grande,RS,2016439000138,RGE
4305173,Cerro Grande do Sul,RS,8467115000100,CEEE-D
4305207,Cerro Largo,RS,2016439000138,RGE
4305306,Chapada,RS,88446034000155,ELETROCAR
4305355,Charqueadas,RS,8467115000100,CEEE-D
4305371,Charrua,RS,2016439000138,RGE
4305405,Chiapetta,RS,2016439000138,RGE
4305447,Chuvisca,RS,8467115000100,CEEE-D
4305439,Chuí,RS,8467115000100,CEEE-D
4305454,Cidreira,RS,8467115000100,CEEE-D
4305504,Ciríaco,RS,2016439000138,RGE
4305587,Colinas,RS,2016440000162,RGE SUL
4305603,Colorado,RS,88446034000155,ELETROCAR
4305702,Condor,RS,91982348000187,HIDROPAN
4305801,Constantina,RS,2016439000138,RGE
4305835,Coqueiro Baixo,RS,2016440000162,RGE SUL
4305850,Coqueiros do Sul,RS,88446034000155,ELETROCAR
4305871,Coronel Barros,RS,2016439000138,RGE
4305900,Coronel Bicaco,RS,2016439000138,RGE
4305934,Coronel Pilar,RS,2016439000138,RGE
4305959,Cotiporã,RS,2016439000138,RGE
4305975,Coxilha,RS,2016439000138,RGE
4306007,Crissiumal,RS,2016439000138,RGE
4306056,Cristal,RS,8467115000100,CEEE-D
4306072,Cristal do Sul,RS,2016439000138,RGE
4306106,Cruz Alta,RS,2016439000138,RGE
4306130,Cruzaltense,RS,2016440000162,RGE SUL
4306205,Cruzeiro do Sul,RS,2016440000162,RGE SUL
4304309,Cândido Godói,RS,2016439000138,RGE
4306304,David Canabarro,RS,2016439000138,RGE
4306320,Derrubadas,RS,2016439000138,RGE
4306353,Dezesseis de Novembro,RS,2016439000138,RGE
4306379,Dilermando de Aguiar,RS,2016440000162,RGE SUL
4306403,Dois Irmãos,RS,2016440000162,RGE SUL
4306429,Dois Irmãos das Missões,RS,2016439000138,RGE
4306452,Dois Lajeados,RS,2016439000138,RGE
4306502,Dom Feliciano,RS,8467115000100,CEEE-D
4306601,Dom Pedrito,RS,8467115000100,CEEE-D
4306551,Dom Pedro de Alcântara,RS,8467115000100,CEEE-D
4306700,Dona Francisca,RS,89889604000144,UHENPAL
4306734,Doutor Maurício Cardoso,RS,2016439000138,RGE
4306759,Doutor Ricardo,RS,2016440000162,RGE SUL
4306767,Eldorado do Sul,RS,8467115000100,CEEE-D
4306809,Encantado,RS,2016440000162,RGE SUL
4306908,Encruzilhada do Sul,RS,8467115000100,CEEE-D
4306924,Engenho Velho,RS,2016439000138,RGE
4306957,Entre Rios do Sul,RS,2016439000138,RGE
4306932,Entre-Ijuís,RS,2016439000138,RGE
4306973,Erebango,RS,2016439000138,RGE
4307005,Erechim,RS,2016439000138,RGE
4307054,Ernestina,RS,2016439000138,RGE
4307203,Erval Grande,RS,2016439000138,RGE
4307302,Erval Seco,RS,2016439000138,RGE
4307401,Esmeralda,RS,2016439000138,RGE
4307450,Esperança do Sul,RS,2016439000138,RGE
4307500,Espumoso,RS,2016439000138,RGE
4307559,Estação,RS,2016439000138,RGE
4307708,Esteio,RS,2016440000162,RGE SUL
4307807,Estrela,RS,2016440000162,RGE SUL
4307815,Estrela Velha,RS,2016440000162,RGE SUL
4307609,Estância Velha,RS,2016440000162,RGE SUL
4307831,Eugênio de Castro,RS,2016439000138,RGE
4307864,Fagundes Varela,RS,2016439000138,RGE
4307906,Farroupilha,RS,2016439000138,RGE
4308003,Faxinal do Soturno,RS,89889604000144,UHENPAL
4308052,Faxinalzinho,RS,2016439000138,RGE
4308078,Fazenda Vilanova,RS,2016440000162,RGE SUL
4308102,Feliz,RS,2016439000138,RGE
4308201,Flores da Cunha,RS,2016439000138,RGE
4308250,Floriano Peixoto,RS,2016440000162,RGE SUL
4308300,Fontoura Xavier,RS,2016439000138,RGE
4308409,Formigueiro,RS,2016440000162,RGE SUL
4308433,Forquetinha,RS,9257558000121,CERTEL ENERGIA
4308458,Fortaleza dos Valos,RS,2016439000138,RGE
4308508,Frederico Westphalen,RS,2016439000138,RGE
4308607,Garibaldi,RS,2016439000138,RGE
4308656,Garruchos,RS,2016440000162,RGE SUL
4308706,Gaurama,RS,2016439000138,RGE
4308805,General Câmara,RS,2016440000162,RGE SUL
4308854,Gentil,RS,2016439000138,RGE
4308904,Getúlio Vargas,RS,2016439000138,RGE
4309001,Giruá,RS,2016439000138,RGE
4309050,Glorinha,RS,2016439000138,RGE
4309100,Gramado,RS,2016439000138,RGE
4309159,Gramado Xavier,RS,2016440000162,RGE SUL
4309126,Gramado dos Loureiros,RS,2016439000138,RGE
4309209,Gravataí,RS,2016439000138,RGE
4309258,Guabiju,RS,2016439000138,RGE
4309407,Guaporé,RS,2016439000138,RGE
4309506,Guarani das Missões,RS,2016439000138,RGE
4309308,Guaíba,RS,8467115000100,CEEE-D
4309555,Harmonia,RS,2016440000162,RGE SUL
4307104,Herval,RS,8467115000100,CEEE-D
4309571,Herveiras,RS,2016440000162,RGE SUL
4309605,Horizontina,RS,2016439000138,RGE
4309654,Hulha Negra,RS,8467115000100,CEEE-D
4309704,Humaitá,RS,2016439000138,RGE
4309753,Ibarama,RS,2016440000162,RGE SUL
4309803,Ibiaçá,RS,97578090000134,MUXENERGIA
4309902,Ibiraiaras,RS,2016439000138,RGE
4309951,Ibirapuitã,RS,2016439000138,RGE
4310009,Ibirubá,RS,2016439000138,RGE
4310108,Igrejinha,RS,2016439000138,RGE
4310207,Ijuí,RS,95289500000100,DEMEI
4310306,Ilópolis,RS,2016439000138,RGE
4310330,Imbé,RS,8467115000100,CEEE-D
4310363,Imigrante,RS,2016440000162,RGE SUL
4310405,Independência,RS,2016439000138,RGE
4310413,Inhacorá,RS,2016439000138,RGE
4310462,Ipiranga do Sul,RS,2016439000138,RGE
4310439,Ipê,RS,2016439000138,RGE
4310504,Iraí,RS,2016439000138,RGE
4310538,Itaara,RS,2016440000162,RGE SUL
4310553,Itacurubi,RS,2016440000162,RGE SUL
4310579,Itapuca,RS,2016439000138,RGE
4310603,Itaqui,RS,2016440000162,RGE SUL
4310652,Itati,RS,8467115000100,CEEE-D
4310702,Itatiba do Sul,RS,2016439000138,RGE
4310751,Ivorá,RS,2016440000162,RGE SUL
4310801,Ivoti,RS,2016440000162,RGE SUL
4310850,Jaboticaba,RS,2016439000138,RGE
4310876,Jacuizinho,RS,90660754000160,COPREL
4310900,Jacutinga,RS,2016439000138,RGE
4311106,Jaguari,RS,2016440000162,RGE SUL
4311007,Jaguarão,RS,8467115000100,CEEE-D
4311122,Jaquirana,RS,2016439000138,RGE
4311130,Jari,RS,2016440000162,RGE SUL
4311155,Jóia,RS,2016439000138,RGE
4311205,Júlio de Castilhos,RS,2016439000138,RGE
4311239,Lagoa Bonita do Sul,RS,2016440000162,RGE SUL
4311304,Lagoa Vermelha,RS,2016439000138,RGE
4311270,Lagoa dos Três Cantos,RS,2016439000138,RGE
4311254,Lagoão,RS,2016440000162,RGE SUL
4311403,Lajeado,RS,2016440000162,RGE SUL
4311429,Lajeado do Bugre,RS,2016439000138,RGE
4311502,Lavras do Sul,RS,8467115000100,CEEE-D
4311601,Liberato Salzano,RS,2016439000138,RGE
4311627,Lindolfo Collor,RS,2016440000162,RGE SUL
4311643,Linha Nova,RS,2016439000138,RGE
4311700,Machadinho,RS,2016439000138,RGE
4311734,Mampituba,RS,8467115000100,CEEE-D
4311759,Manoel Viana,RS,2016440000162,RGE SUL
4311775,Maquiné,RS,8467115000100,CEEE-D
4311791,Maratá,RS,2016440000162,RGE SUL
4311809,Marau,RS,2016439000138,RGE
4311908,Marcelino Ramos,RS,2016439000138,RGE
4311981,Mariana Pimentel,RS,8467115000100,CEEE-D
4312005,Mariano Moro,RS,2016439000138,RGE
4312054,Marques de Souza,RS,9257558000121,CERTEL ENERGIA
4312104,Mata,RS,2016440000162,RGE SUL
4312138,Mato Castelhano,RS,2016439000138,RGE
4312153,Mato Leitão,RS,2016440000162,RGE SUL
4312179,Mato Queimado,RS,97081434000103,CERMISSÕES
4312203,Maximiliano de Almeida,RS,2016439000138,RGE
4311718,Maçambará,RS,2016440000162,RGE SUL
4312252,Minas do Leão,RS,8467115000100,CEEE-D
4312302,Miraguaí,RS,2016439000138,RGE
4312351,Montauri,RS,2016439000138,RGE
4312377,Monte Alegre dos Campos,RS,2016439000138,RGE
4312385,Monte Belo do Sul,RS,2016439000138,RGE
4312401,Montenegro,RS,2016440000162,RGE SUL
4312427,Mormaço,RS,2016439000138,RGE
4312443,Morrinhos do Sul,RS,8467115000100,CEEE-D
4312450,Morro Redondo,RS,8467115000100,CEEE-D
4312476,Morro Reuter,RS,2016440000162,RGE SUL
4312500,Mostardas,RS,8467115000100,CEEE-D
4312617,Muitos Capões,RS,2016439000138,RGE
4312625,Muliterno,RS,2016439000138,RGE
4312609,Muçum,RS,2016440000162,RGE SUL
4312674,Nicolau Vergueiro,RS,90660754000160,COPREL
4312708,Nonoai,RS,2016439000138,RGE
4312757,Nova Alvorada,RS,2016439000138,RGE
4312807,Nova Araçá,RS,2016439000138,RGE
4312906,Nova Bassano,RS,2016439000138,RGE
4312955,Nova Boa Vista,RS,2016439000138,RGE
4313003,Nova Bréscia,RS,2016440000162,RGE SUL
4313011,Nova Candelária,RS,2016439000138,RGE
4313037,Nova Esperança do Sul,RS,2016440000162,RGE SUL
4313060,Nova Hartz,RS,2016439000138,RGE
4313102,Nova Palma,RS,89889604000144,UHENPAL
4313201,Nova Petrópolis,RS,2016439000138,RGE
4313300,Nova Prata,RS,2016439000138,RGE
4313086,Nova Pádua,RS,2016439000138,RGE
4313334,Nova Ramada,RS,2016439000138,RGE
4313359,Nova Roma do Sul,RS,2016439000138,RGE
4313375,Nova Santa Rita,RS,2016440000162,RGE SUL
4313490,Novo Barreiro,RS,2016439000138,RGE
4313391,Novo Cabrais,RS,2016440000162,RGE SUL
4313409,Novo Hamburgo,RS,2016440000162,RGE SUL
4313425,Novo Machado,RS,2016439000138,RGE
4313441,Novo Tiradentes,RS,2016439000138,RGE
4313466,Novo Xingu,RS,2016440000162,RGE SUL
4312658,Não-Me-Toque,RS,2016439000138,RGE
4313508,Osório,RS,8467115000100,CEEE-D
4313607,Paim Filho,RS,2016439000138,RGE
4313656,Palmares do Sul,RS,8467115000100,CEEE-D
4313706,Palmeira das Missões,RS,2016439000138,RGE
4313805,Palmitinho,RS,2016439000138,RGE
4313904,Panambi,RS,91982348000187,HIDROPAN
4313953,Pantano Grande,RS,8467115000100,CEEE-D
4314001,Paraí,RS,2016439000138,RGE
4314027,Paraíso do Sul,RS,2016440000162,RGE SUL
4314035,Pareci Novo,RS,2016440000162,RGE SUL
4314050,Parobé,RS,2016439000138,RGE
4314068,Passa Sete,RS,2016440000162,RGE SUL
4314100,Passo Fundo,RS,2016439000138,RGE
4314076,Passo do Sobrado,RS,2016440000162,RGE SUL
4314134,Paulo Bento,RS,2016439000138,RGE
4314159,Paverama,RS,2016440000162,RGE SUL
4314175,Pedras Altas,RS,8467115000100,CEEE-D
4314209,Pedro Osório,RS,8467115000100,CEEE-D
4314308,Pejuçara,RS,2016439000138,RGE
4314407,Pelotas,RS,8467115000100,CEEE-D
4314423,Picada Café,RS,2016439000138,RGE
4314456,Pinhal,RS,2016439000138,RGE
4314472,Pinhal Grande,RS,2016439000138,RGE
4314464,Pinhal da Serra,RS,2016440000162,RGE SUL
4314498,Pinheirinho do Vale,RS,2016439000138,RGE
4314506,Pinheiro Machado,RS,8467115000100,CEEE-D
4314555,Pirapó,RS,2016439000138,RGE
4314605,Piratini,RS,8467115000100,CEEE-D
4314704,Planalto,RS,2016439000138,RGE
4314787,Ponte Preta,RS,2016439000138,RGE
4314779,Pontão,RS,2016439000138,RGE
4314902,Porto Alegre,RS,8467115000100,CEEE-D
4315008,Porto Lucena,RS,2016439000138,RGE
4315057,Porto Mauá,RS,2016439000138,RGE
4315073,Porto Vera Cruz,RS,2016439000138,RGE
4315107,Porto Xavier,RS,2016439000138,RGE
4314803,Portão,RS,2016440000162,RGE SUL
4315131,Pouso Novo,RS,9257558000121,CERTEL ENERGIA
4314753,Poço das Antas,RS,9257558000121,CERTEL ENERGIA
4315149,Presidente Lucena,RS,2016440000162,RGE SUL
4315156,Progresso,RS,97505838000179,CERFOX
4315172,Protásio Alves,RS,2016439000138,RGE
4315206,Putinga,RS,2016439000138,RGE
4315305,Quaraí,RS,2016440000162,RGE SUL
4315313,Quatro Irmãos,RS,2016439000138,RGE
4315321,Quevedos,RS,2016440000162,RGE SUL
4315354,Quinze de Novembro,RS,2016439000138,RGE
4315404,Redentora,RS,2016439000138,RGE
4315453,Relvado,RS,2016440000162,RGE SUL
4315503,Restinga Seca,RS,89889604000144,UHENPAL
4315602,Rio Grande,RS,8467115000100,CEEE-D
4315701,Rio Pardo,RS,2016440000162,RGE SUL
4315552,Rio dos Índios,RS,2016439000138,RGE
4315750,Riozinho,RS,2016439000138,RGE
4315800,Roca Sales,RS,2016440000162,RGE SUL
4315909,Rodeio Bonito,RS,2016439000138,RGE
4315958,Rolador,RS,2016440000162,RGE SUL
4316006,Rolante,RS,2016439000138,RGE
4316105,Ronda Alta,RS,2016439000138,RGE
4316204,Rondinha,RS,2016439000138,RGE
4316303,Roque Gonzales,RS,2016439000138,RGE
4316402,Rosário do Sul,RS,2016440000162,RGE SUL
4316428,Sagrada Família,RS,2016439000138,RGE
4316436,Saldanha Marinho,RS,2016439000138,RGE
4316451,Salto do Jacuí,RS,2016439000138,RGE
4316477,Salvador das Missões,RS,2016439000138,RGE
4316501,Salvador do Sul,RS,2016440000162,RGE SUL
4316600,Sananduva,RS,2016439000138,RGE
4316709,Santa Bárbara do Sul,RS,2016439000138,RGE
4316733,Santa Cecília do Sul,RS,90660754000160,COPREL
4316758,Santa Clara do Sul,RS,2016440000162,RGE SUL
4316808,Santa Cruz do Sul,RS,2016440000162,RGE SUL
4316972,Santa Margarida do Sul,RS,2016440000162,RGE SUL
4316907,Santa Maria,RS,2016440000162,RGE SUL
4316956,Santa Maria do Herval,RS,2016440000162,RGE SUL
4317202,Santa Rosa,RS,2016439000138,RGE
4317251,Santa Tereza,RS,2016439000138,RGE
4317301,Santa Vitória do Palmar,RS,8467115000100,CEEE-D
4317004,Santana da Boa Vista,RS,2016440000162,RGE SUL
4317103,Santana do Livramento,RS,2016440000162,RGE SUL
4317400,Santiago,RS,2016440000162,RGE SUL
4317608,Santo Antônio da Patrulha,RS,8467115000100,CEEE-D
4317707,Santo Antônio das Missões,RS,2016440000162,RGE SUL
4317558,Santo Antônio do Palma,RS,2016439000138,RGE
4317756,Santo Antônio do Planalto,RS,88446034000155,ELETROCAR
4317806,Santo Augusto,RS,2016439000138,RGE
4317905,Santo Cristo,RS,2016439000138,RGE
4317954,Santo Expedito do Sul,RS,2016439000138,RGE
4317509,Santo Ângelo,RS,2016439000138,RGE
4319901,Sapiranga,RS,2016440000162,RGE SUL
4320008,Sapucaia do Sul,RS,2016440000162,RGE SUL
4320107,Sarandi,RS,2016439000138,RGE
4320206,Seberi,RS,2016439000138,RGE
4320230,Sede Nova,RS,2016439000138,RGE
4320263,Segredo,RS,2016440000162,RGE SUL
4320305,Selbach,RS,2016439000138,RGE
4320321,Senador Salgado Filho,RS,2016439000138,RGE
4320354,Sentinela do Sul,RS,8467115000100,CEEE-D
4320404,Serafina Corrêa,RS,2016439000138,RGE
4320503,Sertão,RS,2016439000138,RGE
4320552,Sertão Santana,RS,8467115000100,CEEE-D
4320578,Sete de Setembro,RS,2016439000138,RGE
4320602,Severiano de Almeida,RS,2016439000138,RGE
4320651,Silveira Martins,RS,89889604000144,UHENPAL
4320677,Sinimbu,RS,2016440000162,RGE SUL
4320701,Sobradinho,RS,2016440000162,RGE SUL
4320800,Soledade,RS,2016439000138,RGE
4318002,São Borja,RS,2016440000162,RGE SUL
4318051,São Domingos do Sul,RS,2016439000138,RGE
4318101,São Francisco de Assis,RS,2016440000162,RGE SUL
4318200,São Francisco de Paula,RS,2016439000138,RGE
4318309,São Gabriel,RS,2016440000162,RGE SUL
4318408,São Jerônimo,RS,8467115000100,CEEE-D
4318440,São Jorge,RS,2016439000138,RGE
4318457,São José das Missões,RS,2016439000138,RGE
4318465,São José do Herval,RS,2016439000138,RGE
4318481,São José do Hortêncio,RS,2016440000162,RGE SUL
4318499,São José do Inhacorá,RS,2016439000138,RGE
4318507,São José do Norte,RS,8467115000100,CEEE-D
4318606,São José do Ouro,RS,2016439000138,RGE
4318614,São José do Sul,RS,2016440000162,RGE SUL
4318622,São José dos Ausentes,RS,2016439000138,RGE
4318424,São João da Urtiga,RS,2016439000138,RGE
4318432,São João do Polêsine,RS,89889604000144,UHENPAL
4318705,São Leopoldo,RS,2016440000162,RGE SUL
4318804,São Lourenço do Sul,RS,8467115000100,CEEE-D
4318903,São Luiz Gonzaga,RS,2016439000138,RGE
4319000,São Marcos,RS,2016439000138,RGE
4319109,São Martinho,RS,2016439000138,RGE
4319125,São Martinho da Serra,RS,2016440000162,RGE SUL
4319158,São Miguel das Missões,RS,2016440000162,RGE SUL
4319208,São Nicolau,RS,2016439000138,RGE
4319307,São Paulo das Missões,RS,2016439000138,RGE
4319356,São Pedro da Serra,RS,9257558000121,CERTEL ENERGIA
4319364,São Pedro das Missões,RS,2016439000138,RGE
4319372,São Pedro do Butiá,RS,2016439000138,RGE
4319406,São Pedro do Sul,RS,2016440000162,RGE SUL
4319505,São Sebastião do Caí,RS,2016440000162,RGE SUL
4319604,São Sepé,RS,2016440000162,RGE SUL
4319703,São Valentim,RS,2016439000138,RGE
4319711,São Valentim do Sul,RS,2016439000138,RGE
4319737,São Valério do Sul,RS,2016439000138,RGE
4319752,São Vendelino,RS,2016440000162,RGE SUL
4319802,São Vicente do Sul,RS,2016440000162,RGE SUL
4320453,Sério,RS,2016440000162,RGE SUL
4320859,Tabaí,RS,2016440000162,RGE SUL
4320909,Tapejara,RS,2016439000138,RGE
4321006,Tapera,RS,2016439000138,RGE
4321105,Tapes,RS,8467115000100,CEEE-D
4321204,Taquara,RS,2016439000138,RGE
4321303,Taquari,RS,2016440000162,RGE SUL
4321329,Taquaruçu do Sul,RS,2016439000138,RGE
4321352,Tavares,RS,8467115000100,CEEE-D
4321402,Tenente Portela,RS,2016439000138,RGE
4321436,Terra de Areia,RS,8467115000100,CEEE-D
4321451,Teutônia,RS,2016440000162,RGE SUL
4321469,Tio Hugo,RS,90660754000160,COPREL
4321477,Tiradentes do Sul,RS,2016439000138,RGE
4321493,Toropi,RS,2016440000162,RGE SUL
4321501,Torres,RS,8467115000100,CEEE-D
4321600,Tramandaí,RS,8467115000100,CEEE-D
4321626,Travesseiro,RS,2016440000162,RGE SUL
4321956,Trindade do Sul,RS,2016439000138,RGE
4322004,Triunfo,RS,2016440000162,RGE SUL
4321634,Três Arroios,RS,2016439000138,RGE
4321667,Três Cachoeiras,RS,8467115000100,CEEE-D
4321709,Três Coroas,RS,2016439000138,RGE
4321832,Três Forquilhas,RS,8467115000100,CEEE-D
4321857,Três Palmeiras,RS,2016439000138,RGE
4321907,Três Passos,RS,2016439000138,RGE
4321808,Três de Maio,RS,2016439000138,RGE
4322103,Tucunduva,RS,2016439000138,RGE
4322152,Tunas,RS,2016440000162,RGE SUL
4322186,Tupanci do Sul,RS,2016439000138,RGE
4322202,Tupanciretã,RS,2016439000138,RGE
4322251,Tupandi,RS,2016440000162,RGE SUL
4322301,Tuparendi,RS,2016439000138,RGE
4322327,Turuçu,RS,8467115000100,CEEE-D
4322343,Ubiretama,RS,2016439000138,RGE
4322376,Unistalda,RS,2016440000162,RGE SUL
4322350,União da Serra,RS,2016439000138,RGE
4322400,Uruguaiana,RS,2016440000162,RGE SUL
4322509,Vacaria,RS,2016439000138,RGE
4322541,Vale Real,RS,2016439000138,RGE
4322525,Vale Verde,RS,2016440000162,RGE SUL
4322533,Vale do Sol,RS,2016440000162,RGE SUL
4322558,Vanini,RS,2016439000138,RGE
4322608,Venâncio Aires,RS,2016440000162,RGE SUL
4322707,Vera Cruz,RS,2016440000162,RGE SUL
4322806,Veranópolis,RS,2016439000138,RGE
4322855,Vespasiano Correa,RS,2016440000162,RGE SUL
4322905,Viadutos,RS,2016439000138,RGE
4323002,Viamão,RS,8467115000100,CEEE-D
4323101,Vicente Dutra,RS,2016439000138,RGE
4323200,Victor Graeff,RS,2016439000138,RGE
4323309,Vila Flores,RS,2016439000138,RGE
4323358,Vila Lângaro,RS,2016439000138,RGE
4323408,Vila Maria,RS,2016439000138,RGE
4323457,Vila Nova do Sul,RS,2016440000162,RGE SUL
4323507,Vista Alegre,RS,2016439000138,RGE
4323606,Vista Alegre do Prata,RS,2016439000138,RGE
4323705,Vista Gaúcha,RS,2016439000138,RGE
4323754,Vitória das Missões,RS,2016439000138,RGE
4323770,Westfalia,RS,9257558000121,CERTEL ENERGIA
4323804,Xangri-lá,RS,8467115000100,CEEE-D
4300059,Água Santa,RS,2016439000138,RGE
4301552,Áurea,RS,2016439000138,RGE
4200051,Abdon Batista,SC,8336783000190,CELESC
4200101,Abelardo Luz,SC,8336783000190,CELESC
4200200,Agrolândia,SC,8336783000190,CELESC
4200309,Agronômica,SC,8336783000190,CELESC
4200705,Alfredo Wagner,SC,8336783000190,CELESC
4200754,Alto Bela Vista,SC,8336783000190,CELESC
4200804,Anchieta,SC,8336783000190,CELESC
4200903,Angelina,SC,8336783000190,CELESC
4201000,Anita Garibaldi,SC,8336783000190,CELESC
4201109,Anitápolis,SC,75826404000138,CERAL ANITÁPOLIS
4201208,Antônio Carlos,SC,8336783000190,CELESC
4201257,Apiúna,SC,8336783000190,CELESC
4201273,Arabutã,SC,8336783000190,CELESC
4201307,Araquari,SC,8336783000190,CELESC
4201406,Araranguá,SC,8336783000190,CELESC
4201505,Armazém,SC,86449170000173,CERGRAL
4201604,Arroio Trinta,SC,8336783000190,CELESC
4201653,Arvoredo,SC,8336783000190,CELESC
4201703,Ascurra,SC,8336783000190,CELESC
4201802,Atalanta,SC,8336783000190,CELESC
4201901,Aurora,SC,8336783000190,CELESC
4201950,Balneário Arroio do Silva,SC,8336783000190,CELESC
4202057,Balneário Barra do Sul,SC,8336783000190,CELESC
4202008,Balneário Camboriú,SC,8336783000190,CELESC
4202073,Balneário Gaivota,SC,8336783000190,CELESC
4212809,Balneário Piçarras,SC,8336783000190,CELESC
4202081,Bandeirante,SC,8336783000190,CELESC
4202099,Barra Bonita,SC,8336783000190,CELESC
4202107,Barra Velha,SC,8336783000190,CELESC
4202131,Bela Vista do Toldo,SC,8336783000190,CELESC
4202156,Belmonte,SC,8336783000190,CELESC
4202206,Benedito Novo,SC,8336783000190,CELESC
4202305,Biguaçu,SC,8336783000190,CELESC
4202404,Blumenau,SC,8336783000190,CELESC
4202438,Bocaina do Sul,SC,8336783000190,CELESC
4202503,Bom Jardim da Serra,SC,8336783000190,CELESC
4202537,Bom Jesus,SC,83855973000130,DCELT
4202578,Bom Jesus do Oeste,SC,8336783000190,CELESC
4202602,Bom Retiro,SC,8336783000190,CELESC
4202453,Bombinhas,SC,8336783000190,CELESC
4202701,Botuverá,SC,8336783000190,CELESC
4202800,Braço do Norte,SC,86444163000189,CEGERO
4202859,Braço do Trombudo,SC,8336783000190,CELESC
4202875,Brunópolis,SC,8336783000190,CELESC
4202909,Brusque,SC,8336783000190,CELESC
4203105,Caibi,SC,8336783000190,CELESC
4203154,Calmon,SC,8336783000190,CELESC
4203204,Camboriú,SC,8336783000190,CELESC
4203303,Campo Alegre,SC,8336783000190,CELESC
4203402,Campo Belo do Sul,SC,8336783000190,CELESC
4203501,Campo Erê,SC,8336783000190,CELESC
4203600,Campos Novos,SC,8336783000190,CELESC
4203709,Canelinha,SC,8336783000190,CELESC
4203808,Canoinhas,SC,8336783000190,CELESC
4203907,Capinzal,SC,8336783000190,CELESC
4203956,Capivari de Baixo,SC,8336783000190,CELESC
4203253,Capão Alto,SC,8336783000190,CELESC
4204004,Catanduvas,SC,8336783000190,CELESC
4204103,Caxambu do Sul,SC,8336783000190,CELESC
4203006,Caçador,SC,8336783000190,CELESC
4204152,Celso Ramos,SC,8336783000190,CELESC
4204178,Cerro Negro,SC,8336783000190,CELESC
4204194,Chapadão do Lageado,SC,8336783000190,CELESC
4204202,Chapecó,SC,8336783000190,CELESC
4204251,Cocal do Sul,SC,86533346000170,CERMOFUL
4204301,Concórdia,SC,8336783000190,CELESC
4204350,Cordilheira Alta,SC,8336783000190,CELESC
4204400,Coronel Freitas,SC,8336783000190,CELESC
4204459,Coronel Martins,SC,8336783000190,CELESC
4204558,Correia Pinto,SC,8336783000190,CELESC
4204509,Corupá,SC,8336783000190,CELESC
4204608,Criciúma,SC,8336783000190,CELESC
4204707,Cunha Porã,SC,8336783000190,CELESC
4204756,Cunhataí,SC,9364804000144,Ceraçá
4204806,Curitibanos,SC,8336783000190,CELESC
4204905,Descanso,SC,8336783000190,CELESC
4205001,Dionísio Cerqueira,SC,8336783000190,CELESC
4205100,Dona Emma,SC,8336783000190,CELESC
4205159,Doutor Pedrinho,SC,8336783000190,CELESC
4205175,Entre Rios,SC,83855973000130,DCELT
4205191,Ermo,SC,8336783000190,CELESC
4205209,Erval Velho,SC,8336783000190,CELESC
4205308,Faxinal dos Guedes,SC,8336783000190,CELESC
4205357,Flor do Sertão,SC,8336783000190,CELESC
4205407,Florianópolis,SC,8336783000190,CELESC
4205431,Formosa do Sul,SC,8336783000190,CELESC
4205456,Forquilhinha,SC,86512670000102,CERSUL
4205506,Fraiburgo,SC,8336783000190,CELESC
4205555,Frei Rogério,SC,8336783000190,CELESC
4205605,Galvão,SC,8336783000190,CELESC
4205704,Garopaba,SC,8336783000190,CELESC
4205803,Garuva,SC,8336783000190,CELESC
4205902,Gaspar,SC,8336783000190,CELESC
4206009,Governador Celso Ramos,SC,8336783000190,CELESC
4206207,Gravatal,SC,78829843000192,COOPERZEM
4206108,Grão Pará,SC,86433042000131,CERBRANORTE
4206306,Guabiruba,SC,8336783000190,CELESC
4206405,Guaraciaba,SC,8336783000190,CELESC
4206504,Guaramirim,SC,8336783000190,CELESC
4206603,Guarujá do Sul,SC,8336783000190,CELESC
4206652,Guatambú,SC,8336783000190,CELESC
4206702,Herval D'Oeste,SC,8336783000190,CELESC
4206751,Ibiam,SC,8336783000190,CELESC
4206801,Ibicaré,SC,8336783000190,CELESC
4206900,Ibirama,SC,8336783000190,CELESC
4207106,Ilhota,SC,8336783000190,CELESC
4207205,Imaruí,SC,8336783000190,CELESC
4207304,Imbituba,SC,8336783000190,CELESC
4207403,Imbuia,SC,8336783000190,CELESC
4207502,Indaial,SC,8336783000190,CELESC
4207577,Iomerê,SC,8336783000190,CELESC
4207601,Ipira,SC,8336783000190,CELESC
4207650,Iporã do Oeste,SC,8336783000190,CELESC
4207684,Ipuaçu,SC,8336783000190,CELESC
4207700,Ipumirim,SC,8336783000190,CELESC
4207759,Iraceminha,SC,8336783000190,CELESC
4207809,Irani,SC,8336783000190,CELESC
4207858,Irati,SC,8336783000190,CELESC
4207908,Irineópolis,SC,8336783000190,CELESC
4208104,Itaiópolis,SC,8336783000190,CELESC
4208203,Itajaí,SC,8336783000190,CELESC
4208302,Itapema,SC,8336783000190,CELESC
4208401,Itapiranga,SC,8336783000190,CELESC
4208450,Itapoá,SC,8336783000190,CELESC
4208500,Ituporanga,SC,8336783000190,CELESC
4208005,Itá,SC,8336783000190,CELESC
4207007,Içara,SC,8336783000190,CELESC
4208609,Jaborá,SC,8336783000190,CELESC
4208708,Jacinto Machado,SC,8336783000190,CELESC
4208807,Jaguaruna,SC,8336783000190,CELESC
4208906,Jaraguá do Sul,SC,8336783000190,CELESC
4208955,Jardinópolis,SC,8336783000190,CELESC
4209003,Joaçaba,SC,8336783000190,CELESC
4209102,Joinville,SC,8336783000190,CELESC
4209151,José Boiteux,SC,8336783000190,CELESC
4209177,Jupiá,SC,8336783000190,CELESC
4209201,Lacerdópolis,SC,8336783000190,CELESC
4209300,Lages,SC,8336783000190,CELESC
4209409,Laguna,SC,8336783000190,CELESC
4209458,Lajeado Grande,SC,83855973000130,DCELT
4209508,Laurentino,SC,8336783000190,CELESC
4209607,Lauro Muller,SC,8336783000190,CELESC
4209706,Lebon Régis,SC,8336783000190,CELESC
4209805,Leoberto Leal,SC,8336783000190,CELESC
4209854,Lindóia do Sul,SC,8336783000190,CELESC
4209904,Lontras,SC,8336783000190,CELESC
4210001,Luiz Alves,SC,8336783000190,CELESC
4210035,Luzerna,SC,8336783000190,CELESC
4210050,Macieira,SC,8336783000190,CELESC
4210100,Mafra,SC,8336783000190,CELESC
4210209,Major Gercino,SC,8336783000190,CELESC
4210308,Major Vieira,SC,8336783000190,CELESC
4210407,Maracajá,SC,8336783000190,CELESC
4210506,Maravilha,SC,8336783000190,CELESC
4210555,Marema,SC,83855973000130,DCELT
4210605,Massaranduba,SC,8336783000190,CELESC
4210704,Matos Costa,SC,8336783000190,CELESC
4210803,Meleiro,SC,86512670000102,CERSUL
4210852,Mirim Doce,SC,8336783000190,CELESC
4210902,Modelo,SC,8336783000190,CELESC
4211009,Mondaí,SC,8336783000190,CELESC
4211058,Monte Carlo,SC,8336783000190,CELESC
4211108,Monte Castelo,SC,8336783000190,CELESC
4211256,Morro Grande,SC,86512670000102,CERSUL
4211207,Morro da Fumaça,SC,8336783000190,CELESC
4211306,Navegantes,SC,8336783000190,CELESC
4211405,Nova Erechim,SC,8336783000190,CELESC
4211454,Nova Itaberaba,SC,8336783000190,CELESC
4211504,Nova Trento,SC,8336783000190,CELESC
4211603,Nova Veneza,SC,8336783000190,CELESC
4211652,Novo Horizonte,SC,8336783000190,CELESC
4211702,Orleans,SC,8336783000190,CELESC
4211751,Otacílio Costa,SC,8336783000190,CELESC
4211801,Ouro,SC,8336783000190,CELESC
4211850,Ouro Verde,SC,8336783000190,CELESC
4211876,Paial,SC,8336783000190,CELESC
4211892,Painel,SC,8336783000190,CELESC
4211900,Palhoça,SC,8336783000190,CELESC
4212007,Palma Sola,SC,8336783000190,CELESC
4212056,Palmeira,SC,8336783000190,CELESC
4212106,Palmitos,SC,8336783000190,CELESC
4212205,Papanduva,SC,8336783000190,CELESC
4212239,Paraíso,SC,8336783000190,CELESC
4212254,Passo de Torres,SC,8336783000190,CELESC
4212270,Passos Maia,SC,8336783000190,CELESC
4212304,Paulo Lopes,SC,85318640000105,CERPALO
4212403,Pedras Grandes,SC,8336783000190,CELESC
4212502,Penha,SC,8336783000190,CELESC
4212601,Peritiba,SC,8336783000190,CELESC
4212650,Pescaria Brava,SC,8336783000190,CELESC
4212700,Petrolândia,SC,8336783000190,CELESC
4212908,Pinhalzinho,SC,8336783000190,CELESC
4213005,Pinheiro Preto,SC,8336783000190,CELESC
4213104,Piratuba,SC,8336783000190,CELESC
4213153,Planalto Alegre,SC,8336783000190,CELESC
4213203,Pomerode,SC,8336783000190,CELESC
4213302,Ponte Alta,SC,8336783000190,CELESC
4213351,Ponte Alta do Norte,SC,8336783000190,CELESC
4213401,Ponte Serrada,SC,8336783000190,CELESC
4213500,Porto Belo,SC,8336783000190,CELESC
4213609,Porto União,SC,4368898000106,COPEL-DIS
4213708,Pouso Redondo,SC,8336783000190,CELESC
4213807,Praia Grande,SC,85665990000130,CEJAMA
4213906,Presidente Castello Branco,SC,8336783000190,CELESC
4214003,Presidente Getúlio,SC,8336783000190,CELESC
4214102,Presidente Nereu,SC,8336783000190,CELESC
4214151,Princesa,SC,8336783000190,CELESC
4214201,Quilombo,SC,8336783000190,CELESC
4214300,Rancho Queimado,SC,8336783000190,CELESC
4214904,Rio Fortuna,SC,86433042000131,CERBRANORTE
4215000,Rio Negrinho,SC,8336783000190,CELESC
4215059,Rio Rufino,SC,8336783000190,CELESC
4214409,Rio das Antas,SC,8336783000190,CELESC
4214508,Rio do Campo,SC,8336783000190,CELESC
4214607,Rio do Oeste,SC,8336783000190,CELESC
4214805,Rio do Sul,SC,8336783000190,CELESC
4214706,Rio dos Cedros,SC,8336783000190,CELESC
4215075,Riqueza,SC,8336783000190,CELESC
4215109,Rodeio,SC,8336783000190,CELESC
4215208,Romelândia,SC,8336783000190,CELESC
4215307,Salete,SC,8336783000190,CELESC
4215356,Saltinho,SC,8336783000190,CELESC
4215406,Salto Veloso,SC,8336783000190,CELESC
4215455,Sangão,SC,8336783000190,CELESC
4215505,Santa Cecília,SC,8336783000190,CELESC
4215554,Santa Helena,SC,8336783000190,CELESC
4215604,Santa Rosa de Lima,SC,86433042000131,CERBRANORTE
4215653,Santa Rosa do Sul,SC,8336783000190,CELESC
4215679,Santa Terezinha,SC,8336783000190,CELESC
4215687,Santa Terezinha do Progresso,SC,8336783000190,CELESC
4215695,Santiago do Sul,SC,8336783000190,CELESC
4215703,Santo Amaro da Imperatriz,SC,8336783000190,CELESC
4217303,Saudades,SC,8336783000190,CELESC
4217402,Schroeder,SC,8336783000190,CELESC
4217501,Seara,SC,8336783000190,CELESC
4217550,Serra Alta,SC,8336783000190,CELESC
4217600,Siderópolis,SC,76583962000182,CERTREL
4217709,Sombrio,SC,8336783000190,CELESC
4217758,Sul Brasil,SC,8336783000190,CELESC
4215802,São Bento do Sul,SC,8336783000190,CELESC
4215752,São Bernardino,SC,8336783000190,CELESC
4215901,São Bonifácio,SC,78829843000192,COOPERZEM
4216008,São Carlos,SC,8336783000190,CELESC
4216057,São Cristovão do Sul,SC,8336783000190,CELESC
4216107,São Domingos,SC,8336783000190,CELESC
4216206,São Francisco do Sul,SC,8336783000190,CELESC
4216503,São Joaquim,SC,8336783000190,CELESC
4216602,São José,SC,8336783000190,CELESC
4216701,São José do Cedro,SC,8336783000190,CELESC
4216800,São José do Cerrito,SC,8336783000190,CELESC
4216305,São João Batista,SC,8336783000190,CELESC
4216354,São João do Itaperiú,SC,8336783000190,CELESC
4216255,São João do Oeste,SC,8336783000190,CELESC
4216404,São João do Sul,SC,8336783000190,CELESC
4216909,São Lourenço do Oeste,SC,8336783000190,CELESC
4217006,São Ludgero,SC,86444163000189,CEGERO
4217105,São Martinho,SC,78829843000192,COOPERZEM
4217154,São Miguel da Boa Vista,SC,8336783000190,CELESC
4217204,São Miguel do Oeste,SC,8336783000190,CELESC
4217253,São Pedro de Alcântara,SC,8336783000190,CELESC
4217808,Taió,SC,8336783000190,CELESC
4217907,Tangará,SC,8336783000190,CELESC
4217956,Tigrinhos,SC,8336783000190,CELESC
4218004,Tijucas,SC,8336783000190,CELESC
4218103,Timbé do Sul,SC,86512670000102,CERSUL
4218202,Timbó,SC,8336783000190,CELESC
4218251,Timbó Grande,SC,8336783000190,CELESC
4218350,Treviso,SC,76583962000182,CERTREL
4218509,Treze Tílias,SC,8336783000190,CELESC
4218400,Treze de Maio,SC,8336783000190,CELESC
4218608,Trombudo Central,SC,8336783000190,CELESC
4218301,Três Barras,SC,8336783000190,CELESC
4218707,Tubarão,SC,8336783000190,CELESC
4218756,Tunápolis,SC,8336783000190,CELESC
4218806,Turvo,SC,8336783000190,CELESC
4218855,União do Oeste,SC,8336783000190,CELESC
4218905,Urubici,SC,8336783000190,CELESC
4218954,Urupema,SC,8336783000190,CELESC
4219002,Urussanga,SC,86533346000170,CERMOFUL
4219150,Vargem,SC,8336783000190,CELESC
4219176,Vargem Bonita,SC,8336783000190,CELESC
4219101,Vargeão,SC,8336783000190,CELESC
4219200,Vidal Ramos,SC,8336783000190,CELESC
4219309,Videira,SC,8336783000190,CELESC
4219358,Vitor Meireles,SC,8336783000190,CELESC
4219408,Witmarsum,SC,8336783000190,CELESC
4219507,Xanxerê,SC,83855973000130,DCELT
4219606,Xavantina,SC,8336783000190,CELESC
4219705,Xaxim,SC,83855973000130,DCELT
4219853,Zortéa,SC,8336783000190,CELESC
4200408,Água Doce,SC,8336783000190,CELESC
4200556,Águas Frias,SC,8336783000190,CELESC
4200606,Águas Mornas,SC,8336783000190,CELESC
4200507,Águas de Chapecó,SC,8336783000190,CELESC
2800100,Amparo de São Francisco,SE,13017462000163,ESE
2800209,Aquidabã,SE,13017462000163,ESE
2800308,Aracaju,SE,13017462000163,ESE
2800407,Arauá,SE,13255658000196,SULGIPE
2800506,Areia Branca,SE,13017462000163,ESE
2800605,Barra dos Coqueiros,SE,13017462000163,ESE
2800670,Boquim,SE,13255658000196,SULGIPE
2800704,Brejo Grande,SE,13017462000163,ESE
2801009,Campo do Brito,SE,13017462000163,ESE
2801108,Canhoba,SE,13017462000163,ESE
2801207,Canindé de São Francisco,SE,13017462000163,ESE
2801306,Capela,SE,13017462000163,ESE
2801405,Carira,SE,13017462000163,ESE
2801504,Carmópolis,SE,13017462000163,ESE
2801603,Cedro de São João,SE,13017462000163,ESE
2801702,Cristinápolis,SE,13255658000196,SULGIPE
2801900,Cumbe,SE,13017462000163,ESE
2802007,Divina Pastora,SE,13017462000163,ESE
2802106,Estância,SE,13255658000196,SULGIPE
2802205,Feira Nova,SE,13017462000163,ESE
2802304,Frei Paulo,SE,13017462000163,ESE
2802403,Gararu,SE,13017462000163,ESE
2802502,General Maynard,SE,13017462000163,ESE
2802601,Graccho Cardoso,SE,13017462000163,ESE
2802700,Ilha das Flores,SE,13017462000163,ESE
2802809,Indiaroba,SE,13255658000196,SULGIPE
2802908,Itabaiana,SE,13017462000163,ESE
2803005,Itabaianinha,SE,13255658000196,SULGIPE
2803104,Itabi,SE,13017462000163,ESE
2803203,Itaporanga D'Ajuda,SE,13017462000163,ESE
2803302,Japaratuba,SE,13017462000163,ESE
2803401,Japoatã,SE,13017462000163,ESE
2803500,Lagarto,SE,13017462000163,ESE
2803609,Laranjeiras,SE,13017462000163,ESE
2803708,Macambira,SE,13017462000163,ESE
2803807,Malhada dos Bois,SE,13017462000163,ESE
2803906,Malhador,SE,13017462000163,ESE
2804003,Maruim,SE,13017462000163,ESE
2804102,Moita Bonita,SE,13017462000163,ESE
2804201,Monte Alegre de Sergipe,SE,13017462000163,ESE
2804300,Muribeca,SE,13017462000163,ESE
2804409,Neópolis,SE,13017462000163,ESE
2804458,Nossa Senhora Aparecida,SE,13017462000163,ESE
2804508,Nossa Senhora da Glória,SE,13017462000163,ESE
2804607,Nossa Senhora das Dores,SE,13017462000163,ESE
2804706,Nossa Senhora de Lourdes,SE,13017462000163,ESE
2804805,Nossa Senhora do Socorro,SE,13017462000163,ESE
2804904,Pacatuba,SE,13017462000163,ESE
2805000,Pedra Mole,SE,13017462000163,ESE
2805109,Pedrinhas,SE,13255658000196,SULGIPE
2805208,Pinhão,SE,13017462000163,ESE
2805307,Pirambu,SE,13017462000163,ESE
2805604,Porto da Folha,SE,13017462000163,ESE
2805406,Poço Redondo,SE,13017462000163,ESE
2805505,Poço Verde,SE,13017462000163,ESE
2805703,Propriá,SE,13017462000163,ESE
2805901,Riachuelo,SE,13017462000163,ESE
2805802,Riachão do Dantas,SE,13255658000196,SULGIPE
2806008,Ribeirópolis,SE,13017462000163,ESE
2806107,Rosário do Catete,SE,13017462000163,ESE
2806206,Salgado,SE,13017462000163,ESE
2806305,Santa Luzia do Itanhy,SE,13255658000196,SULGIPE
2806503,Santa Rosa de Lima,SE,13017462000163,ESE
2806404,Santana do São Francisco,SE,13017462000163,ESE
2806602,Santo Amaro das Brotas,SE,13017462000163,ESE
2807105,Simão Dias,SE,13017462000163,ESE
2807204,Siriri,SE,13017462000163,ESE
2806701,São Cristóvão,SE,13017462000163,ESE
2806800,São Domingos,SE,13017462000163,ESE
2806909,São Francisco,SE,13017462000163,ESE
2807006,São Miguel do Aleixo,SE,13017462000163,ESE
2807303,Telha,SE,13017462000163,ESE
2807402,Tobias Barreto,SE,13255658000196,SULGIPE
2807501,Tomar do Geru,SE,13255658000196,SULGIPE
2807600,Umbaúba,SE,13255658000196,SULGIPE
3500105,Adamantina,SP,7282377000120,ESS
3500204,Adolfo,SP,61416244000144,CNEE
3500303,Aguaí,SP,2328280000197,ELEKTRO
3500709,Agudos,SP,33050196000188,CPFL-PAULISTA
3500758,Alambari,SP,60855608000120,CPFL SUL PAULIST
3500808,Alfredo Marcondes,SP,7282377000120,ESS
3500907,Altair,SP,33050196000188,CPFL-PAULISTA
3501004,Altinópolis,SP,33050196000188,CPFL-PAULISTA
3501103,Alto Alegre,SP,33050196000188,CPFL-PAULISTA
3501152,Alumínio,SP,4172213000151,CPFL-PIRATINING
3501509,Alvinlândia,SP,33050196000188,CPFL-PAULISTA
3501608,Americana,SP,33050196000188,CPFL-PAULISTA
3501905,Amparo,SP,33050196000188,CPFL-PAULISTA
3501707,Américo Brasiliense,SP,33050196000188,CPFL-PAULISTA
3501806,Américo de Campos,SP,2328280000197,ELEKTRO
3502002,Analândia,SP,33050196000188,CPFL-PAULISTA
3502101,Andradina,SP,2328280000197,ELEKTRO
3502200,Angatuba,SP,2328280000197,ELEKTRO
3502309,Anhembi,SP,2328280000197,ELEKTRO
3502408,Anhumas,SP,2328280000197,ELEKTRO
3502507,Aparecida,SP,2302100000106,EDP SP
3502606,Aparecida D'Oeste,SP,2328280000197,ELEKTRO
3502705,Apiaí,SP,2328280000197,ELEKTRO
3503000,Aramina,SP,33050196000188,CPFL-PAULISTA
3503109,Arandu,SP,53859112000169,CPFL JAGUARI
3503158,Arapeí,SP,2328280000197,ELEKTRO
3503208,Araraquara,SP,33050196000188,CPFL-PAULISTA
3503307,Araras,SP,2328280000197,ELEKTRO
3502754,Araçariguama,SP,4172213000151,CPFL-PIRATINING
3502804,Araçatuba,SP,33050196000188,CPFL-PAULISTA
3502903,Araçoiaba da Serra,SP,4172213000151,CPFL-PIRATINING
3503356,Arco-Íris,SP,7297359000111,EDEVP
3503406,Arealva,SP,33050196000188,CPFL-PAULISTA
3503505,Areias,SP,2328280000197,ELEKTRO
3503604,Areiópolis,SP,33050196000188,CPFL-PAULISTA
3503703,Ariranha,SP,33050196000188,CPFL-PAULISTA
3503802,Artur Nogueira,SP,2328280000197,ELEKTRO
3503901,Arujá,SP,2328280000197,ELEKTRO
3503950,Aspásia,SP,2328280000197,ELEKTRO
3504008,Assis,SP,7297359000111,EDEVP
3504107,Atibaia,SP,2328280000197,ELEKTRO
3504206,Auriflama,SP,2328280000197,ELEKTRO
3504404,Avanhandava,SP,33050196000188,CPFL-PAULISTA
3504503,Avaré,SP,53859112000169,CPFL JAGUARI
3504305,Avaí,SP,33050196000188,CPFL-PAULISTA
3504602,Bady Bassitt,SP,33050196000188,CPFL-PAULISTA
3504701,Balbinos,SP,33050196000188,CPFL-PAULISTA
3504909,Bananal,SP,2328280000197,ELEKTRO
3505104,Barbosa,SP,33050196000188,CPFL-PAULISTA
3505203,Bariri,SP,33050196000188,CPFL-PAULISTA
3505302,Barra Bonita,SP,33050196000188,CPFL-PAULISTA
3505351,Barra do Chapéu,SP,2328280000197,ELEKTRO
3505401,Barra do Turvo,SP,2328280000197,ELEKTRO
3505500,Barretos,SP,33050196000188,CPFL-PAULISTA
3505609,Barrinha,SP,33050196000188,CPFL-PAULISTA
3505708,Barueri,SP,61695227000193,ELETROPAULO
3505005,Barão de Antonina,SP,2328280000197,ELEKTRO
3505807,Bastos,SP,7297359000111,EDEVP
3505906,Batatais,SP,33050196000188,CPFL-PAULISTA
3506003,Bauru,SP,33050196000188,CPFL-PAULISTA
3506102,Bebedouro,SP,33050196000188,CPFL-PAULISTA
3506201,Bento de Abreu,SP,33050196000188,CPFL-PAULISTA
3506300,Bernardino de Campos,SP,61116265000144,CPFL SANTA CRUZ
3506359,Bertioga,SP,2328280000197,ELEKTRO
3506409,Bilac,SP,33050196000188,CPFL-PAULISTA
3506508,Birigui,SP,33050196000188,CPFL-PAULISTA
3506607,Biritiba-Mirim,SP,2302100000106,EDP SP
3506706,Boa Esperança do Sul,SP,33050196000188,CPFL-PAULISTA
3506805,Bocaina,SP,33050196000188,CPFL-PAULISTA
3506904,Bofete,SP,33050196000188,CPFL-PAULISTA
3507001,Boituva,SP,4172213000151,CPFL-PIRATINING
3507100,Bom Jesus dos Perdões,SP,2328280000197,ELEKTRO
3507159,Bom Sucesso de Itararé,SP,2328280000197,ELEKTRO
3507308,Boracéia,SP,33050196000188,CPFL-PAULISTA
3507407,Borborema,SP,61416244000144,CNEE
3507456,Borebi,SP,33050196000188,CPFL-PAULISTA
3507209,Borá,SP,7297359000111,EDEVP
3507506,Botucatu,SP,33050196000188,CPFL-PAULISTA
3507605,Bragança Paulista,SP,7282377000120,ESS
3507704,Braúna,SP,33050196000188,CPFL-PAULISTA
3507753,Brejo Alegre,SP,33050196000188,CPFL-PAULISTA
3507803,Brodowski,SP,33050196000188,CPFL-PAULISTA
3507902,Brotas,SP,33050196000188,CPFL-PAULISTA
3508009,Buri,SP,2328280000197,ELEKTRO
3508108,Buritama,SP,2328280000197,ELEKTRO
3508207,Buritizal,SP,33050196000188,CPFL-PAULISTA
3504800,Bálsamo,SP,33050196000188,CPFL-PAULISTA
3508405,Cabreúva,SP,2328280000197,ELEKTRO
3508306,Cabrália Paulista,SP,33050196000188,CPFL-PAULISTA
3508603,Cachoeira Paulista,SP,2302100000106,EDP SP
3508702,Caconde,SP,61015582000174,CPFL LESTE PAULI
3508801,Cafelândia,SP,33050196000188,CPFL-PAULISTA
3508900,Caiabu,SP,7282377000120,ESS
3509007,Caieiras,SP,2328280000197,ELEKTRO
3509106,Caiuá,SP,7282377000120,ESS
3509205,Cajamar,SP,61695227000193,ELETROPAULO
3509254,Cajati,SP,2328280000197,ELEKTRO
3509304,Cajobi,SP,33050196000188,CPFL-PAULISTA
3509403,Cajuru,SP,33050196000188,CPFL-PAULISTA
3509452,Campina do Monte Alegre,SP,2328280000197,ELEKTRO
3509502,Campinas,SP,33050196000188,CPFL-PAULISTA
3509601,Campo Limpo Paulista,SP,4172213000151,CPFL-PIRATINING
3509809,Campos Novos Paulista,SP,33050196000188,CPFL-PAULISTA
3509700,Campos do Jordão,SP,2328280000197,ELEKTRO
3509908,Cananéia,SP,2328280000197,ELEKTRO
3509957,Canas,SP,2302100000106,EDP SP
3510153,Canitar,SP,53859112000169,CPFL JAGUARI
3510302,Capela do Alto,SP,4172213000151,CPFL-PIRATINING
3510401,Capivari,SP,33050196000188,CPFL-PAULISTA
3510203,Capão Bonito,SP,2328280000197,ELEKTRO
3510500,Caraguatatuba,SP,2302100000106,EDP SP
3510609,Carapicuíba,SP,61695227000193,ELETROPAULO
3510708,Cardoso,SP,2328280000197,ELEKTRO
3510807,Casa Branca,SP,61015582000174,CPFL LESTE PAULI
3511003,Castilho,SP,2328280000197,ELEKTRO
3511102,Catanduva,SP,7282377000120,ESS
3511201,Catiguá,SP,7282377000120,ESS
3508504,Caçapava,SP,2302100000106,EDP SP
3511300,Cedral,SP,33050196000188,CPFL-PAULISTA
3511409,Cerqueira César,SP,53859112000169,CPFL JAGUARI
3511508,Cerquilho,SP,2328280000197,ELEKTRO
3511607,Cesário Lange,SP,2328280000197,ELEKTRO
3511706,Charqueada,SP,33050196000188,CPFL-PAULISTA
3557204,Chavantes,SP,53859112000169,CPFL JAGUARI
3511904,Clementina,SP,33050196000188,CPFL-PAULISTA
3512001,Colina,SP,33050196000188,CPFL-PAULISTA
3512100,Colômbia,SP,33050196000188,CPFL-PAULISTA
3512209,Conchal,SP,2328280000197,ELEKTRO
3512308,Conchas,SP,2328280000197,ELEKTRO
3512407,Cordeirópolis,SP,2328280000197,ELEKTRO
3512506,Coroados,SP,33050196000188,CPFL-PAULISTA
3512605,Coronel Macedo,SP,2328280000197,ELEKTRO
3512704,Corumbataí,SP,2328280000197,ELEKTRO
3512902,Cosmorama,SP,2328280000197,ELEKTRO
3512803,Cosmópolis,SP,33050196000188,CPFL-PAULISTA
3513009,Cotia,SP,61695227000193,ELETROPAULO
3513108,Cravinhos,SP,33050196000188,CPFL-PAULISTA
3513207,Cristais Paulista,SP,33050196000188,CPFL-PAULISTA
3513405,Cruzeiro,SP,2302100000106,EDP SP
3513306,Cruzália,SP,7282377000120,ESS
3513504,Cubatão,SP,4172213000151,CPFL-PIRATINING
3513603,Cunha,SP,2328280000197,ELEKTRO
3510906,Cássia dos Coqueiros,SP,33050196000188,CPFL-PAULISTA
3510005,Cândido Mota,SP,7297359000111,EDEVP
3510104,Cândido Rodrigues,SP,33050196000188,CPFL-PAULISTA
3513702,Descalvado,SP,33050196000188,CPFL-PAULISTA
3513801,Diadema,SP,61695227000193,ELETROPAULO
3513850,Dirce Reis,SP,2328280000197,ELEKTRO
3513900,Divinolândia,SP,61015582000174,CPFL LESTE PAULI
3514007,Dobrada,SP,33050196000188,CPFL-PAULISTA
3514106,Dois Córregos,SP,33050196000188,CPFL-PAULISTA
3514205,Dolcinópolis,SP,2328280000197,ELEKTRO
3514304,Dourado,SP,33050196000188,CPFL-PAULISTA
3514403,Dracena,SP,2328280000197,ELEKTRO
3514502,Duartina,SP,33050196000188,CPFL-PAULISTA
3514601,Dumont,SP,33050196000188,CPFL-PAULISTA
3514700,Echaporã,SP,7297359000111,EDEVP
3514809,Eldorado,SP,2328280000197,ELEKTRO
3514908,Elias Fausto,SP,33050196000188,CPFL-PAULISTA
3514924,Elisiário,SP,7282377000120,ESS
3514957,Embaúba,SP,33050196000188,CPFL-PAULISTA
3515004,Embu das Artes,SP,61695227000193,ELETROPAULO
3515103,Embu-Guaçu,SP,61695227000193,ELETROPAULO
3515129,Emilianópolis,SP,7282377000120,ESS
3515152,Engenheiro Coelho,SP,2328280000197,ELEKTRO
3515186,Espírito Santo do Pinhal,SP,33050196000188,CPFL-PAULISTA
3515194,Espírito Santo do Turvo,SP,61116265000144,CPFL SANTA CRUZ
3557303,Estiva Gerbi,SP,2328280000197,ELEKTRO
3515202,Estrela D'Oeste,SP,2328280000197,ELEKTRO
3515301,Estrela do Norte,SP,2328280000197,ELEKTRO
3515350,Euclides da Cunha Paulista,SP,2328280000197,ELEKTRO
3515400,Fartura,SP,2328280000197,ELEKTRO
3515608,Fernando Prestes,SP,33050196000188,CPFL-PAULISTA
3515509,Fernandópolis,SP,2328280000197,ELEKTRO
3515657,Fernão,SP,33050196000188,CPFL-PAULISTA
3515707,Ferraz de Vasconcelos,SP,2302100000106,EDP SP
3515806,Flora Rica,SP,2328280000197,ELEKTRO
3515905,Floreal,SP,2328280000197,ELEKTRO
3516101,Florínea,SP,7297359000111,EDEVP
3516002,Flórida Paulista,SP,2328280000197,ELEKTRO
3516200,Franca,SP,33050196000188,CPFL-PAULISTA
3516309,Francisco Morato,SP,2328280000197,ELEKTRO
3516408,Franco da Rocha,SP,2328280000197,ELEKTRO
3516507,Gabriel Monteiro,SP,33050196000188,CPFL-PAULISTA
3516705,Garça,SP,33050196000188,CPFL-PAULISTA
3516804,Gastão Vidigal,SP,2328280000197,ELEKTRO
3516853,Gavião Peixoto,SP,33050196000188,CPFL-PAULISTA
3516903,General Salgado,SP,2328280000197,ELEKTRO
3517000,Getulina,SP,33050196000188,CPFL-PAULISTA
3517109,Glicério,SP,33050196000188,CPFL-PAULISTA
3517307,Guaimbê,SP,33050196000188,CPFL-PAULISTA
3517208,Guaiçara,SP,33050196000188,CPFL-PAULISTA
3517604,Guapiara,SP,2328280000197,ELEKTRO
3517505,Guapiaçu,SP,33050196000188,CPFL-PAULISTA
3517901,Guaraci,SP,33050196000188,CPFL-PAULISTA
3518008,Guarani D'Oeste,SP,2328280000197,ELEKTRO
3518107,Guarantã,SP,33050196000188,CPFL-PAULISTA
3518206,Guararapes,SP,33050196000188,CPFL-PAULISTA
3518305,Guararema,SP,2302100000106,EDP SP
3518404,Guaratinguetá,SP,2302100000106,EDP SP
3517802,Guaraçaí,SP,2328280000197,ELEKTRO
3518503,Guareí,SP,60855608000120,CPFL SUL PAULIST
3518602,Guariba,SP,33050196000188,CPFL-PAULISTA
3518701,Guarujá,SP,2328280000197,ELEKTRO
3518800,Guarulhos,SP,2302100000106,EDP SP
3517703,Guará,SP,33050196000188,CPFL-PAULISTA
3518859,Guatapará,SP,33050196000188,CPFL-PAULISTA
3517406,Guaíra,SP,33050196000188,CPFL-PAULISTA
3518909,Guzolândia,SP,2328280000197,ELEKTRO
3516606,Gália,SP,33050196000188,CPFL-PAULISTA
3519006,Herculândia,SP,33050196000188,CPFL-PAULISTA
3519055,Holambra,SP,52777034000190,CEMIRIM
3519071,Hortolândia,SP,33050196000188,CPFL-PAULISTA
3519105,Iacanga,SP,33050196000188,CPFL-PAULISTA
3519204,Iacri,SP,7297359000111,EDEVP
3519253,Iaras,SP,53859112000169,CPFL JAGUARI
3519303,Ibaté,SP,33050196000188,CPFL-PAULISTA
3519501,Ibirarema,SP,7297359000111,EDEVP
3519402,Ibirá,SP,33050196000188,CPFL-PAULISTA
3519600,Ibitinga,SP,33050196000188,CPFL-PAULISTA
3519709,Ibiúna,SP,4172213000151,CPFL-PIRATINING
3519808,Icém,SP,33050196000188,CPFL-PAULISTA
3519907,Iepê,SP,7297359000111,EDEVP
3520103,Igarapava,SP,33050196000188,CPFL-PAULISTA
3520202,Igaratá,SP,2328280000197,ELEKTRO
3520004,Igaraçu do Tietê,SP,33050196000188,CPFL-PAULISTA
3520301,Iguape,SP,2328280000197,ELEKTRO
3520426,Ilha Comprida,SP,2328280000197,ELEKTRO
3520442,Ilha Solteira,SP,2328280000197,ELEKTRO
3520400,Ilhabela,SP,2328280000197,ELEKTRO
3520509,Indaiatuba,SP,4172213000151,CPFL-PIRATINING
3520608,Indiana,SP,7282377000120,ESS
3520707,Indiaporã,SP,2328280000197,ELEKTRO
3520806,Inúbia Paulista,SP,7282377000120,ESS
3520905,Ipaussu,SP,53859112000169,CPFL JAGUARI
3521002,Iperó,SP,4172213000151,CPFL-PIRATINING
3521101,Ipeúna,SP,2328280000197,ELEKTRO
3521150,Ipiguá,SP,33050196000188,CPFL-PAULISTA
3521200,Iporanga,SP,2328280000197,ELEKTRO
3521309,Ipuã,SP,33050196000188,CPFL-PAULISTA
3521408,Iracemápolis,SP,2328280000197,ELEKTRO
3521606,Irapuru,SP,2328280000197,ELEKTRO
3521507,Irapuã,SP,61416244000144,CNEE
3521705,Itaberá,SP,2328280000197,ELEKTRO
3521903,Itajobi,SP,61416244000144,CNEE
3522000,Itaju,SP,33050196000188,CPFL-PAULISTA
3522109,Itanhaém,SP,2328280000197,ELEKTRO
3522208,Itapecerica da Serra,SP,61695227000193,ELETROPAULO
3522307,Itapetininga,SP,60855608000120,CPFL SUL PAULIST
3522406,Itapeva,SP,2328280000197,ELEKTRO
3522505,Itapevi,SP,61695227000193,ELETROPAULO
3522604,Itapira,SP,33050196000188,CPFL-PAULISTA
3522653,Itapirapuã Paulista,SP,2328280000197,ELEKTRO
3522802,Itaporanga,SP,2328280000197,ELEKTRO
3523008,Itapura,SP,2328280000197,ELEKTRO
3522901,Itapuí,SP,33050196000188,CPFL-PAULISTA
3523107,Itaquaquecetuba,SP,2302100000106,EDP SP
3523206,Itararé,SP,2328280000197,ELEKTRO
3523305,Itariri,SP,2328280000197,ELEKTRO
3523404,Itatiba,SP,33050196000188,CPFL-PAULISTA
3523503,Itatinga,SP,33050196000188,CPFL-PAULISTA
3521804,Itaí,SP,53859112000169,CPFL JAGUARI
3522158,Itaóca,SP,2328280000197,ELEKTRO
3523602,Itirapina,SP,2328280000197,ELEKTRO
3523701,Itirapuã,SP,33050196000188,CPFL-PAULISTA
3523800,Itobi,SP,61015582000174,CPFL LESTE PAULI
3523909,Itu,SP,4172213000151,CPFL-PIRATINING
3524006,Itupeva,SP,4172213000151,CPFL-PIRATINING
3524105,Ituverava,SP,33050196000188,CPFL-PAULISTA
3522703,Itápolis,SP,33050196000188,CPFL-PAULISTA
3524204,Jaborandi,SP,33050196000188,CPFL-PAULISTA
3524303,Jaboticabal,SP,33050196000188,CPFL-PAULISTA
3524402,Jacareí,SP,2302100000106,EDP SP
3524501,Jaci,SP,33050196000188,CPFL-PAULISTA
3524600,Jacupiranga,SP,2328280000197,ELEKTRO
3524709,Jaguariúna,SP,52777034000190,CEMIRIM
3524808,Jales,SP,2328280000197,ELEKTRO
3524907,Jambeiro,SP,2302100000106,EDP SP
3525003,Jandira,SP,61695227000193,ELETROPAULO
3525102,Jardinópolis,SP,33050196000188,CPFL-PAULISTA
3525201,Jarinu,SP,2328280000197,ELEKTRO
3525300,Jaú,SP,33050196000188,CPFL-PAULISTA
3525409,Jeriquara,SP,33050196000188,CPFL-PAULISTA
3525508,Joanópolis,SP,2328280000197,ELEKTRO
3525706,José Bonifácio,SP,33050196000188,CPFL-PAULISTA
3525607,João Ramalho,SP,7297359000111,EDEVP
3525854,Jumirim,SP,2328280000197,ELEKTRO
3525904,Jundiaí,SP,4172213000151,CPFL-PIRATINING
3526001,Junqueirópolis,SP,2328280000197,ELEKTRO
3526209,Juquitiba,SP,61695227000193,ELETROPAULO
3526100,Juquiá,SP,2328280000197,ELEKTRO
3525805,Júlio Mesquita,SP,33050196000188,CPFL-PAULISTA
3526308,Lagoinha,SP,2328280000197,ELEKTRO
3526407,Laranjal Paulista,SP,2328280000197,ELEKTRO
3526605,Lavrinhas,SP,2328280000197,ELEKTRO
3526506,Lavínia,SP,2328280000197,ELEKTRO
3526704,Leme,SP,2328280000197,ELEKTRO
3526803,Lençóis Paulista,SP,33050196000188,CPFL-PAULISTA
3526902,Limeira,SP,2328280000197,ELEKTRO
3527009,Lindóia,SP,33050196000188,CPFL-PAULISTA
3527108,Lins,SP,33050196000188,CPFL-PAULISTA
3527207,Lorena,SP,2302100000106,EDP SP
3527256,Lourdes,SP,2328280000197,ELEKTRO
3527306,Louveira,SP,4172213000151,CPFL-PIRATINING
3527504,Lucianópolis,SP,33050196000188,CPFL-PAULISTA
3527405,Lucélia,SP,7282377000120,ESS
3527702,Luiziânia,SP,33050196000188,CPFL-PAULISTA
3527801,Lupércio,SP,33050196000188,CPFL-PAULISTA
3527900,Lutécia,SP,7297359000111,EDEVP
3527603,Luís Antônio,SP,33050196000188,CPFL-PAULISTA
3528007,Macatuba,SP,33050196000188,CPFL-PAULISTA
3528106,Macaubal,SP,2328280000197,ELEKTRO
3528205,Macedônia,SP,2328280000197,ELEKTRO
3528304,Magda,SP,2328280000197,ELEKTRO
3528403,Mairinque,SP,4172213000151,CPFL-PIRATINING
3528502,Mairiporã,SP,2328280000197,ELEKTRO
3528601,Manduri,SP,53859112000169,CPFL JAGUARI
3528700,Marabá Paulista,SP,2328280000197,ELEKTRO
3528809,Maracaí,SP,7297359000111,EDEVP
3528858,Marapoama,SP,7282377000120,ESS
3529104,Marinópolis,SP,2328280000197,ELEKTRO
3528908,Mariápolis,SP,2328280000197,ELEKTRO
3529203,Martinópolis,SP,7282377000120,ESS
3529005,Marília,SP,33050196000188,CPFL-PAULISTA
3529302,Matão,SP,33050196000188,CPFL-PAULISTA
3529401,Mauá,SP,61695227000193,ELETROPAULO
3529500,Mendonça,SP,61416244000144,CNEE
3529609,Meridiano,SP,2328280000197,ELEKTRO
3529658,Mesópolis,SP,2328280000197,ELEKTRO
3529708,Miguelópolis,SP,33050196000188,CPFL-PAULISTA
3529807,Mineiros do Tietê,SP,33050196000188,CPFL-PAULISTA
3530003,Mira Estrela,SP,2328280000197,ELEKTRO
3529906,Miracatu,SP,2328280000197,ELEKTRO
3530102,Mirandópolis,SP,2328280000197,ELEKTRO
3530201,Mirante do Paranapanema,SP,2328280000197,ELEKTRO
3530300,Mirassol,SP,33050196000188,CPFL-PAULISTA
3530409,Mirassolândia,SP,33050196000188,CPFL-PAULISTA
3530508,Mococa,SP,52503802000118,CPFL MOCOCA
3530706,Mogi Guaçu,SP,2328280000197,ELEKTRO
3530805,Mogi Mirim,SP,2328280000197,ELEKTRO
3530607,Mogi das Cruzes,SP,2302100000106,EDP SP
3530904,Mombuca,SP,33050196000188,CPFL-PAULISTA
3531100,Mongaguá,SP,2328280000197,ELEKTRO
3531209,Monte Alegre do Sul,SP,33050196000188,CPFL-PAULISTA
3531308,Monte Alto,SP,33050196000188,CPFL-PAULISTA
3531407,Monte Aprazível,SP,33050196000188,CPFL-PAULISTA
3531506,Monte Azul Paulista,SP,33050196000188,CPFL-PAULISTA
3531605,Monte Castelo,SP,2328280000197,ELEKTRO
3531803,Monte Mor,SP,33050196000188,CPFL-PAULISTA
3531704,Monteiro Lobato,SP,2302100000106,EDP SP
3531001,Monções,SP,2328280000197,ELEKTRO
3531902,Morro Agudo,SP,33050196000188,CPFL-PAULISTA
3532009,Morungaba,SP,33050196000188,CPFL-PAULISTA
3532058,Motuca,SP,33050196000188,CPFL-PAULISTA
3532108,Murutinga do Sul,SP,2328280000197,ELEKTRO
3532157,Nantes,SP,7297359000111,EDEVP
3532207,Narandiba,SP,2328280000197,ELEKTRO
3532306,Natividade da Serra,SP,2328280000197,ELEKTRO
3532405,Nazaré Paulista,SP,2328280000197,ELEKTRO
3532504,Neves Paulista,SP,33050196000188,CPFL-PAULISTA
3532603,Nhandeara,SP,2328280000197,ELEKTRO
3532702,Nipoã,SP,2328280000197,ELEKTRO
3532801,Nova Aliança,SP,61416244000144,CNEE
3532827,Nova Campina,SP,2328280000197,ELEKTRO
3532843,Nova Canaã Paulista,SP,2328280000197,ELEKTRO
3532868,Nova Castilho,SP,2328280000197,ELEKTRO
3532900,Nova Europa,SP,33050196000188,CPFL-PAULISTA
3533007,Nova Granada,SP,33050196000188,CPFL-PAULISTA
3533106,Nova Guataporanga,SP,2328280000197,ELEKTRO
3533205,Nova Independência,SP,2328280000197,ELEKTRO
3533304,Nova Luzitânia,SP,2328280000197,ELEKTRO
3533403,Nova Odessa,SP,33050196000188,CPFL-PAULISTA
3533254,Novais,SP,61416244000144,CNEE
3533502,Novo Horizonte,SP,61416244000144,CNEE
3533601,Nuporanga,SP,33050196000188,CPFL-PAULISTA
3533700,Ocauçu,SP,33050196000188,CPFL-PAULISTA
3533908,Olímpia,SP,33050196000188,CPFL-PAULISTA
3534005,Onda Verde,SP,33050196000188,CPFL-PAULISTA
3534104,Oriente,SP,33050196000188,CPFL-PAULISTA
3534203,Orindiúva,SP,2328280000197,ELEKTRO
3534302,Orlândia,SP,33050196000188,CPFL-PAULISTA
3534401,Osasco,SP,61695227000193,ELETROPAULO
3534500,Oscar Bressane,SP,7297359000111,EDEVP
3534609,Osvaldo Cruz,SP,7282377000120,ESS
3534708,Ourinhos,SP,61116265000144,CPFL SANTA CRUZ
3534807,Ouro Verde,SP,2328280000197,ELEKTRO
3534757,Ouroeste,SP,2328280000197,ELEKTRO
3534906,Pacaembu,SP,2328280000197,ELEKTRO
3535002,Palestina,SP,33050196000188,CPFL-PAULISTA
3535101,Palmares Paulista,SP,33050196000188,CPFL-PAULISTA
3535200,Palmeira D'Oeste,SP,2328280000197,ELEKTRO
3535309,Palmital,SP,7297359000111,EDEVP
3535408,Panorama,SP,2328280000197,ELEKTRO
3535507,Paraguaçu Paulista,SP,7297359000111,EDEVP
3535606,Paraibuna,SP,2328280000197,ELEKTRO
3535804,Paranapanema,SP,61116265000144,CPFL SANTA CRUZ
3535903,Paranapuã,SP,2328280000197,ELEKTRO
3536000,Parapuã,SP,7282377000120,ESS
3535705,Paraíso,SP,33050196000188,CPFL-PAULISTA
3536109,Pardinho,SP,33050196000188,CPFL-PAULISTA
3536208,Pariquera-Açu,SP,2328280000197,ELEKTRO
3536257,Parisi,SP,2328280000197,ELEKTRO
3536307,Patrocínio Paulista,SP,33050196000188,CPFL-PAULISTA
3536406,Paulicéia,SP,2328280000197,ELEKTRO
3536570,Paulistânia,SP,33050196000188,CPFL-PAULISTA
3536604,Paulo de Faria,SP,2328280000197,ELEKTRO
3536505,Paulínia,SP,33050196000188,CPFL-PAULISTA
3536703,Pederneiras,SP,33050196000188,CPFL-PAULISTA
3536802,Pedra Bela,SP,60942281000123,EEB
3536901,Pedranópolis,SP,2328280000197,ELEKTRO
3537008,Pedregulho,SP,33050196000188,CPFL-PAULISTA
3537107,Pedreira,SP,53859112000169,CPFL JAGUARI
3537156,Pedrinhas Paulista,SP,7282377000120,ESS
3537206,Pedro de Toledo,SP,2328280000197,ELEKTRO
3537305,Penápolis,SP,33050196000188,CPFL-PAULISTA
3537404,Pereira Barreto,SP,2328280000197,ELEKTRO
3537503,Pereiras,SP,2328280000197,ELEKTRO
3537602,Peruíbe,SP,2328280000197,ELEKTRO
3537701,Piacatu,SP,33050196000188,CPFL-PAULISTA
3537800,Piedade,SP,2328280000197,ELEKTRO
3537909,Pilar do Sul,SP,2328280000197,ELEKTRO
3538006,Pindamonhangaba,SP,2302100000106,EDP SP
3538105,Pindorama,SP,33050196000188,CPFL-PAULISTA
3538204,Pinhalzinho,SP,60942281000123,EEB
3538303,Piquerobi,SP,7282377000120,ESS
3538501,Piquete,SP,2328280000197,ELEKTRO
3538600,Piracaia,SP,2328280000197,ELEKTRO
3538709,Piracicaba,SP,33050196000188,CPFL-PAULISTA
3538808,Piraju,SP,53859112000169,CPFL JAGUARI
3538907,Pirajuí,SP,33050196000188,CPFL-PAULISTA
3539004,Pirangi,SP,33050196000188,CPFL-PAULISTA
3539103,Pirapora do Bom Jesus,SP,61695227000193,ELETROPAULO
3539202,Pirapozinho,SP,2328280000197,ELEKTRO
3539301,Pirassununga,SP,2328280000197,ELEKTRO
3539400,Piratininga,SP,33050196000188,CPFL-PAULISTA
3539509,Pitangueiras,SP,33050196000188,CPFL-PAULISTA
3539608,Planalto,SP,2328280000197,ELEKTRO
3539707,Platina,SP,7297359000111,EDEVP
3539905,Poloni,SP,33050196000188,CPFL-PAULISTA
3540002,Pompéia,SP,33050196000188,CPFL-PAULISTA
3540101,Pongaí,SP,33050196000188,CPFL-PAULISTA
3540200,Pontal,SP,33050196000188,CPFL-PAULISTA
3540259,Pontalinda,SP,2328280000197,ELEKTRO
3540309,Pontes Gestal,SP,2328280000197,ELEKTRO
3540408,Populina,SP,2328280000197,ELEKTRO
3540507,Porangaba,SP,2328280000197,ELEKTRO
3540606,Porto Feliz,SP,4172213000151,CPFL-PIRATINING
3540705,Porto Ferreira,SP,2328280000197,ELEKTRO
3540754,Potim,SP,2302100000106,EDP SP
3540804,Potirendaba,SP,33050196000188,CPFL-PAULISTA
3539806,Poá,SP,2302100000106,EDP SP
3540853,Pracinha,SP,7282377000120,ESS
3540903,Pradópolis,SP,33050196000188,CPFL-PAULISTA
3541000,Praia Grande,SP,2328280000197,ELEKTRO
3541059,Pratânia,SP,33050196000188,CPFL-PAULISTA
3541109,Presidente Alves,SP,33050196000188,CPFL-PAULISTA
3541208,Presidente Bernardes,SP,7282377000120,ESS
3541307,Presidente Epitácio,SP,7282377000120,ESS
3541406,Presidente Prudente,SP,7282377000120,ESS
3541505,Presidente Venceslau,SP,7282377000120,ESS
3541604,Promissão,SP,33050196000188,CPFL-PAULISTA
3541653,Quadra,SP,2328280000197,ELEKTRO
3541703,Quatá,SP,7297359000111,EDEVP
3541802,Queiroz,SP,33050196000188,CPFL-PAULISTA
3541901,Queluz,SP,2328280000197,ELEKTRO
3542008,Quintana,SP,33050196000188,CPFL-PAULISTA
3542107,Rafard,SP,33050196000188,CPFL-PAULISTA
3542206,Rancharia,SP,7297359000111,EDEVP
3542305,Redenção da Serra,SP,2328280000197,ELEKTRO
3542404,Regente Feijó,SP,7282377000120,ESS
3542503,Reginópolis,SP,33050196000188,CPFL-PAULISTA
3542602,Registro,SP,2328280000197,ELEKTRO
3542701,Restinga,SP,33050196000188,CPFL-PAULISTA
3542800,Ribeira,SP,2328280000197,ELEKTRO
3542909,Ribeirão Bonito,SP,33050196000188,CPFL-PAULISTA
3543006,Ribeirão Branco,SP,2328280000197,ELEKTRO
3543105,Ribeirão Corrente,SP,33050196000188,CPFL-PAULISTA
3543253,Ribeirão Grande,SP,2328280000197,ELEKTRO
3543303,Ribeirão Pires,SP,61695227000193,ELETROPAULO
3543402,Ribeirão Preto,SP,33050196000188,CPFL-PAULISTA
3543204,Ribeirão do Sul,SP,7297359000111,EDEVP
3543238,Ribeirão dos Índios,SP,7282377000120,ESS
3543600,Rifaina,SP,33050196000188,CPFL-PAULISTA
3543709,Rincão,SP,33050196000188,CPFL-PAULISTA
3543808,Rinópolis,SP,7297359000111,EDEVP
3543907,Rio Claro,SP,2328280000197,ELEKTRO
3544103,Rio Grande da Serra,SP,61695227000193,ELETROPAULO
3544004,Rio das Pedras,SP,33050196000188,CPFL-PAULISTA
3544202,Riolândia,SP,2328280000197,ELEKTRO
3543501,Riversul,SP,2328280000197,ELEKTRO
3544251,Rosana,SP,2328280000197,ELEKTRO
3544301,Roseira,SP,2302100000106,EDP SP
3544509,Rubinéia,SP,2328280000197,ELEKTRO
3544400,Rubiácea,SP,33050196000188,CPFL-PAULISTA
3544608,Sabino,SP,33050196000188,CPFL-PAULISTA
3544707,Sagres,SP,7282377000120,ESS
3544806,Sales,SP,61416244000144,CNEE
3544905,Sales Oliveira,SP,33050196000188,CPFL-PAULISTA
3545001,Salesópolis,SP,2302100000106,EDP SP
3545100,Salmourão,SP,7282377000120,ESS
3545159,Saltinho,SP,33050196000188,CPFL-PAULISTA
3545209,Salto,SP,4172213000151,CPFL-PIRATINING
3545407,Salto Grande,SP,7297359000111,EDEVP
3545308,Salto de Pirapora,SP,4172213000151,CPFL-PIRATINING
3545506,Sandovalina,SP,2328280000197,ELEKTRO
3545605,Santa Adélia,SP,33050196000188,CPFL-PAULISTA
3545704,Santa Albertina,SP,2328280000197,ELEKTRO
3546009,Santa Branca,SP,2302100000106,EDP SP
3545803,Santa Bárbara D'Oeste,SP,33050196000188,CPFL-PAULISTA
3546108,Santa Clara D'Oeste,SP,2328280000197,ELEKTRO
3546207,Santa Cruz da Conceição,SP,2328280000197,ELEKTRO
3546256,Santa Cruz da Esperança,SP,33050196000188,CPFL-PAULISTA
3546306,Santa Cruz das Palmeiras,SP,2328280000197,ELEKTRO
3546405,Santa Cruz do Rio Pardo,SP,61116265000144,CPFL SANTA CRUZ
3546504,Santa Ernestina,SP,33050196000188,CPFL-PAULISTA
3546603,Santa Fé do Sul,SP,2328280000197,ELEKTRO
3546702,Santa Gertrudes,SP,2328280000197,ELEKTRO
3546801,Santa Isabel,SP,2328280000197,ELEKTRO
3546900,Santa Lúcia,SP,33050196000188,CPFL-PAULISTA
3547007,Santa Maria da Serra,SP,33050196000188,CPFL-PAULISTA
3547106,Santa Mercedes,SP,2328280000197,ELEKTRO
3547403,Santa Rita D'Oeste,SP,2328280000197,ELEKTRO
3547502,Santa Rita do Passa Quatro,SP,2328280000197,ELEKTRO
3547601,Santa Rosa de Viterbo,SP,33050196000188,CPFL-PAULISTA
3547650,Santa Salete,SP,2328280000197,ELEKTRO
3547205,Santana da Ponte Pensa,SP,2328280000197,ELEKTRO
3547304,Santana de Parnaíba,SP,61695227000193,ELETROPAULO
3547700,Santo Anastácio,SP,7282377000120,ESS
3547809,Santo André,SP,61695227000193,ELETROPAULO
3547908,Santo Antônio da Alegria,SP,33050196000188,CPFL-PAULISTA
3548005,Santo Antônio de Posse,SP,2328280000197,ELEKTRO
3548054,Santo Antônio do Aracanguá,SP,33050196000188,CPFL-PAULISTA
3548104,Santo Antônio do Jardim,SP,33050196000188,CPFL-PAULISTA
3548203,Santo Antônio do Pinhal,SP,2328280000197,ELEKTRO
3548302,Santo Expedito,SP,7282377000120,ESS
3548500,Santos,SP,4172213000151,CPFL-PIRATINING
3548401,Santópolis do Aguapeí,SP,33050196000188,CPFL-PAULISTA
3551108,Sarapuí,SP,60855608000120,CPFL SUL PAULIST
3551207,Sarutaiá,SP,53859112000169,CPFL JAGUARI
3551306,Sebastianópolis do Sul,SP,2328280000197,ELEKTRO
3551405,Serra Azul,SP,33050196000188,CPFL-PAULISTA
3551603,Serra Negra,SP,33050196000188,CPFL-PAULISTA
3551504,Serrana,SP,33050196000188,CPFL-PAULISTA
3551702,Sertãozinho,SP,33050196000188,CPFL-PAULISTA
3551801,Sete Barras,SP,2328280000197,ELEKTRO
3551900,Severínia,SP,33050196000188,CPFL-PAULISTA
3552007,Silveiras,SP,2328280000197,ELEKTRO
3552106,Socorro,SP,33050196000188,CPFL-PAULISTA
3552205,Sorocaba,SP,4172213000151,CPFL-PIRATINING
3552304,Sud Mennucci,SP,2328280000197,ELEKTRO
3552403,Sumaré,SP,33050196000188,CPFL-PAULISTA
3552502,Suzano,SP,2302100000106,EDP SP
3552551,Suzanápolis,SP,2328280000197,ELEKTRO
3548609,São Bento do Sapucaí,SP,2328280000197,ELEKTRO
3548708,São Bernardo do Campo,SP,61695227000193,ELETROPAULO
3548807,São Caetano do Sul,SP,61695227000193,ELETROPAULO
3548906,São Carlos,SP,33050196000188,CPFL-PAULISTA
3549003,São Francisco,SP,2328280000197,ELEKTRO
3549409,São Joaquim da Barra,SP,33050196000188,CPFL-PAULISTA
3549508,São José da Bela Vista,SP,33050196000188,CPFL-PAULISTA
3549607,São José do Barreiro,SP,2328280000197,ELEKTRO
3549706,São José do Rio Pardo,SP,61015582000174,CPFL LESTE PAULI
3549805,São José do Rio Preto,SP,33050196000188,CPFL-PAULISTA
3549904,São José dos Campos,SP,2302100000106,EDP SP
3549102,São João da Boa Vista,SP,2328280000197,ELEKTRO
3549201,São João das Duas Pontes,SP,2328280000197,ELEKTRO
3549250,São João de Iracema,SP,2328280000197,ELEKTRO
3549300,São João do Pau D'Alho,SP,2328280000197,ELEKTRO
3549953,São Lourenço da Serra,SP,61695227000193,ELETROPAULO
3550001,São Luiz do Paraitinga,SP,2328280000197,ELEKTRO
3550100,São Manuel,SP,33050196000188,CPFL-PAULISTA
3550209,São Miguel Arcanjo,SP,60855608000120,CPFL SUL PAULIST
3550308,São Paulo,SP,61695227000193,ELETROPAULO
3550407,São Pedro,SP,33050196000188,CPFL-PAULISTA
3550506,São Pedro do Turvo,SP,61116265000144,CPFL SANTA CRUZ
3550605,São Roque,SP,4172213000151,CPFL-PIRATINING
3550704,São Sebastião,SP,2302100000106,EDP SP
3550803,São Sebastião da Grama,SP,61015582000174,CPFL LESTE PAULI
3550902,São Simão,SP,33050196000188,CPFL-PAULISTA
3551009,São Vicente,SP,4172213000151,CPFL-PIRATINING
3552601,Tabapuã,SP,61416244000144,CNEE
3552700,Tabatinga,SP,33050196000188,CPFL-PAULISTA
3552809,Taboão da Serra,SP,61695227000193,ELETROPAULO
3552908,Taciba,SP,2328280000197,ELEKTRO
3553005,Taguaí,SP,53859112000169,CPFL JAGUARI
3553104,Taiaçu,SP,33050196000188,CPFL-PAULISTA
3553203,Taiúva,SP,33050196000188,CPFL-PAULISTA
3553302,Tambaú,SP,2328280000197,ELEKTRO
3553401,Tanabi,SP,33050196000188,CPFL-PAULISTA
3553609,Tapiratiba,SP,61015582000174,CPFL LESTE PAULI
3553500,Tapiraí,SP,2328280000197,ELEKTRO
3553658,Taquaral,SP,33050196000188,CPFL-PAULISTA
3553708,Taquaritinga,SP,33050196000188,CPFL-PAULISTA
3553807,Taquarituba,SP,53859112000169,CPFL JAGUARI
3553856,Taquarivaí,SP,2328280000197,ELEKTRO
3553906,Tarabai,SP,2328280000197,ELEKTRO
3553955,Tarumã,SP,7297359000111,EDEVP
3554003,Tatuí,SP,2328280000197,ELEKTRO
3554102,Taubaté,SP,2302100000106,EDP SP
3554201,Tejupá,SP,53859112000169,CPFL JAGUARI
3554300,Teodoro Sampaio,SP,2328280000197,ELEKTRO
3554409,Terra Roxa,SP,33050196000188,CPFL-PAULISTA
3554508,Tietê,SP,2328280000197,ELEKTRO
3554607,Timburi,SP,61116265000144,CPFL SANTA CRUZ
3554656,Torre de Pedra,SP,2328280000197,ELEKTRO
3554706,Torrinha,SP,33050196000188,CPFL-PAULISTA
3554755,Trabiju,SP,33050196000188,CPFL-PAULISTA
3554805,Tremembé,SP,2302100000106,EDP SP
3554904,Três Fronteiras,SP,2328280000197,ELEKTRO
3554953,Tuiuti,SP,60942281000123,EEB
3555109,Tupi Paulista,SP,2328280000197,ELEKTRO
3555000,Tupã,SP,7297359000111,EDEVP
3555208,Turiúba,SP,2328280000197,ELEKTRO
3555307,Turmalina,SP,2328280000197,ELEKTRO
3555356,Ubarana,SP,33050196000188,CPFL-PAULISTA
3555406,Ubatuba,SP,2328280000197,ELEKTRO
3555505,Ubirajara,SP,61116265000144,CPFL SANTA CRUZ
3555604,Uchoa,SP,33050196000188,CPFL-PAULISTA
3555703,União Paulista,SP,2328280000197,ELEKTRO
3555901,Uru,SP,33050196000188,CPFL-PAULISTA
3556008,Urupês,SP,61416244000144,CNEE
3555802,Urânia,SP,2328280000197,ELEKTRO
3556107,Valentim Gentil,SP,2328280000197,ELEKTRO
3556206,Valinhos,SP,33050196000188,CPFL-PAULISTA
3556305,Valparaíso,SP,33050196000188,CPFL-PAULISTA
3556354,Vargem,SP,7282377000120,ESS
3556453,Vargem Grande Paulista,SP,61695227000193,ELETROPAULO
3556404,Vargem Grande do Sul,SP,2328280000197,ELEKTRO
3556602,Vera Cruz,SP,33050196000188,CPFL-PAULISTA
3556701,Vinhedo,SP,4172213000151,CPFL-PIRATINING
3556800,Viradouro,SP,33050196000188,CPFL-PAULISTA
3556909,Vista Alegre do Alto,SP,33050196000188,CPFL-PAULISTA
3556958,Vitória Brasil,SP,2328280000197,ELEKTRO
3557006,Votorantim,SP,4172213000151,CPFL-PIRATINING
3557105,Votuporanga,SP,2328280000197,ELEKTRO
3556503,Várzea Paulista,SP,4172213000151,CPFL-PIRATINING
3557154,Zacarias,SP,2328280000197,ELEKTRO
3500402,Águas da Prata,SP,2328280000197,ELEKTRO
3500501,Águas de Lindóia,SP,33050196000188,CPFL-PAULISTA
3500550,Águas de Santa Bárbara,SP,53859112000169,CPFL JAGUARI
3500600,Águas de São Pedro,SP,33050196000188,CPFL-PAULISTA
3501202,Álvares Florence,SP,2328280000197,ELEKTRO
3501301,Álvares Machado,SP,7282377000120,ESS
3501400,Álvaro de Carvalho,SP,33050196000188,CPFL-PAULISTA
3533809,Óleo,SP,53859112000169,CPFL JAGUARI
1700251,Abreulândia,TO,25086034000171,ETO
1700301,Aguiarnópolis,TO,25086034000171,ETO
1700350,Aliança do Tocantins,TO,25086034000171,ETO
1700400,Almas,TO,25086034000171,ETO
1700707,Alvorada,TO,25086034000171,ETO
1701002,Ananás,TO,25086034000171,ETO
1701051,Angico,TO,25086034000171,ETO
1701101,Aparecida do Rio Negro,TO,25086034000171,ETO
1701309,Aragominas,TO,25086034000171,ETO
1701903,Araguacema,TO,25086034000171,ETO
1702158,Araguanã,TO,25086034000171,ETO
1702208,Araguatins,TO,25086034000171,ETO
1702000,Araguaçu,TO,25086034000171,ETO
1702109,Araguaína,TO,25086034000171,ETO
1702307,Arapoema,TO,25086034000171,ETO
1702406,Arraias,TO,25086034000171,ETO
1702554,Augustinópolis,TO,25086034000171,ETO
1702703,Aurora do Tocantins,TO,25086034000171,ETO
1702901,Axixá do Tocantins,TO,25086034000171,ETO
1703008,Babaçulândia,TO,25086034000171,ETO
1703057,Bandeirantes do Tocantins,TO,25086034000171,ETO
1703073,Barra do Ouro,TO,25086034000171,ETO
1703107,Barrolândia,TO,25086034000171,ETO
1703206,Bernardo Sayão,TO,25086034000171,ETO
1703305,Bom Jesus do Tocantins,TO,25086034000171,ETO
1703602,Brasilândia do Tocantins,TO,25086034000171,ETO
1703701,Brejinho de Nazaré,TO,25086034000171,ETO
1703800,Buriti do Tocantins,TO,25086034000171,ETO
1703826,Cachoeirinha,TO,25086034000171,ETO
1703842,Campos Lindos,TO,25086034000171,ETO
1703867,Cariri do Tocantins,TO,25086034000171,ETO
1703883,Carmolândia,TO,25086034000171,ETO
1703891,Carrasco Bonito,TO,25086034000171,ETO
1703909,Caseara,TO,25086034000171,ETO
1704105,Centenário,TO,25086034000171,ETO
1705102,Chapada da Natividade,TO,25086034000171,ETO
1704600,Chapada de Areia,TO,25086034000171,ETO
1705508,Colinas do Tocantins,TO,25086034000171,ETO
1716703,Colméia,TO,25086034000171,ETO
1705557,Combinado,TO,25086034000171,ETO
1705607,Conceição do Tocantins,TO,25086034000171,ETO
1706001,Couto de Magalhães,TO,25086034000171,ETO
1706100,Cristalândia,TO,25086034000171,ETO
1706258,Crixás do Tocantins,TO,25086034000171,ETO
1706506,Darcinópolis,TO,25086034000171,ETO
1707009,Dianópolis,TO,25086034000171,ETO
1707108,Divinópolis do Tocantins,TO,25086034000171,ETO
1707207,Dois Irmãos do Tocantins,TO,25086034000171,ETO
1707306,Dueré,TO,25086034000171,ETO
1707405,Esperantina,TO,25086034000171,ETO
1707652,Figueirópolis,TO,25086034000171,ETO
1707702,Filadélfia,TO,25086034000171,ETO
1708205,Formoso do Araguaia,TO,25086034000171,ETO
1707553,Fátima,TO,25086034000171,ETO
1708304,Goianorte,TO,25086034000171,ETO
1709005,Goiatins,TO,25086034000171,ETO
1709302,Guaraí,TO,25086034000171,ETO
1709500,Gurupi,TO,25086034000171,ETO
1709807,Ipueiras,TO,25086034000171,ETO
1710508,Itacajá,TO,25086034000171,ETO
1710706,Itaguatins,TO,25086034000171,ETO
1710904,Itapiratins,TO,25086034000171,ETO
1711100,Itaporã do Tocantins,TO,25086034000171,ETO
1711506,Jaú do Tocantins,TO,25086034000171,ETO
1711803,Juarina,TO,25086034000171,ETO
1711902,Lagoa da Confusão,TO,25086034000171,ETO
1711951,Lagoa do Tocantins,TO,25086034000171,ETO
1712009,Lajeado,TO,25086034000171,ETO
1712157,Lavandeira,TO,25086034000171,ETO
1712405,Lizarda,TO,25086034000171,ETO
1712454,Luzinópolis,TO,25086034000171,ETO
1712504,Marianópolis do Tocantins,TO,25086034000171,ETO
1712702,Mateiros,TO,25086034000171,ETO
1712801,Maurilândia do Tocantins,TO,25086034000171,ETO
1713205,Miracema do Tocantins,TO,25086034000171,ETO
1713304,Miranorte,TO,25086034000171,ETO
1713700,Monte Santo do Tocantins,TO,25086034000171,ETO
1713601,Monte do Carmo,TO,25086034000171,ETO
1713957,Muricilândia,TO,25086034000171,ETO
1714203,Natividade,TO,25086034000171,ETO
1714302,Nazaré,TO,25086034000171,ETO
1714880,Nova Olinda,TO,25086034000171,ETO
1715002,Nova Rosalândia,TO,25086034000171,ETO
1715101,Novo Acordo,TO,25086034000171,ETO
1715150,Novo Alegre,TO,25086034000171,ETO
1715259,Novo Jardim,TO,25086034000171,ETO
1715507,Oliveira de Fátima,TO,25086034000171,ETO
1721000,Palmas,TO,25086034000171,ETO
1715705,Palmeirante,TO,25086034000171,ETO
1713809,Palmeiras do Tocantins,TO,25086034000171,ETO
1715754,Palmeirópolis,TO,25086034000171,ETO
1716208,Paranã,TO,25086034000171,ETO
1716109,Paraíso do Tocantins,TO,25086034000171,ETO
1716307,Pau D'Arco,TO,25086034000171,ETO
1716505,Pedro Afonso,TO,25086034000171,ETO
1716604,Peixe,TO,25086034000171,ETO
1716653,Pequizeiro,TO,25086034000171,ETO
1717008,Pindorama do Tocantins,TO,25086034000171,ETO
1717206,Piraquê,TO,25086034000171,ETO
1717503,Pium,TO,25086034000171,ETO
1717800,Ponte Alta do Bom Jesus,TO,25086034000171,ETO
1717909,Ponte Alta do Tocantins,TO,25086034000171,ETO
1718006,Porto Alegre do Tocantins,TO,25086034000171,ETO
1718204,Porto Nacional,TO,25086034000171,ETO
1718303,Praia Norte,TO,25086034000171,ETO
1718402,Presidente Kennedy,TO,25086034000171,ETO
1718451,Pugmil,TO,25086034000171,ETO
1718501,Recursolândia,TO,25086034000171,ETO
1718550,Riachinho,TO,25086034000171,ETO
1718758,Rio Sono,TO,25086034000171,ETO
1718659,Rio da Conceição,TO,25086034000171,ETO
1718709,Rio dos Bois,TO,25086034000171,ETO
1718808,Sampaio,TO,25086034000171,ETO
1718840,Sandolândia,TO,25086034000171,ETO
1718865,Santa Fé do Araguaia,TO,25086034000171,ETO
1718881,Santa Maria do Tocantins,TO,25086034000171,ETO
1718899,Santa Rita do Tocantins,TO,25086034000171,ETO
1718907,Santa Rosa do Tocantins,TO,25086034000171,ETO
1719004,Santa Tereza do Tocantins,TO,25086034000171,ETO
1720002,Santa Terezinha do Tocantins,TO,25086034000171,ETO
1720655,Silvanópolis,TO,25086034000171,ETO
1720853,Sucupira,TO,25086034000171,ETO
1720101,São Bento do Tocantins,TO,25086034000171,ETO
1720150,São Félix do Tocantins,TO,25086034000171,ETO
1720200,São Miguel do Tocantins,TO,25086034000171,ETO
1720259,São Salvador do Tocantins,TO,25086034000171,ETO
1720309,São Sebastião do Tocantins,TO,25086034000171,ETO
1720499,São Valério da Natividade,TO,25086034000171,ETO
1720804,Sítio Novo do Tocantins,TO,25086034000171,ETO
1708254,Tabocão,TO,25086034000171,ETO
1720903,Taguatinga,TO,25086034000171,ETO
1720937,Taipas do Tocantins,TO,25086034000171,ETO
1720978,Talismã,TO,25086034000171,ETO
1721208,Tocantinópolis,TO,25086034000171,ETO
1721109,Tocantínia,TO,25086034000171,ETO
1721257,Tupirama,TO,25086034000171,ETO
1721307,Tupiratins,TO,25086034000171,ETO
1722081,Wanderlândia,TO,25086034000171,ETO
1722107,Xambioá,TO,25086034000171,ETO
